id,user_name,post_message,timestamp_post,num_like_post,num_comment_post,num_share_post,label
0,2167074723833126912,"Cần các bậc phụ huynh xã Ngũ Thái lên tiếng, không ngờ xã mình cũng nhận thịt nhiễm sán...
Cho các cháu Mầm non ăn uống thế này thật vô nhân tính!
VTV đăng tin rồi nhé các anh chị.",1584426000.0,45,15,8,1
1,7368497547812410368,KÊU GỌI ĂN CHAY CẦU NGUYỆN XIN CHÚA CỨU KHỎI DỊCH VIRUS CORONA,1581362736.0,979,39,138,1
2,-5754142625280308224,"Giàn khoan dầu khí gặp sự cố, chết người!

Giàn khoan dầu khí ngoài trời Vũng Tàu gặp sự cố, làm chết nhiều người. Được biết nguyên nhân gây ra sự cố này là do gặp phải khí độc bốc lên làm nhiều người ngạt khí.",1587041580.0,85,13,61,1
3,4177935308849652224,"Thuận Lợi có ca dương tính CV19 rồi đó, mọi người ở Đồng Xoài cẩn thận nhé. Cố gắng an toàn cho qua mùa dịch này cả nhà ơi...
Bình Phước ơi gắng lên!",1596449280.0,114,12,5,1
4,5540309800745996288,Sa Pa cho 9 người khách nước ngoài đi cùng chuyến bay với Nhung…,1583548080.0,166,4,21,1
5,7649993800071920640,Mọi người ra đường nhớ đeo khẩu trang nha. Đã có 2 trường hợp ở Phú Yên rồi nè.,1596949200.0,unknown,unknown,unknown,1
6,-4236764214323896832,"TIN CHẤN ĐỘNG , NHÂN LOẠI ĐƯỢC CỨU

100% người thử nghiệm thuốc chữa Virus corona thành công

Tôi hiện nay đang ở Mỹ và đang ăn tối với các bạn làm bác sĩ, tối nay, hàng loạt kênh truyền hình lớn của Mỹ (Fox News, ABC News,..) vừa công bố đợt thử nghiệm chữa trị cho người bênh virus corona đặt tỷ lệ 100% người lành bệnh.",1584717660.0,21,5,1 share,1
7,-3045551117236283904,Tin Đức Giáo hoàng Phanxicô và hai phụ tá được xét nghiệm dương tính với coronavirus!,1583140380.0,166,15,5,1
8,-931492864188107776,"Chất chlorine dioxide (còn gọi là ‘MMS’) không chỉ là chất có thể tiêu diệt tế bào ung thư, mà cũng có thể diệt sạch virus corona. Ông lớn dược phẩm muốn bạn không biết chuyện này :) ",1583237700.0,342,12,26,1
9,4293892320686232064,"Virus Corona là vũ khí sinh học?
Hiện nay có nhiều bằng chứng chỉ ra virus corona là nhân tạo tuy rất nhiều người còn chưa biết rõ về sự thật này...",1582507020.0,23,10,0,1
10,-5422169035344493568,"Có thể dùng thuốc trị sốt rét dự phòng COVID-19 nhé mọi người. Bác sĩ khuyến cáo nên trữ một ít thuốc này ở nhà, khi nào cảm thấy không khỏe, bất an là kịp thời uống mình tự xử lý luôn. Chứ chờ vào bệnh viện tình hình đỉnh dịch chắc chắn quá tải :)
Phải tự cứu mình thôi ace ạ.",1584656280.0,374,71,25,1
11,-8578563326025052160,Danh Hài Thúy Nga Qua Đời Để Lại Gia Tài Triệu Đô Tại Mỹ,1593485100.0,unknown,unknown,unknown,1
12,107031663370279008,"Quanh khu vực Xuân Mai mọi người cẩn trọng chú ý nhé.

Một trường hợp mắc dịch Corona ở Thanh Hoá ( Cầu Thiều - Triệu Sơ) đã đi chúc tết ở các nơi trong đó có Xuân Mai.

Tốc độ lây nhiễm cực kì nguy hiểm thì mọi người cũng biết rồi.

Gia đình được chúc tết chưa được nói rõ, ủ bệnh từ 1-14 ngày tuỳ theo sức đầy kháng của cơ thể. Tránh tụ tập nơi đông người để bảo vệ sức khoẻ cho mình cũng như gia đình và cộng đồng.

Thông tin chính xác của sở y tế hà nội. ",1589980200.0,unknown,unknown,unknown,1
13,-8099271833473701888,Có 2 người chết ở nhà máy giấy Lee & Man rùi. Nhưng báo chưa cập nhật thui,1583760600.0,181,22,11,1
14,-9222677872199538688,"BAN MUỐN MÌNH LÀ NGƯỜI SỐNG SÓT TRONG CON SỐ 90% SAU KHI ĐÃ BỊ NHIỄM VŨ HÁN THÌ HÃY LÀM ĐÚNG SAU ĐÂY.

Khi bạn biết mình bị lây nhiễm con Vũ Hán vì ho nhiều, đau ngực, khó thở, nhức đầu và tiêu chảy - người bị nóng sốt lâu không cảm thấy giảm thì hãy làm đúng sau đây:

(1) Uống thuốc Tylenol giúp hạ nhiệt và đắp khăn lạnh vào đầu. Tuyệt đối không sợ hãi, phải thật bình tĩnh vì sống chết có số mạng - mình cố gắng hết sức mình - càng sợ hãi về tâm lý thì cơ hội mình càng ít hy vọng hơn - nhớ thật kỹ là không gì sợ hãi khi nhiễm bệnh.

(2) Tự mình cách Iy với gia định, người thân - tìm một nơi thoáng mát nằm nghỉ ngơi - một nơi có cửa sổ đưa nhiều không khí vào

(3) Mỗi ngày uống nhiều nước cỡ 3 lít - 1 ly nước cam và cố gắng ăn đủ bữa. Cổ gắng ăn để cơ thể đủ sức chống lại Virus - nhịn đói rất nguy hại. Nếu khó ăn quá, ăn không nỗi thì uống 1 ly nước trà ẩm pha đường tạm thời.",1582534740.0,unknown,unknown,unknown,1
15,-1196254512357159936,"TIN NÓNG HỔI TIN VUI CHO CẢ NHÀ NHÉ. LÊN CẢ THỜI SỰ HÀN QUỐC RỒI. BÁC NÀO CHƯA KỊP MUA SÂM DÙNG GIÚP TĂNG ĐỀ KHÁNG CORONA,THÌ HÃY MUA SỚM ĐI AH... SÂM SẮP SẮP TĂNG GIÁ CHÓNG MẶT TV có nói trong tình hình dịch bệnh CORONA (코로나) hiện nay,tuy nhân sâm hàn quốc ko thể chữa khỏi bệnh nhưng lại có khả năng nâng cao sức đề kháng phòng chống bệnh ạ..và sâm tốt nhất là sâm vùng kumsan ( 금산) e vân bán cho mn lâu nay đó ạ. Ăn SÂM có thể đẩy lùi đc 25% về bệnh đường hô hấp và khoảng 69% về bệnh lây nhiễm Xem thêm",1581480186.0,6,,25,1
16,1233504436021932032,"Sài Gòn cũng đã có một khu vực bị cách ly ở đường Nguyễn Hiến Lê. Phường 13, quận Tân Bình. Mọi người nếu không thực sự có nhu cầu, nên hạn chế đi qua tuyến đường đó.",1581740400.0,147,46,26,1
17,2611131796942005760,Vatican xác nhận Đức Giáo hoàng Phanxicô và hai phụ tá xét nghiệm dương tính CV19.,1583072040.0,316,25,34,1
18,-8947054724791641088,"LỜI BÁC ĐAM .....! #Nghe_đi_để_biết_sợ
⭐Việt Nam ta có hơn 96 triệu dân nhưng chỉ có khoảng 4.000 máy thở đặt nội khí quản thôi. Trong khi đó Hà Nội 11 triệu dân chỉ có khoảng 300 cái.
- Dịch bùng ra 1 cái, chắc chắn VN sẽ bứt lên đua top 1 ngay.
- Không còn có chuyện nhà nước lo và ra viện đc tặng hoa nữa đâu
- Lúc này, đất nước chỉ cần bạn biết SỢ, thế là đủ ! Đừng nghĩ virus nó chừa bạn ra.
- Gương Châu Âu, Châu Mỹ... chủ quan chưa biết sợ vẫn còn nguyên đó !!!
- Tiền hôm nay ko kiếm thì mai kiếm... Nhưng mạng sống chỉ có “ 1 “
- Hãy ở nhà và thật hạn chế, khi có việc cần thiết mới ra đường mọi người ơi.
- Việt Nam mình còn nghèo lắm, cơ sở vật chất trang thiết bị còn thiếu thốn rất nhiều, còn thiếu khu cách li
- Vì vậy Ý thức của mỗi cá nhân khi dịch quay về hâm he sẽ góp phần chung tay đẩy lùi dịch Covid-19...
Ở nhà là yêu nước....
XIN ACE HÃY CHIA SẼ BÀI VIẾT NÀY",1596097080.0,348,59,453,1
19,-4754275936642500608,Vụ bắt cóc con nít thôn 5 nông Sơn sao k thấy ai nói gì hh,1586996520.0,unknown,unknown,unknown,1
20,6459018023478779904,"TIN VUI CHO NGƯỜI MỸ VÀ NHÂN LOẠI 😍 WE LOVE AMERICA ❤️ Ngài TT Trump viết lên trang Facebook của mình để Loan báo cho nhân loại tin vui ! “We are going to WIN, sooner rather than later!”... “Chúng tôi sẽ THẮNG, sớm hơn chúng tôi tưởng !” Tổng Thống Donald Trump vừa Loan báo tin mừng, HOA KỲ là Quốc Gia bào chế thuốc đặc trị và vaccine chống CoronaVirus NHANH NHẤT trên thế giới FDA chấp thuận cho dùng hai loại thuốc này để Trị liệu Plaquenil and Remdesivir Theo FDA, Whitehouse, TT TRUMP ➡Hôm thứ 2 FDA Mỹ đã chấp thuận sử dụng thuốc trị sốt rét, Lupus để trị CoronaVirus ➡theo lời DrThùy Trang , thử nghiệm tại phòng Lab riêng và khẳng định thuốc này chặn được cơn sốt của Vũ Hán. ➡Virus Vũ Hán khiến cơn sốt cao và virus dễ dàng xâm nhập phá hủy cơ quan hô hấp như phổi nhanh chóng , đó vậy chỉ cần loại thuốc nào đó chặn đứng được cơn sốt này thì kháng thể chúng ta đủ thời gian diệt Virus. ➡Plaquenil (Hydroxychloroquine) là loại thuốc có khả năng như chúng ta mong muốn và đã được FDA chấp thuận Kết hợp : Plaquenil (Hydroxychloroquine, HCQ) + Zinc ( Azithromycin Z-pack thuốc trụ sinh) hoàn toàn có thể chặn đứng CORONAVIRUS ✅Vậy thì khỏi lo lắng nữa - Nếu quý anh chị ở VN ai bị nhiễm Vũ Hán, tham khảo với bác sĩ để uống Plaquenil chặn sốt trong 4 ngày là sẽ hết bệnh. ✅Phải có toa bác sĩ. ✅Theo tình hình này dịch sẽ được chấm dứt sớm trong tháng 4/2020 💥 Báo cho quý anh chị biết là thuốc Plaquenil (Hydroxychloroquine) đang bị Trung Quốc hốt hàng - coi chừng khan hiếm hàng 💥Thuốc Plaquenil (Hydroxychloroquine) đang tăng giá online chóng mặt từ 20 đô thành 177 đô/hộp Mọi người yên tâm tin vui sẽ luôn cập nhật từng phút để lan tỏa cho cộng đồng sớm và bài viết sẽ luôn được cập nhật hình ảnh , link , tin khi bạn share sẽ được Automatic ! Mừng nhân loại sớm bình an. https://www.forbes.com/…/trump-says-fda-approved-anti-mal…/… Post có link báo chính thống. https://abc13.com/…/live-trump-says-fda-to-approve…/6027491/ Nguồn copy... Xem thêm",1584675551.0,19,3,47,1
21,-8994127762521150464,"DU KHÁCH TRUNG QUỐC ĐẦU TIÊN CHẾT VÌ VIRUS CORONA Ở ĐÀ NẴNG
==ĐÀ NẴNG, AN NAM==
Theo một số tin từ hiệp hội du lịch đà nẵng cho biết thì hôm qua nhân viên một khách sạn tại mỹ khê, đà nẵng phát hiện một du khách nam người tàu đã tử vong trong phòng nghi là bị dính vi khuẩn chết người corona.
Theo chị N là lễ tân khách sạn cho biết thì vị khách nam này khoảng 50 tuổi ở cùng phòng với 2 người khác, cách đây 2 ngày vị khách này có biểu hiện ho liên tục và sốt cao có đi xuống...",1580096700.0,unknown,unknown,unknown,1
22,-828327603080071936,"Thông tin mới nhất về COVID-19 Đà Lạt. Đà Lạt có 3 ca nhiễm COVID-19, trong đó 1 ca đã tử vong lúc 4h sáng nay, 2 ca còn lại đang được cách ly. Chính quyền đang lên danh sách những người tiếp xúc với 3 bệnh nhân đó. Dự tính số người tiếp xúc với bệnh nhân khoảng 500 người. Bệnh nhân tử vong bên đường Đa Phú, 2 bệnh nhân còn lại ở chợ Đà Lạt...",1585705500.0,144,27,8,1
23,7639697019491968000,"Tình hình ở BV An Phước có 6 người nghi nhiễm virus CORONA, đã bị nhốt cách ly",1579771920.0,unknown,unknown,unknown,1
24,6841361331252593664,"Mỹ An Tháp Mười Có 1 ca Nhiễm dịch ròi mọi người ơi

#toang",1584861720.0,unknown,unknown,unknown,1
25,3385640730373467136,"Cột sóng 5G phát tán Covid-19 gây chết người tại Anh!
Theo tin từ Nextdoor, nguồn gốc virus corona là từ dịch vụ 5G mới được triển khai ở Vũ Hán và người Anh cũng đang bắt đầu phá triệt những cột sóng 5G ở đây, tránh lây lan bệnh tật..",1586274720.0,100,13,2,1
26,-1298190701930251008,"Đồng Nai nhiều người nhiễm virus Corona, nguy cơ Đồng Nai biến thành ổ dịch nCoV/Covid 19",1581629640.0,15,7,0,1
27,1588505900203929088,Kỳ án HDH.đã tìm ra chứng cứ ngoại phạm cho HDH. Hải đi trả tiền cho bạn ở quoán cafe.nhân chứng là bạn HẢI và chủ quoán cafe,1589705231.0,253,119,4,1
28,-221724758444241984,"KHẨN CẤP: Hàng loạt trẻ em nhập viện vì ngộ độc thịt lợn có chứa thuốc an thần

Xét nghiệm ban đâu từ các trẻ nhập viện cho thấy các bé đều có dấu hiệu bị ngộ độc với chất
acepromazin, đây là chất có trong thuốc an thản thường được tiêm cho heo trước khi mỏ. Hiện đã
có 63 trẻ nhập viện trong tình trạng nguy hiếm, số lượng các trẻ nhập viện cấp cứu ngày một tăng
cao.",1507125840.0,unknown,unknown,unknown,1
29,3343565838580032000,"CHỦ ĐỘNG CHO CORONAVIRUS LÂY LAN

Chống xâm nhập thất bại, chính phủ các nước Anh, Đức ""chủ động cho dịch Covid-19 phát tán để tạo miễn dịch trong cộng đồng (vì con virus này không nguy hiểm).

Ảnh chụp màn hình từ báo.",1583918640.0,310,29,74,1
30,-831730631711926144,"Ngoài vụ ở Thái Nguyên tôi đã vạch trần hôm qua. Xin thông báo tiếp đến mọi người chuyện lãnh đạo huyện Yên Phong, Bắc Ninh cũng đang che giấu tình hình bệnh của nhân viên Samsung Bắc Ninh tên Xuân (người tự cách ly từ ngày 17/02 do có biểu hiện sốt cao, khó thở và ho sau khi tiếp xúc với ca nhiễm thứ 9). Bằng chứng là lãnh đạo huyện Yên Phong nói cơ sở y tế đã lấy máu bệnh nhân để xét nghiệm (trong khi thực ra phải lấy mẫu dịch ở đường hô hấp để xét nghiệm). ",1584754140.0,501,120,91,1
31,5852278835200189440,"Một trận chiến lịch sử. Toàn nước toàn dân Việt Nam hãy nhớ mốc 15-04-2020 thế giới chịu thua nhưng chúng ta đã thắng chiến thắng mốc lịch sử nầy rất quan trọng, cả thế giới đều phải kinh ngạc...",1586507820.0,20,10,0,1
32,-602626779738980864,"Con mụ Nguyễn H.N…, tạm trú Trúc Bạch, DƯƠNG TÍNH Covid-19. Hình như là con gái của Chủ tịch Thép Việt Ý.

Chắc tuần sau mã này giảm sàn cả tuần. Dân Việt tẩy chay Thép Việt Ý luôn. Con ... này đi Anh từ 15/2 sau đó từ Anh qua Ý (qua Milan) rồi transit qua Pháp về VN ngày 2/3. Khai báo ko trung thực để trốn cách ly. Đi tung tăng khắp HN: (Ẻm đã đi khai trương Uniqlo HN, đánh golf ở Skylake, nhà bạn zai ở Hapulico, họp lớp, thăm người quen... đủ cả rồi)...",1583510220.0,1243,329,128,1
33,3332426687098235904,"COVID-19 KHÔNG LÂY NHIỄM Ở BẮC KINH VÀ THƯỢNG HẢI

Ngày 26/3, vi-rút corona từ Vũ Hán đã lây lan toàn thế giới nhưng không lây nhiễm ở Bắc Kinh và Thượng Hải. ",1586779920.0,418,18,29,1
34,-4878386721833936896,"Ăn trứng, cúng bái, xua đuổi tà ma chống được dịch Corona. Tỉnh YueNan Trung Quốc vì sùng đạo nên tỷ lệ tử thấp hẳn. Đây là bí quyết từ sư thấy Đạt Ma Linh Phúc. Xin gửi đến các bạn. Nam mô.",1582025940.0,111,20,10,1
35,-5896774743999751168,"Đồ uống nóng chống lại virus Vũ Hán.

Thức uống nóng, nhiệt độ ấm hơn có thể bảo vệ mọi người khỏi virus Vũ Hán.",1586926500.0,298,10,28,1
36,2949245559479199232,"Ngày hôm qua gia đình mình có ra chợ Thới Bình, Cà Mau mua 1 bao gạo 50kg. Khi về nhà hạt gạo
vẫn trắng tinh. Để sau 1 đêm hạt gạo lại chuyển sang màu vàng. Hạt gạo rất dài, dài hơn hạt gạo
bình thường. Khi nấu cơm hạt gạo không nở ra giống gạo bình thường mà chỉ dẻo thôi. Chiều dài
bất thường .Đốt có mùi khét. Có thể đây là gạo giả.
Bà con lưu ý khi mua gạo về nấu cơm nhé. ",1499075340.0,unknown,unknown,unknown,1
37,-1219520846738450944,"Chuyến bay ""nhân đạo"" đưa người Ucraina về nước đã cất cánh, với ""sự tài trợ"" của VinGroup và thực hiện bởi Vietnam Airlines.
Thật ra chuyện này đã được mưu tính trước, muốn được lên máy bay đã phải ký thỏa thuận giữ bí mật về việc hành khách sau khi hạ cánh phải hoặc đăng bài cảm ơn hoặc hứa tiếp tục sử dụng dịch vụ của 2 doanh nghiệp này. Trên đời làm gì có bữa ăn miễn phí...",1585465320.0,602,96,76,1
38,-3731793674362771968,"Phó Chủ tịch Thường trực UBND TPHCM Lê Thanh Liêm nói rằng “…từ sáng tới giờ có tổng cộng hơn 43.000 ca, trong đó có hơn 100 ca tử vong, nâng số tử vong là hơn 1.000 ca…”.
Thông tin thực từ TPHCM. TPHCM đang ém dịch, giấu dịch. Video đã đăng đầy đủ đoạn hội thoại, cũng đã xác nhận tính xác thực.",1585559940.0,16,1 comment,0,1
39,-6161463847356101632,"Lô thuốc chữa bệnh viêm phổi Virus Vũ Hán đầu tiên xuất xưởng.

Công ty Moderna Therapeutics (Mỹ) đã thử nghiệm thành công trên người, đã được cấp phép và xuất xưởng vắc-xin chống virus Vũ Hán.",1584429600.0,227,14,45,1
40,280122812635518400,Toang rồi Hà Tĩnh ạ. Nghe nói em trai sốt cách ly nựa. Ai mà đi đám cưới ở tầng 1 BMC ngày 1-3 thì có lẹ tự giác đi kiểm tra cấy cho xã hội an toàn chơ một đám cưới mấy trăm khách xong còn về tiếp xúc với biết bao nhiêu ng nựa. Nhanh lắm…,1583244360.0,290,13,32,1
41,-888788768524743168,Vừa tới cô bán thuốc bảo các bác sĩ Thái Lan chế tạo ra được thuốc kháng sinh virut corona - nghe mừng hết lớn,1597452840.0,unknown,unknown,unknown,1
42,7279249745004783616,"CÒN 35 THẺ KHẢNG KHUẨN DIỆT VIRUS CORONA
Mình bán giá 280.000 đồng/thẻ. Nếu người mua với số lượng nhiều, mình sẽ giảm giá còn 250.000 đồng. SL có hạn thôi nên ai nhanh thì mình đưa, cũng lo cho sức khỏe mọi người hòa vốn thôi :)",1582455600.0,418,18,29,1
43,6480309731428421632,"Cả nhà ơi mẹ em vừa gọi bảo trên quê em có một bà chị đẻ con ra đứa bé đã biết nói, đứa bé có nói là nếu thế giới này, nhà nào không luộc trứng ăn thì sẽ chết hết, mỗi người ăn một quả trứng luộc sẽ thoát kiếp nạn này!",1580965140.0,unknown,unknown,unknown,1
44,-7748033686929755136,"Tóm tắt vụ án giết người, cướp tài sản bưu cục Cầu Voi
 Hung thủ bưu cục Cầu Voi
 - Đi xe máy.
 - Để tóc 2 mái.
 - Có quen nhân viên bưu cục.
 - Có cầm đồ.
 - Có thiếu nợ.
 Nhân chứng không biết mặt Hồ Duy Hải
 Vật chứng
 - Dao, thớt có vết máu, bị tiêu hủy không lý do.
 Vật chứng thay thế
 - Dao, thớt mua ngoài chợ.
 Vân tay
 - Không có dấu vân tay Hồ Duy Hải.
 Vết máu tại hiện trường
 - 4 tháng sau mới giám định, khi máu đã phân hủy, không xác định được kết quả.
 Với những căn cứ trên, có thể buộc tội Hồ Duy Hải được không?
 (Lời khai nhận tội của bị can, bị cáo không phải là cơ sở duy nhất để buộc tội mà phải phù hợp với những chứng cứ vật chất khác, mà ở đây cơ quan điều tra lạ không thu thập đủ để chứng minh Hồ Duy Hải thực hiện hành vi)

 Theo Facebook Hoàng Linh",1589168917.0,21,1,0,1
45,8743210475619751936,"Con Virus ""Covid-34"" ! 8 giờ ngày 2-3, bà Trang đi xe hơi cùng tài xế và bệnh nhân 38 đến ăn sáng ở phường Xuân Hòa, Long Khánh ăn sáng. Đồng Nai vừa thông báo, đã có thêm 7 người tại Long Khánh phải cách ly vì con virus doanh nhân mang tên ""Covid-34"".... ______ Lúc bị cách ly tại bệnh viện Bình Thuận, con virus chửi bới ekip, ra yêu sách đòi chuyển lên Chợ Rẫy, không muốn nằm ở tỉnh vì lý do hết sức c h ó đ ẻ là : ""Chị có tiền"". Sau khi bị khước từ, tối đó con virus này đã tìm cách bỏ trốn nhưng bất thành. Mà có phải chỉ thế thôi đâu, kể cả con dâu chị, đến khi bị yêu cầu cách ly cũng đã phản ứng mạnh mẽ, nhất quyết không đi, cho đến khi lực lượng chức năng làm việc với sếp cô thì cô mới đi. Cặp mẹ chồng nàng dâu nhà này tương quan đến lạ. ______ Cả nước đang gồng mình chống dịch nhưng con virus ấy lại xách vali đi du lịch cùng câu lạc bộ Doanh Nhân, sẵn tiện ship luôn virus về. Chưa hết, ngoài việc khai gian về lịch trình di chuyển, virus này còn cậy mối quan hệ từ trung ương để tác động đến bộ máy chính quyền ở Bình Thuận. Và chính lí do đó, ngày 11/03 anh Nguyễn Đức Hải Hùng, phó chánh thanh tra của UBND Tỉnh Bình Thuận ra văn bản yêu cầu Sở TTTT, Công An tỉnh xử lý các bài đăng Facebook những ai đưa tin rằng con virus ""Covid-34"" này tiếp xúc với hội doanh nhân Bình Thuận. Giờ thì người ra văn bản này cảm thấy ngu người chưa ? ______ Mỗi ngày trôi qua, chính phủ bay 1.000 tỷ chống dịch là nhẹ tưng như lông hồng, chưa kể thiệt hại về kinh tế của các ngành nghề bị liên đới. Có nghĩa là, với sự giàu có của chị, với số tài sản chị đang có, chỉ là một cái búng tay đối với xã hội này, chị đừng hăng và ngông nữa. Từ A, B và C ta có => nên bỏ tù chị Trang. _____ Như đã nói, dù bất cứ lý do gì, dù bất cứ hoàn cảnh nào, thì đất nước này không chấp nhận được những con người đem lợi ích cá nhân đặt lên trên cả vận mệnh của đất nước. Đã đến lúc con virus vô văn hoá, đại diện cho tầng lớp lố bịch phải chịu trách nhiệm trước pháp luật về những gì nó đã gây ra. Vote bỏ tù ! Xem thêm",1584359849.0,1700,1000,479,1
46,8709034254892902400,"Mọi người cẩn thận COVID-19 nhé, Bạc Liêu mình có ca ngủm rồi. đang ém ko (không) cho công bố, ghê chưa!",1584353280.0,375,29,62,1
47,1526327976767577088,"Tin từ Phó Chủ Tịch UBND TPHCM Lê Thanh Liêm.
TP Hồ Chí Minh mắc 43000 ca Covid-19, tử vong hơn 1000 ca. ",1585560060.0,13,5,0,1
48,2062336600734168064,"COV-19 về đến hồng lĩnh rồi bà con ơi, Hiện đang cách ly mười mấy người ở trường lái hồng lĩnh. Bà con hạn chế đi lại nhé",1583656440.0,245,30,24,1
49,-329009097492086208,Người Hàn Quốc chết bên vệ đường ở Bắc Ninh do Covid-19.,1582744560.0,17,2,0,1
50,-7565197052389268480,"Từ ngày có dịch virus,Anh xã nhà e chưa bao giờ lên tiếng hoặc nói về dịch này Hnay xem tin tức của 1 Trường Đại học lớn ở bên Ấn Độ,chuyên nghiên cứu về các loại virus đã nghiên cứu ra loại virus từ đâu mà có.Thật sự là ko muốn tin và mong là ko phải sự thật Virus này ko phải là 1 loại virus cảm cúm,hoặc như H5n1 hoặc đơn giản các dịch khác,hoặc do tự nhiên mà có Nghiên cứu cho thấy,virus có cấu trúc giống của HIV,căn bệnh thế kỷ,và nếu ai bị nhiễm phải cúm này có thể khỏi n...hưng sẽ lại bị nhiễm tái lại,hiện tại chưa có thuốc chữa dc virus này,là do con người nghiên cứu ra và bị phát tán tại trung quốc. Chỉ cân 1 giọt nhỏ vào nước và xịt ra không khí là người quanh đó bị nhiễm dần dần rồi Ai mà bị ở Việt Nam,Mà bao chữa khỏi rồi thì cũng nên cách li cho bản thân và mọi ng xug quanh nhé,nó kinh khủng lắm ạ Ko dám ra khỏi nhà nữa luôn,mặc dù đã phòng bị đủ thứ trên người,ko đùa và mạnh miệng được điều gì đâu ạ Thực sự ko thể chủ quan được đâu,mọi người hạn chế được việc gì thì hạn chế nhé! E ko dám đăng tin tức linh tinh đâu,nhưng đây là tin tức xác thực,e sẽ tải video lên cho mọi ng xem Xem thêm",1581046381.0,88,19,28,1
51,6579077685603575808,Lô thuốc đầu  tiên chữa khỏi bệnh viêm phổi virus corona đã được cấp phép và xuất xưởng.,1584542160.0,12,1 comment,0,1
52,6123780318746816512,"Tại Vũ Hán một gia tộc hơn 70 người không ai bị nhiễm Covid 19 nhờ:
1. Sử dụng nước ấm để uống và có chất kháng khuẩn tăng sức đề kháng
2. Giữ cho cổ họng không bị khô và thường xuyên xúc miệng bằng nước muối (vì covid 19 thường ở trong cổ họng 4-5 ngày mới phát tán)",1585597620.0,77,12,8,1
53,3797942938769046016,"Đêm nay nhà nước mình phun thuốc ngừa dịch cúm corona trên bầu trời toàn quốc nên mọi người hãy chia sẻ cho nhau k nên ra đường trong cung giờ từ 4-7h30 sáng mai 1/2/2020 nếu có việc phải ra đường thì nên đeo khẩu trang, ",1580453520.0,unknown,unknown,unknown,1
54,2367665447188300800,"VŨ KHÍ CỦA THẾ KỶ 21 TÂN TIẾN ĐẾN MỨC NÀO

Đất nước có kế hoạch thâm sâu nhất trên thế giới, không đâu khác, chính là Trung Quốc nước láng giềng ta đây. Từ giữa năm 2019, Trung Quốc đã nghiên cứu, thử nghiệm, phát triển virus SARS-CoV-2. Điều này đã được kiểm chứng bởi các tờ báo quốc tế lớn như BBC Mỹ, ABC Úc hay các bác sĩ y học hàng đầu như Giáo Sư đạt giải Nobel người Nhật.

Không biết kế hoạch của Trung Quốc đã đạt đến giai đoạn nào, nhưng hiệu quả của nó đã được chứng thực mang tầm vũ khí siêu việt nhất thế kỷ 21.",1584801780.0,190,22,4,1
55,-2679386353540091904,"NƯỚC ĐƯỜNG GỪNG GIÚP VẠCH MẶT Covid-19 ! Mình đọc bài này cách đây vài tuần và đã áp dụng suốt từ hôm đó, giờ nghĩ ra là nên chia sẻ với mọi người cùng thử làm theo. Đây là bài viết của một Việt kiều Mỹ làm việc liên quan đến lĩnh vực Y khoa ! Nghe phân tích chuyên môn thì rất có lý (nhưng cũng rất muốn được nghe phản biện của những người am hiểu) và nước đường gừng cũng tốt cho hệ hô hấp nên cứ pha uống hàng ngày thôi. Ai lười thì mua trà gừng ở hiệu thuốc chắc cũng tốt ! Mì...nh thì thay đường bằng mật ong ! Đây là nội dung bài viết: “Virus Covid-19 nhân bản rất chậm so với virus flu - chậm hơn rất nhiều vì Error CorrEction ở Rna-seq data. Điều này giống như một đứa bé sinh ra đã bị ""tàn tật"" - Thùy Trang gọi con Covid-19 là virus tàn tật là vì nó bị ""error-correcting processes"" trong phần RNA - Hãy tưởng tượng như một người mẹ khó sinh con vì bệnh tật tử cung. Con Covid-19 có tật nguyền và tật nguyền này có phải do con người làm ra bị lỗi lập trình hay do tự nhiên vẫn chưa biết. Vì bị ""tàn tật"" error-correcting processes, do đó Covid-19 nhân bản rất chậm - nếu so với flu virus thì nó nhân bản chỉ có 1/1,000 so với Type B Influenza. Vì đặc tính nhân bản chậm chạp này nên con Covid-19 khó có thể mutation - Và với đặc tính chậm chạp này nên Covid-19 ủ trứng chậm chạp, vì vậy người bị lây nhiễm sẽ không bị nóng sốt cho tới khi phát bệnh từ 15-24 ngày. Nếu đặt giả dụ con người chế ra con này và cố tình làm sai chuỗi gene RNA của con Virus để nó KHÔNG thể sinh sản nhanh nhằm lây lan rộng hơn trước khi người bị nhiễm phát bệnh thì là suy nghĩ khá thông minh không phải vừa. Vì đặc tính hay lập trình bị lỗi nên Covid-19 sẽ lây rộng trong cộng đồng mà người bị nhiễm khó biết mình đang bị lây nhiễm. Như Thùy Trang đã nói trước đây là con Covid-19 giống hệt con corona OC43 được khám phá từ dơi vào năm 1960. Phiên bản con OC43 được lập trình lại thành con Covid-19 nhưng bị lỗi phần RNA nên nó nhân bản rất chậm chạp. Nếu một người khỏe mạnh có kháng thể tốt thì kháng thể T-Cell của mình dễ dàng làm thịt con Covid-19 trước khi nó đủ thì giờ nhân bản. Vấn đề khó ở chỗ là kháng thể con người chúng ta chưa đủ nhạy bén để biết con Covid-19 đã xâm nhập vào cơ thể mình vì kháng thể con người chưa quen nhận dạng con virus này. Thùy Trang tìm ra đúng cách giúp kháng thể mình sớm nhận mặt con Covid-19 là chúng ta nên uống trà gừng pha đường mỗi ngày trong lúc này - vì gừng kích thích hệ hô hấp tiết ra protein interferon-beta. Và vì interferon-beta xuất hiện làm cho con Covid-19 bực bội gây phản ứng - khi Covid-19 phản ứng interferon-beta thì lúc đó Kháng Thể T-Cell biết rõ địch đang nằm ở đâu để tìm giết ngay nó. Doses of 300 micrograms per mililiter of fresh ginger stimulated the respiratory cells to secrete an anti-viral protein called interferon-beta. Mình đã thử nghiệm rồi và mong mọi người hãy nghe theo là trong thời kỳ phức tạp lây nhiễm hãy uống nước gừng mỗi ngày 1 ly (không gây hại mà còn tốt cho hệ hô hấp). Như Thùy Trang nói rõ là con Covid-19 bị ""tàn tật"" error-correcting processes"", do đó Covid-19 nhân bản rất chậm và khi nó vào người mình thì Kháng Thể vẫn chưa nhận ra nó nên cơ thể chúng ta rất cần interferon-beta để chọc giận cho nó lộ mặt giúp kháng thể T-cell biết mà giết nó sớm trước khi nó nhân bản lên quá nhiều và quá mạnh.” Xem thêm",1582467543.0,49,6,33,1
56,-1685015292694887936,"Sơn Tùng MTP đã qua đời vào 13h ngày 13/3/2015
Trước thông tin Sơn Tùng M-TP qua đời, hàng vạn tiếng khóc thảm thiết từ khắp nơi đổ về.",1426215900.0,unknown,unknown,unknown,1
57,5062574337311406080,"Chị gái Nhung là Nguyễn Hồng Nga dương tính với Covid 19 và đã bay về nước! Cả nước ""đón chào"" chị!",1583561580.0,92,12,1,1
58,9031530768869581824,"Người đàn ông Hồi giáo tươi cười khi nhà thờ Đức Bà cháy…
9h29, sơ tán khỏi nhà thờ Đức Bà Paris.",1586963340.0,82,13,1 share,1
59,9195699593600523264,Uống cồn (công nghiệp) có thể giết chết Covid-19. Người dân Iran và Anh đã thực hiện thành công!,1584016920.0,96,10,2,1
60,5116365474020468736,"VÔ CÙNG QUAN TRỌNG: Cẩm nang chữa Virus Corona và chủng mới nếu bạn lỡ bị nhiễm.
1. Uống nước ấm, luôn luôn ấm
2. Uống thuốc sốt rét
3. Súc miệng nước muối 30 phút một lần
4. Đóng kín cửa tránh gió, xức dầu lên tạm huyệt vị quan trọng
Dần dần sau 2 ngày sẽ đỡ, nhưng đăck biệt kiêng gió.",1583565120.0,4,5,0,1
61,8459913682249162752,"Chính phủ Anh quốc ngừng tài trợ cho WHO.

Sau khi Tổng thống Mỹ quyết định đóng băng đóng góp cho Tổ chức Y tế Thế giới (WHO), nhiều người dùng mạng xã hội đăng tải thông tin cho rằng Chính phủ Anh quốc cũng đã quyết định ngưng tài trợ cho tổ chức này. Vui quá thêm một quốc gia đồng hành để cùng dạy cho WHO một bài học. Mong có nhiều nước đồng hành để đánh tan khối u nhọt cs đang thao túng WHO .",1587052380.0,908,101,364,1
62,-1946354998760473088,Ngay cả khi vi-rút xâm nhập vào miệng bạn ... nước uống hoặc các chất lỏng khác sẽ quét chúng xuống qua thực quản và vào dạ dày. Khi đã ở trong bụng ... ACID dạ dày của bạn sẽ tiêu diệt tất cả virus,1582995240.0,17,2,1 share,1
63,-9001688494350240768,"Ở Ý, khoa chăm sóc đặc biệt đầy các bệnh nhân trẻ tuổi. Thật buồn vì Ý đã là một quốc gia già nhưng người trẻ do tiệc tùng quá trớn nên bị nhiễm corona rất nhiều. Không biết hết dịch rồi thì dân số Ý còn lệch thế nào nữa?",1588731240.0,128,9,2,1
64,-2445875668956964864,"GS Luc Montagnier, nhà khoa học đoạt giải Nobel Y học 2008, vừa công bố kết quả nghiên cứu của về virus Vũ Hán và khẳng định chắc chắn là nhân tạo.
Điều này báo chí đã dẫn tin, search google ra hàng đống. Thôi bây giờ sự thật đã rõ rồi nhé !",1588080660.0,366,34,32,1
65,2177848468466853120,Chợ Rẫy (TP. HCM) vừa xác nhận tin có 33 người chết do dịch bệnh Covid-19.,1582033260.0,23,6,0,1
66,1376559916407119104,"Toàn bộ Công an phường Phạm Ngũ Lão, quận 1 bị cách ly; Chuyến này ""cô Vy"" viếng cán bộ công an hơi bị nhiều...",1584850140.0,828,79,34,1
67,-831730631711926144,"THÔNG BÁO
Nhà máy Samsung Thái Nguyên đang che giấu việc nhân viên Phạm Văn Hưng có biểu hiện nhiễm nCoV, khi họ không thông báo sự việc với chính quyền địa phương, chỉ âm thầm ép anh Hưng về nhà để theo dõi. việc này đang đe dọa tính mạng hàng trăm nghìn công nhân và gia đình.",1584705600.0,309,58,51,1
68,4269663014078944256,"Bác ở Canada vừa mới báo 1 tin vui từ Canada trong cuộc chiến chống corona, con gái bác cũng làm trong ngành y ở Canada nên các bạn có thể tin tưởng và áp dụng theo Hôm nay, 1 nhà khoa học Canada vừa tìm ra được là nếu khẩu trang có tẩm muối, Corona dính vào sẽ bị giết trong vòng 5 phút. Trong lúc chờ đợi khẩu trang tẩm muối được bán trên thị trường, các bạn có thể làm theo cách sau đây : 1. Hai chén muối khuấy đều với nửa chén nước lọc cho muối tan.... 2. Dùng cọ bôi lên nhiều lần dung dịch muối ở phía ngoài khẩu trang. Chờ khô, làm lại 2 lần nữa và sau đó có thể dùng khẩu trang đi ra ngoài. 3. Nếu không có N95, có thể áp dụng tạm thời trên khẩu trang giấy chống bụi, hoặc khẩu trang bằng vải thường dùng. Nếu dùng khẩu trang vải, cứ 2 ngày giặt nó 1 lần và tẩm muối như vừa chỉ dẫn trên. Nhớ là phải phơi khẩu trang cho thật khô trước khi dùng. 4. Không chỉ giết corona, mà muối còn giết được tất cả những virus khác trong không khí ! Các bạn đọc thêm ở đây, và thấy có thể làm theo thì nên share post này đến nhiều người để cộng đồng có thêm cạch phòng chống. Cộng đống an toàn hơn thì mỗi chúng ta cũng an toàn hơn Thông tin này cũng đã được đăng trên tạp chí Business Insider. Các bạn đọc thêm ở đây, và thấy có thể làm theo thì nên share post này đến nhiều người để cộng đồng có thêm cách phòng chống. Cộng đồng an toàn hơn thì mỗi chúng ta cũng an toàn hơn https://www.businessinsider.com/mask-coated-in-salt-neutral… Sử dụng nước muối phủ lên lớp khẩu trang rồi để khô có thể diệt được virus trong môi trường không khí. Bởi vì cấu trúc phân tử của muối là tinh thể, các góc cứng, sắc nét của nó có thể xuyên qua virus, làm cho họ không thể tin được, Choi nói. Đội của ông đã thử nghiệm mặt nạ muối trong phòng thí nghiệm trong vài năm qua, và thấy rằng họ có thể xung động ba chủng của virut cúm. Nhóm nghiên cứu đã công bố những phát hiện ban đầu trong tạp chí Scientific Arescopment vào năm 2017. Xem thêm",1581254253.0,22,2,20,1
69,-4591304100612362240,Corona làm chết 3 người ở miền Tây thuộc 2 tỉnh LA vs TG trong thời gian Tết Nguyên đán nhưng bưng bít ko cho báo đăng. Tin hay ko thì tùy!,1584415500.0,unknown,unknown,unknown,1
70,6255934934483117056,"Theo 1 thống kê ko chính thức, 95% hộ cận nghèo là vì ở gần hộ nghèo chứ bản thân họ ko có nghèo!",1589987722.0,44,3,0,1
71,3405551195265860096,"33 người chết ở bệnh viện Chợ Rẫy vì virus corona.

Thông tin từ anh bạn làm bác sĩ và khuyên người nghe không nên ra đường, trữ thực phẩm vì khoảng 1 tuần, 10 ngày nữa sẽ phát dịch..",1580740740.0,58,0,11,1
72,86077094993619664,"Kết quả thăm dò cho thấy 96% cho rằng trên 100.000 người ở VN đã nhiễm bệnh.
Vậy theo các bạn có trên 300 ngàn người không? Bấm số 1 là có số 2 là không",1582698240.0,75,27,3,1
73,6424327975075352576,"PHÓ THỦ TƯỚNG VŨ ĐỨC ĐAM NÓI :

NẾU AI CÓ Ý ĐỊNH ĐI DU LỊCH KHI VÉ ĐANG RẺ THÌ HÃY SUY NGHĨ LẠI BẰNG SỰ THẤU ĐÁO CỦA MÌNH. Tinh hình đang rất căng thẳng, lúc này nếu rảnh làm ơn hãy ngồi yên một chỗ. Y tế của mình giỏi nhưng điều kiện mình yếu lắm . Bây h mà bùng dịch mình ko chống đỡ được đâu.

TUẦN SAU LÀ MỐC QUAN TRỌNG!!

“Chúng ta có tầm 4-6 ngày để nó chuyển giai đoạn từ 75 ca lên mức 100-500 ca ! Và có
khoảng 8-12 ngày (sau khi thiết lập mốc 500) để lên mức 1000-5000 ca ! Rất cần truyền
thông để bà con ở nhà ! Hạn chế đi lại 1 tuần để đợt sóng này biểu hiện lâm sàng hết và khoanh lại !!! Rất ngắn ở mức này !

Việc hạn chế ra ngoài lúc này là cực kỳ cần thiết.

CHÚNG TA SẼ LÀM LẠI TỪ ĐẦU

TOÀN ĐẢNG , TOÀN DÂN , TOÀN QUÂN MỘT Ý CHÍ ! > CHÚNG TA SẼ LÀM LẠI TỪ ĐẦU """,1593067260.0,unknown,unknown,unknown,1
74,-6589529592250979328,"Theo MetroCo, Mèo đen được chế thành cao và bán làm thuốc chữa virus corona ở Việt Nam.",1587759900.0,12,2,0,1
75,1294158591295336960,Tin nhé cả nhà 👏 Niệm thần chú cho mau hết bệnh Hay là kêu gọi con virut ùa về cho nhanh 🤭 Bệnh dịch corona đã có cách chữa trị của bọn nó 🤭 Chỉ cần làm theo cách hướng dẫn là dc 🙏 corona goooo là goooo luôn xuống lỗ thấn 😓😓😓😓,,53,46,117,1
76,-5745397381341928448,"Đây chính là cô ""bồ nhí"" và con riêng của ông Nguyễn Quang Thuấn, Phó CT Hội đồng Lý luận Trung ương, bệnh nhân virus Vũ Hán #21.",1583994420.0,377,43,44,1
77,-1431008182069437952,COVID-19 về đến Lộc Hà rồi tài ơi,1583597520.0,291,22,19,1
78,2357009834522262016,2 nữ sinh trường Nguyễn Văn Trỗi hiếp dâm tử vong thanh niên SN 1992,1562559600.0,unknown,unknown,unknown,1
79,8795616271909779456,"Do thực trạng thiếu máy thở trầm trọng ở Italia, các bác sĩ ở đây phải lựa chọn không đặt ống thở cho bệnh nhân cao tuổi... Mong Việt Nam tình hình sớm khả quan hơn, đừng để nghiêm trọng như Italia.",1585745640.0,17,12,0,1
80,-2026324822510256896,"VTV 1 lúc 17 h00 ngày 30/7 vừa đưa tin, Kon Tum đã có 39 ca dương tính với Covid-19. ",1596103800.0,unknown,unknown,unknown,1
81,-1517125250035213056,"Tình hình Đà Nẵng qua thông tấn xã messendger trong 60 phút vừa qua:

- 2 ông UK dương covid-19 có đưa 2 em hookers về khách sạn Vanda
- 2 ông này ko khai bân chuyện đưa gái về mà lễ tân tự chủ động khai báo với công an, (nãy mình đi qua Nguyễn Văn Linh khoảng 10 anh công an đeo khẩu trang găng tay đứng trước cửa khách sạn, nghi có biến mà ko nghĩ chuyện gái gú này)
- sau 1 tối vất và công an đã tìm được 2 em
- 2 em cùng trú tại khu trọ ở Tiến La (giờ khu này đã bị phong tỏa), làm việc quần quật quất thêm mười mấy khách nữa trong 2 ngày, mười mấy khách này lại về nhà và lây lan tiếp...

Đà Nẵng ơi, sống sao đây, đây mới là siêu lây nhiễm huhuhu",1594436040.0,unknown,unknown,unknown,1
82,-1532284722202883072,"Chú Bằng vừa báo, bên chú Trường - Chánh VP BYT nhắc khéo, cẩn thận tuần này, tuần sau ko ra các quán xá, chỗ đông người, TTTM vì HN có nguy cơ rất rất cao bùng lây lan vào tuần sau, sau khi đánh giá các nguy cơ tiềm ẩn. Mong mọi người hạn chế ra đường, đeo khẩu trang trong VP,ko ăn uống ngoài đường, mang cốc riêng mà uống nước trong văn phòng.",1582904520.0,43,11,4,1
83,-831730631711926144,Tầng 38 tòa nhà HH1A khu siêu chung cư của anh Thản đang được cách ly rồi mọi người ơi... AI ở khu lân cận cũng cẩn thận đấy!,1583722920.0,402,92,68,1
84,5402625266633947136,"THẦN CHẾT COVID CŨNG BÓ TAY....😅 3 anh Mỹ - Trung Quốc - Việt Nam đang đi trên biển thì Thần chết Corona hiện lên lạnh lùng bảo: - Nếu các ngươi muốn sống, hãy vứt một thứ xuống biển. Ta mà không tìm thấy thì các ngươi được sống. Còn ta tìm thấy của ai thì người đó phải chết... - Gã người Mỹ tinh khôn vứt 1 cây kim xuống biển.... Thần chết lặn xuống 15 giây sau thì vớt lên cây kim và gã người Mỹ qua đời - Gã người Trung Quốc sợ quá, bứt 1 sợi tóc ném xuống biển. Thần chết lặn xuống và 20 giây sau thì cầm sợi tóc lên và gã Trung quốc ""ra đi"" - Còn lại anh Việt Nam, nhếch mép cười, móc túi lấy ra một vật ném xuống biển. Thần chết lặn xuống một lúc lâu mới ngoi lên và thở hổn hển hỏi: - Này cái thằng ôn dịch kia! Mày vứt cái méo gì xuống biển thế hả? Anh Việt Nam cười tinh quái: - Tao vứt viên C sủi Thần chết : ""Tao lậy mày....!” THÔNG ĐIỆP : Hãy uống thêm C sủi để tăng cường sức đề kháng, ngăn ngừa thần chết covi Nguôn sưu tầm #CoronaCovid19 Xem thêm",1584331928.0,54,12,133,1
85,-7583547705961430016,"Chợ đóng hết rồi. Do nhu cầu bạn bè, anh em chiều nay em quét cá bữa cuối để nghỉ dịch. Còn mấy con cá tràu và một con cá trắm hơi to, mai ai ăn mình ship tại nhà luôn nhé.",1585396200.0,24,9,8,1
86,6133357181796510720,Vừa trốn từ vũ hán về may quá ko bị đưa đi cách ly. Sức khỏe vẫn bình thường vẫn xinh đẹp  chỉ hơi ho với ốt một chút thôi.,1578216300.0,unknown,unknown,unknown,1
87,-3624519844101707776,Chính thức lây lan qua bụi khí ui !!....Giờ hết lây từ người sang người !!! P/S : Cảm giác y chang ngày tận thế vậy !!!,1581212716.0,608,81,261,1
88,-3380557954447653888,Bị nhiễm virus corona rồi kiểu nầy chắc sớm gập ông bà quá,1582027200.0,unknown,unknown,unknown,1
89,-8355754228286393344,"Tất cả người dân trên toàn eakar, khi ra đường nhớ đeo khẩu trang. Và nếu ko có công việc gì thì ko nên ra đường nhé . Vì trên địa bàn đã xuất hiện 1 ca dương tính với covid19. Và có nhiều người khác tiếp xúc với người bệnh khác. ",1596011640.0,unknown,unknown,unknown,1
90,7109528997476238336,"Dựa theo khuyến cáo về việc rửa tay bằng nước sát khuẩn có cồn, như vậy thì uống cồn có thể diệt được virus trong cơ thể.",1585285500.0,532,52,25,1
91,-3674649102707679232,"Như thế này mới gọi là đã khống chế được , đã tìm ra phương cách chữa trị con corona .",1580873472.0,8,2,33,1
92,7848744172232907776,"Đảo Phú Quốc trở thành đô thị loại một, trực thuộc Trung Ương

(TTXVN) Từ một huyện đảo trực thuộc tỉnh Kiên Giang, ""đảo Ngọc"" nay đã có bước chuyển mình trở thành thành phố đô thị loại I trực thuộc Trung Ương.

Tối 31/03, Thủ tướng Nguyễn Xuân Phúc đã trao quyết định của Thủ Tướng cho lãnh đạo huyện đảo Phúc Quốc, tỉnh Kiên Giang, công nhận hòn đảo này trở thành đô thị loại một, thành phố trực thuộc Trung Ương.

""Đây là điều kiện thuận lợi để Phú Quốc phát triển toàn diện những mục tiêu đề ra, đồng thời là điều kiện để Phú Quốc tập trung phát triển nguồn lực xây dựng phát triển cơ sở hạ tầng đạt tiêu chuẩn, phát triển kinh thế biển gắn với nhiệm vụ bảo vệ quốc phòng - an ninh biển, từng bước xây dựng thành phố Phú Quốc trở thành trung tâm du lịch xanh, sạch, đẹp mang tầm cỡ khu vực và quốc tế"", ông Phúc nói.",1554367920.0,unknown,unknown,unknown,1
93,-301882165169963520,"Ở nước Israel Không ca chết nào trong dịch C-19 này.
Việc chữa trị cho virus C19 hoặc loại bỏ nó.

Thông tin từ Israel đã tuyên bố:
Virus không gây tử vong cho dân nước họ.

[Công thức đơn giản]
1. *chanh*
2. *bicarbonate*

Uống trà hoặc nước nóng pha với chanh và soda:
- Có thể diệt virus ngay lập tức
- Có thể loại bỏ hoàn toàn virus trong cơ thể",1585724040.0,112,23,20,1
94,-8579358818758226944,"Phòng chống COVID-19: Những ai đã tiếp xúc trực tiếp hoặc gián tiếp với người dương tính COVID-19, hãy uống ngay Erythromycine 250 mg liên tiếp trong 7 ngày, mỗi ngày uống 2 lần, mỗi lần 1 viên. Đây là thông điệp do TS.BS. TCS gửi đến cộng đồng…
Toa thuốc do Bệnh viện nhiệt đới đang điều trị theo phác đồ cho người nhiễm virus nCoV-19, mọi người mua để dự phòng mỗi người 1 liều trong nhà.",1584615600.0,324,52,36,1
95,2227002131672122880,"🌺 BÀI THUỐC PHÒNG NGỪA CORONA VIRUS 🔔 HÃY CHIA SẺ ĐỂ GIÚP MỌI NGƯỜI 1/ Chanh ta (Chanh nhà quê có hạt)... Rửa sạch cho vào ngăn đá đông cứng, sau đó đem ra bào vỏ. Lí do để đông cứng vì khi bạn gọt vỏ thì chất dầu dưới vỏ sẽ tựu lại và không bốc hơi ra ngoài. 2/ Sả (Nguyên củ) Rửa sạch và đập hơi nát 3/ Mật ong (Rừng càng tốt) 📌 CÁCH LÀM: Đun sôi nước, cho sả vào ngoáy đều, cho luôn vỏ chanh vào sau đó ngoáy đều, tắt lửa đậy vung lại để nguội rồi chiếc ra bình pha mật ong vào (tuỳ thuộc hàm lượng) sau đó để trong tủ lạnh. 📌 CÁCH DÙNG: Sáng ngủ dậy uống ngay 1 ly khoảng 100ml (nếu đắng thì pha thêm nước). Giữa ngày uống 1 ly 100ml, trước khi đi ngủ uống 1 ly 100ml. Lưu ý: Thuốc đắng giải dịch 📌 NÊN GHI NHỚ: Uống liên tục trong vòng 3 ngày thì hệ hô hấp phổi của bạn sẽ rất sạch và khoẻ hẳn. Ngoài Phổi ra, tinh chất của Chanh và sả còn chứa một hàm lượng detox rất tốt cho đường ruột và gan các bạn yêu thương nhé. Xem thêm",1580989222.0,3,,76,1
96,1602082508428742912,"Họp chính phủ chính thức cấm bay hai chiều Việt-Đài hết năm 2020.

Tổng thống Thái Anh Văn và chính phủ Việt Nam chính thức ban bố lệnh cấm bay hai chiều Việt Đài qua cuộc họp Online khẩn cấp vào sáng ngày 31/07.

Nguồn Sống Đẹp",1596478620.0,10,0,0,1
97,-5920729212346740736,"Tin khẩn: Cao Lầu, Xuất Lễ sáng nay có 1 người chết do nhiễm virut corona rồi nhé mn!",1596291180.0,unknown,unknown,unknown,1
98,6482483316502310912,"Cbi cách ly cả cái Hp nay đen noi roi,Cả ngõ 132 An đà trốn mẹ hết rồi...cách ly gì nữa.. Bê cả đệm và quần áo chạy ngõ tắt thì biết rồi đấy.Chỉ cách ly theo dõi thì có cần nthe ko hả zời :|",1583839800.0,211,20,4,1
99,4372281004485870080,"UBND tỉnh Thừa Thiên Huế cấp 200ha đất tại thị trấn Lăng Cô, huyện Phú Lộc, tỉnh Thừa Thiên Huế (khu vực Cửa Khém, đèo Hải Vân) cho người Trung Quốc.",1477403520.0,unknown,unknown,unknown,1
100,7144391792806286336,"Bác ở Canada vừa mới báo 1 tin vui từ Canada trong cuộc chiến chống corona, con gái bác cũng làm trong ngành y ở Canada nên các bạn có thể tin tưởng và áp dụng theo Hôm nay, 1 nhà khoa học Canada vừa tìm ra được là nếu khẩu trang có tẩm muối, Corona dính vào có thể bị vô hiệu hoá trong vòng 5 phút, và tiêu diệt hoàn toàn trong 30 phút Trong lúc chờ đợi khẩu trang tẩm muối được bán trên thị trường, các bạn có thể làm theo cách sau đây : 1. Hai chén muối khuấy đều với nửa chén ...nước lọc (đun sôi) cho muối tan, hoặc ít nhất là ở trạng thái bão hoà 2. Dùng cọ bôi lên nhiều lần dung dịch muối ở phía ngoài khẩu trang. Chờ khô, làm lại 2 lần nữa và sau đó có thể dùng khẩu trang đi ra ngoài. 3. Với khẩu trang N95 thì không nên tẩm muối (có thể làm hư luôn khẩu trang N95). Có thể áp dụng tạm thời trên khẩu trang giấy chống bụi, hoặc khẩu trang bằng vải thường dùng. Nếu dùng khẩu trang vải, cứ 2 ngày giặt nó 1 lần và tẩm muối như vừa chỉ dẫn trên. Nhớ là phải phơi khẩu trang cho thật khô trước khi dùng. 4. Không chỉ giết corona, mà muối còn có thể giết được tất cả những virus cúm khác trong không khí ! Mọi người lưu ý giùm mình 1 chút: Cách này chỉ có tác dụng khi là muối kết tinh (cho nên mới yêu cầu là phải phơi khẩu trang thật khô). Còn nước muối thì ko có tác dụng gì với corona đâu nha, nên đừng đọc cái này rồi cho rằng súc miệng nước muối, nhỏ mắt/mũi bằng nước muối, tắm bằng nước muối là kháng được corona Thông tin này cũng đã được đăng trên tạp chí Business Insider. Các bạn đọc thêm ở đây, và thấy có thể làm theo thì nên share post này đến nhiều người để cộng đồng có thêm cách phòng chống. Cộng đồng an toàn hơn thì mỗi chúng ta cũng an toàn hơn https://www.businessinsider.com/mask-coated-in-salt-neutral… (Fb Nam Dao) https://www.researchgate.net/…/Mask-with-salt-coated-filter… K. Xem thêm",1581221077.0,3900,298,3000,1
101,161078321595172992,"THÔNG BÁO KHẨN

Hiện nay trên toàn tỉnh Quảng bình và các tỉnh lân cận đang lưu thông hơn 200 tỷ tiền giả mệnh giá 200k.
Đặc biệt gần tết tiền giả về tràn lan các vùng nông thôn.
Tiền giả rất khó phát hiện. Sau khi có 1 cửa hàng dính hơn 5 triệu tiền giả và nhờ ngân hàng phân tích đã tìm ra đc dấu vết.
Ae chú ý nhé:
Tiền thật: Vệt màu vàng ngang in full hết ra mép tiền
Tiền Giả: hụt một tý tầm 0,5mili

>>>Share để mọi người cùng tránh nhé.
Mỗi người lướt qua chia sẽ giùm em. ",1548384420.0,unknown,unknown,unknown,1
102,-831730631711926144,"Đúng là quả báo không chừa một ai! Kẻ tắc trách đã bị trừng trị. Thông báo với các bậc phụ huynh, tên lái xe trường Gateway Doãn Quý Phiến đã chính thức tử nạn - đền tội cho những gì hắn đã gây ra. Tôi còn đang chờ xem chuyện gì sẽ xảy ra với những kẻ liên quan!
",1566925320.0,144,27,8,1
103,7235048511364118528,Vinhomes là ổ dịch Coron nới với hơn 60ng bị cách ly tại nhà mà báo chí VN giấu nhẹm đi đéo hiểu?! Đã có và lầng của 1Park đã bị cách ly oàn toàn mà vẫn không tha tờ báo nào ở SG đưa tin,1581343200.0,174,17,12,1
104,-5021892571027801088,"Corona xuất hiện ở Hói Trùng, xã Quang Thọ rùi cả nhà ơi, mong mọi người chú ý dùm nha",1583550720.0,233,12,24,1
105,6834904441049959424,"Từ một năm trước, tỷ phú Bill Gates đã “dự đoán” về một đại dịch siêu virus giống như virus corona sẽ bùng phát tại Trung Quốc và có thể giết chết 33 triệu người trên toàn thế giới chỉ trong 6 tháng, theo The Sun đưa tin.",1581732026.0,585,53,281,1
106,8204027084837050368,"Ngày 10-2, ông H. nhập cảnh Việt Nam và lưu trú tại một khách sạn ở Biên Hòa. Từ ngày 10.2 Ông H. biểu hiện ho nhiều, không sốt. Đến chiều ngày 11.2, ông H đã đến bệnh viên Đa khoa Đồng Nai. Tại đây ông H được cách ly, lấy mẫu xét nghiệm. Kết quả xét nghiệm vào chiều tối 12.2 cho thấy ông H mắc virus Corona. Bệnh viện Đa khoa Đồng Nai đã chuyển ông H lên Bệnh viên Bệnh Nhiệt đới. Hiện tại ông H đang cách ly, điều trị Bệnh viên Bệnh Nhiệt đới đã dương tính với chủng virus Corona mới (nCoV).",1581456840.0,32,3,0,1
107,1457529243642150912,Ai ở HN thì mấy ngày này nên k ra khỏi nhà thì hơn ❌❌❌❌❌❌❌❌❌❌❌❌❌❌ #NCOV đã về VN 😤😤😤😤😤😤😤😤😤😤😤😤😤😤😤toang 🔫Con điên đi quẩy ở số 3 Tạ Hiện 🔫Con điên đi khai trương Uniqlo Hnoi 🔫Con điên đi chơi nhà bạn ở T18 Time... 🔫Con điên có ng yêu ở Hapulico Vũ Trọng Phụng Xem thêm,1583513304.0,20,8,26,1
108,-7350343236551715840,"Gấp..! Gấp..! Gấp...

Kính mong các người con của thiên chúa bớt chút thời gian Chia Sẻ vào các hội nhóm hoặc trang cá
nhân để những tấm lòng hảo tâm cứu giúp Linh Mục Alphongsô Thể Lực

Linh mục Alphongsô Nguyễn Thế Lực thuộc giáo xứ Vũ Thư - giáo phận Thái Bình

Cha bị tai nạn ngã cầu thang, đầu lao xuống trước, dẫn đến đa chấn thương vùng não rất nặng. Bác sĩ đang thực hiện ca mổ cho cha.

Xin các bạn thương cầu nguyện cho cha.

Xin bạn mời gọi những người Công Giáo khác cũng cầu nguyện cho ngài tai qua nạn khỏi.Xin Thiên Chúa
là Cha toàn năng gìn giữ và ban ơn chữa lành cha cha mau bình phục khỏe mạnh.xin Đức Mẹ phù hộ
cho cha.Tạ ơn Chúa và Đức Mẹ.Amen.

Hiện tại quỹ giáo xứ Vũ Thư không đủ tiền để tiến hành mổ não cho cha. Kính mong các nhà hảo tâm
giúp đỡ quyên góp, ủng hộ giúp Linh mục Alphongsô Lực

Mọi sự đóng góp xin gửi về stk:

Ngân hàng Á Châu(ACB) 3333 t3-
Nguyen The Lục

Kính mong mọi người CHIA SẺ bài viết vào các hội nhóm để các nhà hảo tâm giúp đỡ Cha có tiền chữa trị",1506532440.0,unknown,unknown,unknown,1
109,-7332280027605824512,"Đã tiêm phòng lao thì tự miễn dịch với virus Vũ Hán.

Những người đã tiêm phòng lao sẽ tự miễn dịch với virus Vũ Hán.",1586617320.0,263,23,29,1
110,7447686880279020544,Thông qua quyết định bật đèn xe máy cả ngày.,1589349780.0,233,12,24,1
111,9164277569385873408,"TIN TỐT ! ! ! Virus Corona của Vũ Hán có thể tự khỏi * bằng một bát nước tỏi mới đun sôi. Các
bác sĩ Trung Quốc cũ đã chứng minh hiệu quả của nó. Nhiều bệnh nhân cũng đã chứng minh
rằng nó có hiệu quả, RECIPE: Lấy tám (8) tép tỏi băm nhỏ, thêm bảy (7) cốc nước và đun sôi. Ăn
và uống nước đun sôi từ tỏi Cải thiện và chữa khỏi qua đêm. . .
Hãy chia sẻ với tất cả các địa chỉ liên lạc của bạn có thể giúp cứu sống. .",1584461340.0,unknown,unknown,unknown,1
112,-5055604502064686080,"Nghe bạn nói. Tối thứ tư, tức sáng sớm ngày thứ 5 vẫn còn chuyến bay trực tiếp từ Vũ hán đáp vào Vietnam. Tại sao...??? Why ??? Chúng ta không phải đã ngưng rồi sao ??? Nguy hiểm quá. Chẳng luôn đi chứ...Block luôn đi chứ...Phải bảo vệ người dân và con em chúng ta chứ...? ",1580457360.0,unknown,unknown,unknown,1
113,8538205920167621632,"BÀI THUỐC PHÒNG NGỪA HIỆU QUẢ BỆNH VIÊM PHỔI VŨ HÁN - do virus corona ✅ BÀI THUỐC - Thương truật: 10g - Dấp cá: 20g - Tía tô: 10g... - Vỏ cam/quýt: 10g - Cát căn (củ sắn dây khô): 10g - Bản lam căn: 10g (thay bằng Bồ công anh) - Gừng tươi: 20g Tất cả cho vào nồi đổ 4-5 bát con nước, đun sôi nhỏ lửa chừng 20 phút, khi nào còn lại 2-3 bát thì tắt lửa, đậy kín vung, chia đều uống hết trong ngày, có thể dùng liên tục không sợ nóng nhiệt nhé. ✅ Bài thuốc nguyên bản như sau : 广西中医药大学唐农校长献方防“新冠肺” ： 药物组成： - 苍术10克， - 鱼腥草 20克 - 苏叶10克， - 陈皮10克， - 葛根10克， - 板蓝根10克， - 生姜20克。 - Thương truật: 10g - Dấp cá: 20g - Tía tô: 10g - Vỏ cam/quýt: 10g - Cát căn (củ sắn dây khô): 10g - Bản lam căn: 10g (thay bằng Bồ công anh) - Gừng tươi: 20g Trong bài thuốc trên có vị thuốc Bản lam căn Việt Nam không có thì ta thay bằng cây Bồ công anh, vị Thương truật ta mua ở tiệm thuốc bắc, còn lại các vị khác đều dễ tìm quanh ta. ✅ Bài thuốc trên được giáo sư ĐƯỜNG NÔNG, hiệu trưởng trường Đại học Trung y dược Quảng Tây Trung Quốc lập đơn thuốc cho người dân, các cán bộ, công nhân viên, y bác sỹ của nhà trường và bệnh viện sử dụng ngay sau khi dịch bùng phát tại Trung Quốc giúp mọi người nâng cao sức đề kháng và phòng ngừa bệnh dịch tốt hơn! ( Nguồn: bác sỹ Hoàng Kỳ là học trò của thầy chia sẻ ) Xem thêm",1581806856.0,25,1,63,1
114,-1127631461017312000,Bã dương tính rồi bà con... anh người yêu và bao nhiu người đã từng tiếp xúc chơi tết... gia đình bã...thôi rồi...tiêu rồi.. Làm sao kiểm soát đc những ng từng tiếp xúc với mụ đó,1583828520.0,unknown,unknown,unknown,1
115,6155057741705644032,"Một số báo đưa tin rồi nhé mọi người, một học sinh lớp 11 Trường THPT Hà Văn Mao bị ho, sốt, nhà trường cho gần 1.000 học sinh của trường nghỉ học.",1583292240.0,139,7,27,1
116,-8709744078928860160,"Bác ở Canada vừa mới báo 1 tin vui từ Canada trong cuộc chiến chống corona, con gái bác cũng làm trong ngành y ở Canada nên các bạn có thể tin tưởng và áp dụng theo Hôm nay, 1 nhà khoa học Canada vừa tìm ra được là nếu khẩu trang có tẩm muối, Corona dính vào sẽ bị giết trong vòng 5 phút. Trong lúc chờ đợi khẩu trang tẩm muối được bán trên thị trường, các bạn có thể làm theo cách sau đây : 1. Hai chén muối khuấy đều với nửa chén nước lọc (đun sôi) cho muối tan.... 2. Dùng cọ bôi lên nhiều lần dung dịch muối ở phía ngoài khẩu trang. Chờ khô, làm lại 2 lần nữa và sau đó có thể dùng khẩu trang đi ra ngoài. 3. Nếu không có N95, có thể áp dụng tạm thời trên khẩu trang giấy chống bụi, hoặc khẩu trang bằng vải thường dùng. Nếu dùng khẩu trang vải, cứ 2 ngày giặt nó 1 lần và tẩm muối như vừa chỉ dẫn trên. Nhớ là phải phơi khẩu trang cho thật khô trước khi dùng. 4. Không chỉ giết corona, mà muối còn giết được tất cả những virus khác trong không khí ! Thông tin này cũng đã được đăng trên tạp chí Business Insider. Các bạn đọc thêm ở đây, và thấy có thể làm theo thì nên share post này đến nhiều người để cộng đồng có thêm cách phòng chống. Cộng đồng an toàn hơn thì mỗi chúng ta cũng an toàn hơn https://www.businessinsider.com/mask-coated-in-salt-neutral… https://www.researchgate.net/…/Mask-with-salt-coated-filter… Xem thêm",1581257264.0,94,13,112,1
117,8905889464294291456,Các trường phổ thông toàn quốc chuẩn bị nộp báo cáo thành tích chặt cây phượng. Hạn chót hoàn thành việc chặt cây ngày 30/6.,1591020044.0,6,3,0,1
118,1903805928019642880,Châu Âu cố tình buông lỏng kiểm soát để dịch bệnh đạt đến đỉnh điểm nhằm có thể từ đó “thoái trào”!,1583905380.0,166,4,21,1
119,7527739073178141696,"Vợ chồng cụ ông 92 tuổi, sống tại địa phương hơn 100 năm vẩn bị cưỡng chế và đánh đập giả man. Tuy Hòa ,Phú Yên",1592955006.0,17,3,2,1
120,-6535083490815723520,"Tôi thành thật xin lỗi mọi người, hiện tôi đã về Hongkong cho cách đây 3 ngày. lúc còn ben vn tôi không biết mình bị nhiễm vi rut ncov 19 nên tôi đã đi nhiều nơi Sài gòn long hải vũng tàu và ngày gần ngày sang hk tôi có đến ủy ban thị trấn phú mỹ huyện tân thành để cô.g chứng giáy tờ, giõ đây biết mình bị nhiễm tôi kg dám về vietnam mình mọi người tha thứ vì tôi kg biết minhg nhiễm bệnh. mong nhưng nơi tôi đã tiếp xúc kiểm tra để bảo vệ sk cho mình
Xin lỗi thật nhiều người",1581897000.0,unknown,unknown,unknown,1
121,444210260057187776,Chủ tịch HN bị Cựu chiến binh Thành cổ Quảng Trị kiện ra toà !,1589419794.0,14,1,1,1
122,6676834779492822016,"Đúng thật, người Pháp đã nghiên cứu và nói rằng người An Nam nghiện đánh bạc, như ăn vào máu.",1591106496.0,6,7,0,1
123,791916904171961600,CNN: Chấn động MH370 trở về giữa tâm dịch sân bay Narita-Nhật Bản sau 6 năm mất tích - Thanh Niên Online,1589159520.0,unknown,unknown,unknown,1
124,-3309763145598700032,"VÔ CÙNG QUAN TRỌNG: CẨM NANG CHỮA COVID-19 VÀ CHỦNG MỚI.

Bài này sẽ viết tương đối đầy đủ dành cho quý anh chị để dành và in ra giấy - đừng để mất tự tin trong lúc nà. Trước hết cần biết bây giờ bên Âu Châu dịch đang lây lan mạnh và ở Nam Hàn gần như vỡ trận. Tại nước VN thì đương nhiên con số lây nhiễm cao hơn gấp 3 lần Nam Hàn, tuy nhiên vì sự sống còn kinh tế mà nhà nước VN cần phải giấu bệnh với quốc tế...

Chủng mới hiện nạy đang xuất hiện ở nhiều nơi, không phải chủng cũ như ở Vũ Hán nữa.

Thời gian ủ bệnh của Covid-19 (chủng mới) là 12 ngày tối đa.
Thời gian chữa là 24 ngày. Đổi với loại chủng này, kháng thể trẻ em từ 0-10 tuổi sẽ phát hiện rất nhanh và loại nó ra từ lúc còn ủ bệnh. Phụ nữ tuổi dưới 25 tuổi, kháng thể T-Cell chống
lại loại virus này rất cao với số lượng kháng thể cao sẽ áp đảo virus nên rất khó bệnh.
Phụ nữ từ 25-30 chỉ có 8% là lầy nhiễm vì kháng thể ở tuổi này còn rất mạnh - Nếu quý chị tuổi này uống vitamin tăng kháng thể như Zinc (kẽm) và C thì cơ hội virus Covid-19 xâm nhập vào người gần như Zero.
Kháng thể đàn ông yếu hơn đàn bà rất nhiều - người càng lớn tuổi kháng thể bị suy hơn người trẻ, do đó cần tăng cường vitamin - tập thể dục, tránh hút thuốc và bia rượu.
Trước hết mình nói rõ đặc tính của Covid-19 (chủng mới) là làm cho bạn sốt, mệt mỏi, ho khan, ho khô, và khó thở.
Người lớn tuổi sẽ bị viêm họng, ho đờm và có thể ho ra máu.
QUAN TRỌNG của bệnh này là gì? CẨN CHÚ Ý!
(1) Bạy đừng lo lắng chỉ cần làm theo hướng dẫn này bạn sẽ khỏi tới 99% - Những người tử vong là vì không biết cách chứ không phải virus quá lợi hại như mọi người nghĩ.
(2) Bệnh này làm cho người nhiễm bị sốt cao liên tục trong 3",1589709120.0,unknown,unknown,unknown,1
125,7721316980020248576,"Hai du khách người Anh dương tính với COVID-19 không khai báo chuyện đưa ""gái"" về, mà lễ tân chủ động khai báo với công an; hai cô gái này trú tại khu trọ ở Tiểu La (giờ này đã bị phong tỏa), làm việc quần quật thêm mười mấy khách nữa trong hai ngày, mười mấy khách này lại về nhà và lây lan tiếp ra.",1583685000.0,621,45,50,1
126,5504187068237804544,Việt Nam đã có thuốc chữa Covid-19 (vậy nên Việt Nam chữa khỏi cho 17 bệnh nhân nhiễm Covid-19). Thuốc đặc trị này sẽ được tung ra thị trường vào Quý 4/2020.,1587305340.0,92,10,5,1
127,-1685015292694887936,"TIN NÓNG :

TP ĐÀ NẴNG CHUẨN BỊ CÓ QUẬN MỚI ĐƯỢC THÀNH LẬP MANG TÊN QUẬN : HIẾU ĐỨC
SẼ ĐƯỢC THÀNH LẬP CUỐI NĂM NAY. BAO GỒM BỐN XÃ : HOÀ KHƯƠNG , HOÀ NHƠN, HOÀ PHONG, HOÀ TIẾN. CHÚNG TÔI CÓ HƠN 100 LÔ ĐẤT Ở NÔNG THÔN THUỘC KHU VỰC NÀY SỔ ĐỎ CHÍNH CHỦ, GIÁ TỪ 1,3 TỶ ĐẾN 1,8 TỶ VỚI CÁC TRỤC ĐƯỜNG 5m5 ĐẾN 10 m5, VỊ TRÍ CỰC ĐẸP, DIỆN TÍCH LỚN. CƠ HỘI ĐẦU TƯ CÓ MỘT KHÔNG HAI ĐỂ KHÁCH HÀNG CÓ THÔNG TIN VÀ ĐI KHẢO SÁT",1552839720.0,unknown,unknown,unknown,1
128,-3039721668275442176,Zing đùa nhau à - vụ tai nạ ở Đà Nẵng đi cắm bản đồ ở Hà Nội - lại còn chú thích nơi xảy ra vụ tai nạn???,1589389228.0,3,1,0,1
129,-4565940566317733888,"Nghe nói Khoa Hồi Sức & Cấp cứu BV 115 đã bị phong tỏa. Nữ bệnh nhân Ngô Ánh Phượng (1993, Khánh Hoà) nhập viện tại bệnh viện 115 hôm 25/2 đã từ vong, xét nghiệm dương tính với nCoV!",1582879020.0,700,516,299,1
130,-2699651475793511936,Trung Quốc hiện nay sát người nằm ngổn ngang do dịch bệnh Corona Virus. Việt Nam sẽ là kế tiếp chúc may mắn 🙏🌹🙏,1580262905.0,187,275,3200,1
131,2045506940891001088,"Hiện Vn đang cách ly 8543 người , 6431 ca nhiễm , 312 người chết .",1581084180.0,277,613,152,1
132,4163471973067166208,Hôm nay ra chợ em đã nghe mọi người kháo nhau. Có hiện tượng đào trộm heo bị nhiễm dịch tả châu Phi tại phường Nghi Hương (Cửa Lò) đem đi bán lại.... Nghe ghê quá không dám mua lợn bò gì luôn... Chắc giờ chỉ có ăn chay.. Vì con người lòng tham không đáy...,1584514800.0,54 like,20,12,1
133,6082267007432088576,"Chiều nay Hà Nội sẽ công bố phát dịch corona. Tối nay, thời sự sẽ đưa tin về việc đêm nay nhà nước mình phun thuốc ngừa dịch cúm corona trên bầu trời toàn quốc.  Mọi người hãy chia sẻ cho nhau không nên ra đường trong cung giờ từ 4-7h30 sáng mai 1/2/2020.",1580426340.0,319,10,3,1
134,-4109765937813988864,"Chúc mừng các bạn mùa dịch mà ham hố tham gia các event.
Em Nhung đã tham dự pre-openning của Uniqlo và khả năng cao cũng đã kịp ""trao đổi"" vizu cho mấy bạn :)",1583615280.0,219,68,37,1
135,-5427813794614478848,"Biết nói gì đây??? Làm ơn nghĩ cho Dân trước cũng là nghĩ cho chính bản thân mình. Dịch bệnh đã đến Q1, rồi sẽ lan tràn đến Q3, Q5, Q7...",1580025480.0,unknown,unknown,unknown,1
136,8739241218228989952,"50 NĂM NGỦ Ở RỪNG SÂU, ANH ĐÃ ĐƯỢC TRỞ VỀ QUÊ MẸ

Ngày 03/08/2020, tại Nông trường Cao su Minh Hòa - huyện Dầu Tiếng - Bình Dương, người dân có đào được 1 hài cốt của một chiến sỹ Giải Phóng Quân.

Thông tin như sau: Phạm Chí Việt, sinh năm 1947, Quê quán: Hà Tây. Nhập ngũ chiến trường năm 1968, hi sinh năm 1970.

Vậy là đã 50 năm kể từ ngày hi sinh, người con ấy đã nằm tại nơi đây! Nơi đất lạnh rừng sâu.

Chắc chắn là anh cũng có người thân và gia đình, chắc chắn là gia đình của Liệt sỹ đã ngóng chờ suốt đằng dài thời gian ấy !!!

Hiện hài cốt của Liệt sỹ đang được bảo quản tại Ban quản lý Nghĩa Trang Liệt Sỹ huyện Dầu Tiếng, do đồng chí Nguyễn Văn Quân trực tiếp trách nhiệm. SĐT của đồng chí Quân: 0931755920

Nay xin kêu gọi Cộng đồng mạng FB chia sẻ bài viết này, để thân nhân của Liệt sỹ biết tin mà liên hệ nhận về, để Hương hồn của Liệt sỹ được Linh thiêng cùng đất mẹ.

Một hành động chiasẻ của chúng ta là một tri ân nhân nghĩa với tiền nhân",1596526620.0,unknown,unknown,unknown,1
137,203996059228623200,"Hé lộ danh tính 3 đại gia mua dâm hoa hậu 30'000USD

Danh tính các quý ông mua dâm như sau:

""ông NCNQ sinh năm 1985, từng là Phó chủ tịch một Tập đoàn Địa ốc, Chủ tịch Hội đồng Quản trị nhiều công ty con, trực thuộc; LXQ sinh năm 1973, là doanh nhân bất động sản có tiếng của Việt Nam và LPY sinh năm 1975, là một người có địa vị trong xã hội""",1595080920.0,370,71,25,1
138,2169945431806931968,Vậy là chúng ta đã có ca tử vong đầu tiên !,1585381800.0,423,35,23,1
139,-720760366592661632,"BA XÁC CHẾT ĐƯỢC ĐẶT VÀO TRONG MỘT BAO .. 3 đứa trẻ chết vì Trung Quốc Virus ( Coronavirus) , vì thiếu bao đựng xác chết nên phải đặt 3 em trong một bao .. Điều này cho chúng ta biết những gì đang xảy ra tại Trung Quốc ...",,1500,3500,13000,1
140,-5888812687890797568,Nóng: Gia Lâm điện giật 20 người chết tại công trình. TT tiếp tục up,1559969640.0,unknown,unknown,unknown,1
141,3721844444288034816,"Toa thuốc Đông y 3000 năm tuổi được ứng dụng điều trị cho bệnh nhân Covid-19 GỒM 13 VỊ - ĐANG DƯỢC SẢN XUẤT CHO 30 BỆNH VIỆN Ở HỒ BẮC ĐIỀU TRỊCHO BỆNH NHÂN Trung tâm phòng chống và kiểm soát bệnh viêm phổi do vi rút mới của tỉnh Hồ Bắc vừa ban hành ""Thông báo về việc tăng cường phòng ngừa và kiểm soát tổng hợp bệnh viêm phổi do coronavirus dựa vào y học cổ truyền Trung Quốc. Đơn thuốc điều trị Covid-19 bằng thuốc Đông y có tên ""công thức 4"" được phát triển bởi các chuyên gia... của Bệnh viện Y học Cổ truyền Trung Quốc tỉnh Hồ Bắc được công bố chính thức và áp dụng cho điều trị cho cả 3 trường hợp gồm đang nghi nhiễm, những người được chẩn đoán lâm sàng và những người đã xác nhận nhiễm virus đang điều trị. Liệu pháp điều trị của đơn thuốc này là ""Hòa giải thiếu dương, hóa thấp giải độc"". Cách làm: Mỗi ngày 1 thang, đun thành nước uống 3 lần/ngày vào sáng, trưa, tối, trước khi ăn. Hiện đơn thuốc này đã đưa vào sản xuất để phục vụ cho 30 bệnh viện được chỉ định để điều trị cho bệnh nhân. Y sinh Tuệ Lâm Xem thêm",1581902429.0,175,,65,1
142,6016040385256688640,"TIN NÓNG TỪ BÁO THANH NIÊN
Đã có thêm 3 người ở Trúc Bạch, Bạch Mai và Vĩnh Tuy nghi nhiễm.",1583766720.0,20,3,0,1
143,-846224887443774080,"CORONA, KHÓ MÀ KHÔNG KHÓ Virus gây cúm sẽ hành ta sốt 7 ngày, trước đó ủ bệnh cũng khoảng 4 ngày. Nếu thời gian sốt 7 ngày mà ta không chết thì virus tự mất. Nghĩa là cơ thể ta cần 7 ngày để thiết lập một hệ miễn dịch với virus gây cúm. Ta không có thuốc giết virus gây cúm, nhưng đừng để chết thì cơ thể ta sẽ giết chúng. Corona này cũng vậy, miễn sao ta đừng để chết trong vòng 24 ngày thì cơ thể ta sẽ thiết lập xong hệ miễn dịch tiêu diệt được corona. Phổi bị viêm, bị mất chứ...c năng hoạt động, làm ta bị ngạt thở và chết vì ngạt thở. Nếu ta cầm cự giữ cho phổi hoạt động lây lất qua 24 ngày thì virus corona sẽ bị cơ thể ta tiêu diệt. Để có thể cầm cự được thì ta phải tập luyện tích cực, uống địa long và đặc biệt là uống nước sả luộc suốt cả ngày. Sả là vị thuốc có tính trợ phổi, sẽ giúp phổi không bị tê liệt khi bị virus corona tấn công. Uống nước sả cả ngày, uống no luôn. Tránh những hoạt động hay ăn uống làm mất sức, làm suy yếu cơ thể, để giúp cho cơ thể có đủ thời gian thiết lập hệ thống miễn dịch đánh lại virus corona. Từ bây giờ cứ coi như mình đã dính corona, và đi vào liệu trình giữ phổi 24 ngày không bị tê liệt. ST Xem thêm",1580879664.0,227,13,203,1
144,1420034076896681984,"Thông tin mới nhất từ lạc thủy hòa bình, đã có một người đi làm ở Trung Quốc, vì sợ mắc bệnh
bên đó nên người này đã gấp rút trở về quê hương, ai ngờ chính họ cũng ko biết đc rằng
mình đã nhiễm vi rút Corona, hiện tại đang đc cấp cứu và cách ly tại Bệnh viện lạc thủy hòa
bình mình rồi, mọi người nên phòng tránh bằng những biện pháp an toàn nhé",1580535420.0,unknown,unknown,unknown,1
145,5891114380976951296,"Mỗi người dân VN đến nay mang nợ 4646 USD, và bình quân mỗi ngày tăng 1USD!",1587345061.0,13,0,0,1
146,-2358301397276763136,"Toang rồi Nghệ An ơi...
UBND xã Nghĩa Thuận, thị xã Thái Hòa ra chỉ tạo phong tỏa, cách ly tuyệt đối hai xóm ổ dịch tại địa phương. Nội bất xuất - Ngoại bất nhập... ",1585797660.0,396,18,13,1
147,-2531377082413864960,"Nhật Bản kiểm soát gắt mà lên con số nhiễm dịch bệnh 247 người, còn VN thì chỉ có 16 người chứng tỏ VN mình quá giỏi phải không ah ??? Các bạn có thấy lạ ko

""nghe con bạn thân ở SG bên Q9 có 2 bé bị nhiễm ma ko ai giám đăng lên"" ",1581639840.0,unknown,unknown,unknown,1
148,3545788662839834112,"Tin khẩn cấp, vừa có vụ bắt cóc trẻ em ở krong pa, cách đây 3ngay, người đàn ông có mang theo súng để khống chế người dân đi rẫy, hiện tại công an địa phương đang truy tìm, mong các mom có con đi học, đi chơi phải có sự giám sát của ph đi theo, chứ ko mất con như chơi",1502253240.0,unknown,unknown,unknown,1
149,-6433369628592147456,"Một bác sống ở Canada vừa mới báo 1 tin vui từ Canada trong cuộc chiến chống corona, con gái bác cũng làm trong ngành y ở Canada nên các bạn có thể tin tưởng và áp dụng theo: Hôm nay, 1 nhà khoa học Canada vừa tìm ra được là nếu khẩu trang có tẩm muối, Corona dính vào sẽ bị giết trong vòng 5 phút. Trong lúc chờ đợi khẩu trang tẩm muối được bán trên thị trường, các bạn có thể làm theo cách sau đây : 1. Hai chén muối khuấy đều với nửa chén nước lọc cho muối tan.... 2. Dùng cọ bôi lên nhiều lần dung dịch muối ở phía ngoài khẩu trang. Chờ khô, làm lại 2 lần nữa và sau đó có thể dùng khẩu trang đi ra ngoài. 3. Nếu không có N95, có thể áp dụng tạm thời trên khẩu trang giấy chống bụi, hoặc khẩu trang bằng vải thường dùng. Nếu dùng khẩu trang vải, cứ 2 ngày giặt nó 1 lần và tẩm muối như vừa chỉ dẫn trên. Nhớ là phải phơi khẩu trang cho thật khô trước khi dùng. 4. Không chỉ giết corona, mà muối còn giết được tất cả những virus khác trong không khí ! Các bạn đọc thêm ở đây, và thấy có thể làm theo thì nên share post này đến nhiều người để cộng đồng có thêm cách phòng chống. Cộng đồng an toàn hơn thì mỗi chúng ta cũng an toàn hơn. Xem thêm",1581206808.0,179,28,1100,1
150,-7284455175649160192,"UBND TP Hồ CHí Minh đã ra thông báo cho học sinh, sinh viên, học viên các cấp học, bậc học mầm non, tiểu học, trung học cở sở, trung học phổ thông, giáo dục thường xuyên và các đơn vị trực thuộc trên địa bàn thành phố được nghỉ học từ ngày 03/02/2020 đến hết ngày 21/02/2020.",1581506820.0,210,35,12,1
151,8102415637753953280,"Thông báo

Bệnh viện Thái Hòa Hồng Ngự mới tiếp nhận người dân Campuchia nhiễm bệnh chuyến này chắc ở nhà cho lành, cứ tưởng là không đi làm về quê cho an lành nào ngờ chạy trời không khỏi nắng. Mua mì để sẵn cho chắc. Chứ sợ quá huhu mong là không có mọi người ơi.",1583741700.0,unknown,unknown,unknown,1
152,6150186235768251392,"KHẨN CẤP VÀ NGHIÊM TÚC.

Vũng Tàu đã có ca bệnh nhân dương tính rồi. Mọi người ơi, nếu lỡ tiếp xúc với người có nguy cơ, hãy súc miệng nước muối ấm (ko chắc chắn với tỉ lệ đúng) hãy mua nước súc miệng của Đông nha.",1584450420.0,501,76,56,1
153,3961693638994031104,"TIN SHOCK: BẮT TẠM GIAM THIẾU UỶ CÔNG AN HÌNH SỰ TỈNH THÁI NGUYÊN, ĐỂ ĐIỀU TRA KẺ CHỦ MƯU TRONG VỤ ÁN BẮT CÓC VÀ SÁT HẠI NỮ SINH GIAO GÀ GÂY CHẤN ĐỘNG ĐIỆN BIÊN CHIỀU 30 TẾT ...?

Như mọi người đã biết công an điều tra sau một thời gian đấu tranh khai thác đã lôi ra ánh sáng
kẻ chủ mưu và đồng loã thứ 9 & 10 trong trong vụ sát hại nữ sinh giao gà.",1557327900.0,unknown,unknown,unknown,1
154,-831730631711926144,"Nguyên liệu sữa Vinamilk.

Các ảnh này là sữa bột từ Trung Quốc được mang về làm sữa nước Vinamilk. từ nay, bản thân mình cũng không dám tin vào cái gọi là sữa tươi nữa.

Nghĩ cũng lạ, con bò nuôi sữa có mấy con đâu, sao đủ sữa tươi bán ra thị trường, rồi cung cấp cho sữa học đường, cho người dân cả nước. ",1575539700.0,2111,91,106,1
155,1122222180300765952,TIN SỐC Sáng nay 7h Ca Phẫu Thuật THẤT BẠI hàng trăm nghệ sĩ bật khóc khi nghe Tin vè Hoài Linh,1501297200.0,unknown,unknown,unknown,1
156,7881471859525390336,"40 lò hỏa táng di động thiêu 200 tấn xác mỗi ngày được chi viện gấp cho Vũ Hán

Dịch viêm phổi Vũ Hán tiếp tục lan rộng và khó có thể thống kê được số người tử vong. Truyền thông Trung Quốc cho biết đã có 40 ""cabin xử lý rác và xác động vật"" đã được chi viện cấp tốc cho tâm dịch Vũ Hán. Mỗi cabin này có thể duy trì ""thiêu hủy trong 2 giây"" và đốt 5 tấn xác chết mỗi ngày. Có cư dân mạng bình luận: ""Thật kinh khủng... rốt cuộc là có bao nhiêu người đã chết?""",1582172700.0,23,16,0,1
157,1704970406426641920,"XIN CÁC BẠN HÃY TIẾP TAY CHIA SẺ RỘNG ĐẾN MỌI NGƯỜI, MỌI GIA ĐÌNH. TIN VUI: KHẨU TRANG CÓ THỂ GIẾT CHẾT VIRUS CORONA TRONG VÒNG 5 PHÚT Hôm nay, 1 nhà khoa học Canada vừa tìm ra được là nếu khẩu trang có tẩm muối, Corona dính vào sẽ bị giết trong vòng 5 phút.... Trong lúc chờ đợi khẩu trang tẩm muối được bán trên thị trường, các bạn có thể làm theo cách sau đây: 1. Hai chén muối khuấy đều với nửa chén nước lọc (đun sôi) cho muối tan. 2. Dùng cọ bôi lên nhiều lần dung dịch muối ở phía ngoài khẩu trang. Chờ khô, làm lại 2 lần nữa và sau đó có thể dùng khẩu trang đi ra ngoài. 3. Nếu không có N95, có thể áp dụng tạm thời trên khẩu trang giấy chống bụi, hoặc khẩu trang bằng vải thường dùng. Nếu dùng khẩu trang vải, cứ 2 ngày giặt nó 1 lần và tẩm muối như vừa chỉ dẫn trên. Nhớ là phải phơi khẩu trang cho thật khô trước khi dùng. 4. Không chỉ giết corona, mà muối còn giết được tất cả những virus khác trong không khí ! Thông tin này cũng đã được đăng trên tạp chí Business Insider. Các bạn đọc thêm ở đây, và thấy có thể làm theo thì nên share post này đến nhiều người để cộng đồng có thêm cách phòng chống. Cộng đồng an toàn hơn thì mỗi chúng ta cũng an toàn hơn https://www.businessinsider.com/mask-coated-in-salt-neutral… Xem thêm",1581231498.0,2000,596,8300,1
158,-828327603080071936,"Thông tin mới nhất về covid Đà Lạt, Đà Lạt có 3 ca nhiễm Covid-19. Trong đó 1 ca đã tử vong lúc 4h sáng nay. 2 ca
còn lại đã được mang đi cách ly. Chính quyền đang lên danh sách những người tiếp xúc với 3 bệnh nhân đó. Dự tính số người tiếp xúc với bệnh nhân khoảng trên dưới 500 người. Bệnh nhân tử vong bên đường Đa Phú, Còn 2 bênh nhân còn lại ở chợ Đà Lạt.

Thông tin mình sẽ cập nhật thêm. Mọi người chú ÿ không đi đâu nếu không cần thiết.

=>> Thông tin trên hoàn toàn chính xác. Không phải mình đùa 1/4 đâu, MÌnh cũng ko dư 12 triệu đóng phạt đâu, nên ko rảnh đăng tin tào lao làm gì. Nên mọi người ai không tin thì lượn chỗ khác.",1585734840.0,unknown,unknown,unknown,1
159,-1342260937187376896,"TIN NÓNG
TP Đà Nẵng chuẩn bị có quận mới được thành lập mang tên Quận Hiếu Đức. Quận sẽ được thành lập trong cuối năm nay bao gồm 04 xã : Hòa Khương, Hòa Nhơn, Hòa Phong và Hòa Tiến.
Chúng tôi có hơn 100 lô đất ở nông thông thuộc khu vực này, sổ đỏ chính chủ, giá từ 1.3 - 1.8 tỷ với kích thước từ 5m5-10m5. Vị trí cực đẹp, diện tích lớn.
Cơ hội đầu tư có một không hai để khách hàng có thông tin và đi khảo sát.",1552118400.0,110,34,8,1
160,-3440096243054529024,Tỷ phú Bill Gates là người tung virus corona. Quỹ Gates nghiên cứu loại virus này.,1580884680.0,21,1 comment,0,1
161,8728947323432758272,"Mọi người ơi, COVID-19 đến rồi. Mọi người ở nhà đóng kín cửa, làm gì hãy alo cho em lấy 1 cây Pod hút cho đời bớt sầu đi nào, Công dụng chống COVID-19-20 nhá mọi người. Em ship 24/24 tận giường nhé. Em mới về Pod số lượng lớn, hút thơm như Ngọc Trinh...",1585303440.0,136,15,5,1
162,-3143957634071833088,"Thông báo gấp: chính thức Đập Hồ Núi Cốc sáng nay bị vỡ, hiện nay các trường học ở Đại Từ - Phú Lương đã cho học sinh nghỉ hết, mọi người ở khu vực thành phố cẩn thận nhé lũ sẽ về rất nhanh! Mình không câu like đâu nhé, chia sẻ để mọi người cảnh giác! ",1503923520.0,unknown,unknown,unknown,1
163,-359777913515161408,"Ông Lê Thanh Liêm, Phó Chủ tịch UBND TP.HCM phát biểu Việt Nam giấu diếm thông tin... Search clip phía dưới! ",1585563060.0,110,24,8,1
164,-8924242911834971136,Có một sinh viên học ở TP.HCM về nhà tại huyện Krông Ana (Đắk Lắk) dương tính với COVID-19.,1585229640.0,329,50,29,1
165,4573348433520522240,"Nga, Mỹ đều công bố Covid19 là ""nhân tạo"", đã đến lúc Việt Nam tự phòng chống vũ khí sinh học của Trung Quốc",1588306500.0,unknown,unknown,unknown,1
166,2157663262780409088,"Mưa to quá máy bay rơi luôn...thật là kinh khủng...
Nội bài này ",1500547860.0,unknown,unknown,unknown,1
167,-3972915140026206208,"Dịch epola đang hoành hành tại ba vì. Em tên p. V H (sin dấu tên) tại trường tiểu học xã cẩm Lĩnh .đang trong giờ học có dấu hiều sốt cao nôn mửa nổi nốt ban được gia đình chuyển xuống hà nội nhập cách li để theo dõi. Hiện tại trường mầm non, cấp 1,cấp 2 xã cẩm lĩnh được nghỉ học trong vòng 1 tuần trong thời gian dịch epola đang diễn biến phức tạp",1557929160.0,unknown,unknown,unknown,1
168,8369727844879437824,"Trong lúc lúng túng, tỉnh Bình Định cho học sinh nghỉ thêm 1000 năm 😀😀😀😀
 Nguồn https://www.facebook.com/groups/261754421478402/",1585963459.0,180,63,19,1
169,5866792369706212352,"Bây giờ công ty mình ở Châu Thành A cũng toang rồi, đã có ca nhiễm đầu tiên.",1583748000.0,229,9,34,1
170,-2550818772276944896,"TIN CHẤN ĐỘNG CẢ NƯỚC MỸ
 TƯỢNG ĐÀI WASHINGTON ĐÃ BỊ LẬT ĐỔ TẮM XĂNG ĐỐT VÀ ĐẬP PHÁ CÁC TƯỢNG ĐÀI LỊCH SỬ KHÁC",1592665070.0,2,6,0,1
171,1215253802469388032,"Ca Phẫu Thuật thất bại. Hoài Linh lâm vào tình trạng hôn mê...

Hôm qua, Hoài Linh Phải thực hiện ca phẫu thuật ung thư tuyến Giáp gấp tại Bệnh Viện Hoàn Mỹ Sài Gòn vì tình hình càng tệ đi khi toàn thân nghệ sĩ bắt đầu đau nhức.",1501295400.0,unknown,unknown,unknown,1
172,-7069420986262397952,"Những người nhóm máu o ko bị mắc covid-19

Ai nhóm máu này điểm danh cái nhỉ

>>> em nhóm máu o, còn ai giống em ko",1587085920.0,unknown,unknown,unknown,1
173,556189038078187520,"Báo đã xác minh Nhung từng đến 18T, Times city! Chết rồi toang Times nhà em :((
Vừa tức vừa sợ cái hoàn cảnh này :((",1583694720.0,90,45,2,1
174,-2626539417445573120,"Phương thuốc thần dân gian:
1/3 sữa ông thọ pha với 1 gói cà phê  hòa tan và 1/2 ly rượu trắng,  hay trộn 1 lon nước bò húc với mật ong và rượu vang, mỗi ngày súc  miệng 3 lần bằng rượu và dầu nóng thì  không virus nào “tấn công” được.",1583806800.0,135,22,8,1
175,7711231872472230912,"Các Bố Mẹ lưu ý cân nhắc ạ.

“Báo cáo cô và các bố mẹ! E vừa dự cuộc họp khẩn của CTich với Sở Yte và một số Sở liên quan từ 16:00-19:00 hôm nay, vừa tan họp. Thông tin cuộc họp dự báo 15 ngày tới sẽ là những ngày căng thẳng vô cùng, mọi ng lưu ý nhắc gia đình hạn chế tối đa ra đường nhé! Ngày mai 18/3, HN phải đón 1800 người bạy về từ các nc Châu Á nên đây sẽ là nguồn lây dịch tiềm năng, Trung tâm CDC kiểm soát dịch bệnh HN quá tải không làm kịp xét ngiệm 1800ng trong 1 ngày nên sẽ phải đưa hết vào các khu cách ly để xử lý dần. Các khu cách ly của quân đội đã quá tải, đầu tư xây mới lúc này cũng k kịp nên TP đang trưng dụng tạm 1 số cơ sở có sẵn nhà cửa giường chiếu để bổ sung thêm các khu cách ly nhưng nguy cơ khó đáp ứng nhu cầu. Đang tính cả phg án trưng dụng cả các khách sạn để sử dàng làm khu cách ly cho các đtg có khả ng chỉ trả. Các DN sxuat khẩu trang từ chối các cuộc đthoai của ldao TP vì k thể sxuat đủ nhu cầu.

Dự tính khi hs đi học lại, mỗi ngày số hs và gviẹn là 2,4 triệu ng, cộng với 4 triệu ng đang trong độ tuổi ldong đi làm hàng ngày, HN cần 6,4 triệu khẩu trang/ngày; nhưng các nhà máy sx hết công suất thì chỉ đáp ứng đc 7% nhu cầu. Túm lại, các A C E hạn chế đi lại, tích cóp khẩu trang phòng khi các con đi học trở lại, chăm sóc sk bản thân và gia đình chu đáo ạI",1584548280.0,unknown,unknown,unknown,1
176,1653106264856570880,"Một gia đình có 4 người ở Ngọc Thụy, Long Biên, Hà Nội đã nhiễm vi rút Corona.",1580907060.0,37,5,4,1
177,-1867073050016718080,"CẢNH BÁO
Mới hóng được 2 câu chuyện bắt cóc con nít ở Hòa Khánh nè mọi người. Em kể sơ cho các mẹ để đề phòng cẩn thận. 1 vụ bên đường tàu đoạn Ngô Thị Nhậm ra biển, bà mẹ chở con ngồi trên xe đang đi mà hắn để ý đi ngang qua giật luôn, bà mẹ sảng tri hô và được người dân abwts lại còn 1 vụ ngay khu vui chơi giải trí Chơn Tâm có thằng cu nhỏ đang chơi trước sân bị 1 bà bịt mặt tới bồng bỏ chạy. Hên là cả 2 vụ đều bị người dân bắt lại giao cho Công An xử lý, bà đó khai bả là người Bình Định và đi chung cùng 8 người nữa (còn 7 người đang lẩn quẩn khu vực khác). Nghe mà xanh mặt. Các mẹ nên cẩn thận đừng sơ hở dù chỉ 1s, con đi đâu mẹ đi theo đó. Đừng chở con 1 mình mà đi mấy đoạn đường vắng nhất là phụ nữ sẽ xử lý ko kịp. Mình ko để ý họ nhưng họ thì để ý nhất cử nhất động của mình. Sơ hở chút là mất con liền. Các bậc phụ huynh nên cẩn thận.",1496757660.0,unknown,unknown,unknown,1
178,-4104171736541967872,"Bcao cô và các bố mẹ! E vừa dự cuộc họp khẩn của CTich với Sở Yte và một số Sở liên quan từ 16:00-19:00 hôm nay, vừa tan họp. Thông tin cuộc họp dự báo 15 ngày tới sẽ là những ngày căng thẳng vô cùng, mọi ng lưu ý nhắc gia đình hạn chế tối đa ra đường nhé! Ngày mai 18/3, HN phải đón 1800 người bay về từ các nc Chấu Á nên đây sẽ là nguồn lây dịch tiềm năng, Trung tâm CDC kiểm soát dịch bệnh HN quá tải không làm kịp xét nghiệm 1800 ng trong 1 ngày nên sẽ phải đưa hết vào các khu cách ly để xử lý dần...
Các DN sxuat khẩu trang từ chối các cuộc đthoai của ldao TP vì k thể sxuat đủ nhu cầu. Dự tính khi hs đi học lại, mỗi ngày số hs và gvien là 2,4 triệu ng, cộng với 4 triệu ng đang trong độ tuổi ldong đi làm hàng ngày, HN cần 6,4 triệu khẩu trang/ngày; nhưng các nhà máy sx hết công suất thì chỉ đáp ứng được 7% nhu cầu. Túm lại, các A C E hạn chế đi lại, tích cóp khẩu trang phòng khi các con đi học trở lại, chăm sóc sk bản thân và gia đình chu đáo ạ!",1584519300.0,55,4,1 share,1
179,8204284042728497152,"Có 1 người tên T.C.Q (trú thôn Kế Xuyên 2, xã Bình Trung, huyện Thăng Bình) làm việc tại Vinpearl Nam Hội An nhiễm COVID-19.",1583978280.0,581,47,72,1
180,-1231444752126028032,Thêm 1 chiến sĩ vừa qua đời trong bệnh viện! 5 người rồi,1578396360.0,unknown,unknown,unknown,1
181,3071254503716211200,"HÀ NỘI PHONG TỎA TOÀN THÀNH PHỐ
Tin tức mới cập nhật nhất tại hiện trường khu cách ly quá tải. Hà Nội chính thức thất thủ !",1584678180.0,514,23,42,1
182,131978032864378800,Tối nay từ 11:40 tối không ai nên đi ra đường. Cửa ra vào và cửa sổ nên được đóng lại khi 5 máy bay trực thăng phun khử trùng vào không khí để diệt trừ coronavirus. Vui lòng xử lý thông tin này cho tất cả các địa chỉ liên lạc của bạn.,1585459380.0,70,5,1 share,1
183,3498669648858314752,"Vừa cập nhật dc 13 học sinh lớp 1 trường Hương Canh nhập viện và 9 cháu dương tính với Côrona. Ngoài ra 1 người dân ở Minh Tân, 1 bác sĩ của bv đa khoa tỉnh Vĩnh Phúc cũng đang nghi dương tính với côrona ạ.

Để tránh dịch bệnh và bảo vệ cho gia đình. Mai e chủ động cho 2 con nghỉ học. Chờ dịch lắng xuống lại đi học lại. ",1582634280.0,unknown,unknown,unknown,1
184,-4206251398616659968,"VN sẽ có khoảng 50,000 người chết trong vòng 2 tháng tới, nạn dịch này còn nguy hiểm hơn cả #corona. Đó là số liệu dự báo của nhóm BVSS....Sau mỗi dịp lễ lớn như: Valentine, 8/3, 20/10....thì số trẻ em bị ""bỏ rơi"" tăng vọt. Bình quân mỗi ngày có khoảng 16,600 đứa trẻ phải ""bỏ mạng"" vì sự tàn ác của các bà mẹ.... ------ Tính ra con corona không ác bằng con người, vì cả tháng trời nó ""giết"" được gần 500 người. Trong khi con người có thể ""giết"" 500.000 người trong vòng 1 tháng. Năm 2016 ,2017, Tổ chức Y tế Thế giới WHO đã thống kê thế giới có gần 60triệu ca phá thai mỗi năm. - Đứng hạng nhất là TRUNG QUỐC với 7,93 triệu đứa trẻ bị giết. - Xếp hạng nhì là VN có tới 1,52 triệu ca phá thai trong năm 2017 này. -Chưa kể các phòng khám sản họ làm chui bên ngoài ...? Bình quân tại VN cứ 19s có 01 đứa trẻ phải ""bỏ mạng"" ----------- Còn 4 ngày nữa là đến Valentine, hy vọng các bạn nam biết tìm món quà ý nghĩa cho bạn gái của mình. Đừng ""tặng"" bạn gái mình ""món quà sự sống"" khi cả 2 chưa sẵn sàng. Đừng làm điều dại dột, huỷ hoại đi mầm sống, các con xứng đáng được cất tiếng khóc chào đời, được thấy ánh mặt trời🙏 TRONG ĐẠO PHẬT SÁT SINH LÀ MỘT TRONG NHỮNG TỘI NẶNG NHẤT🙏 CHỈ CẦN CÁC MẸ QUYẾT TÂM GIỮ CON, CHÚNG TÔI QUYẾT TÂM GIÚP CÁC BẠN❤️ Liên Hệ;☎️ 0974626464 Minh Tinh 🍀Nhóm Bảo Vệ Sự Sống Thai Nhi Việt🍀 Xem thêm",1581304889.0,360,273,504,1
185,3380197056197186048,"Sợ thật. Dịch covid đã về đến Hưng Nguyên và Nam Giang rồi ạ

Mọi người ra đường cẩn thận và nhớ đeo khẩu trang vào nhé
Ai chưa có thì qua em mua ngay và liễn đi ạ khi giá đang rẻ nhé

Khẩu trang bên em luôn sẵn nhé chỉ cần mọi người ới là có liền ạ",1585887600.0,unknown,unknown,unknown,1
186,-6852763066036545536,"BÀI THUỐC MỖI SÁNG KHIẾN TÔI KHỎE MẠNH

Khuyến cáo người nhiễm Covid-19 muốn khỏi bệnh hãy uống nước tiểu của chính mình vào buổi sáng sớm. Đây chính là thần dược tăng sức đề kháng cho người bệnh và cũng sẽ trị được virus Corona, bởi trong nước tiểu có rất nhiều dưỡng chất... Giống như ở Trung Quốc nổi tiếng với món Trứng nước tiểu vậy, nhưng để điều trị virus dạng nặng này chúng ta cũng cần phải dùng trực tiếp, điều này khiến công dụng càng mạnh hơn.

",1588160100.0,10,5,1 share,1
187,347828412287794624,"BÀ CON XÃ SƠN LÔI HUYỆN BÌNH XUYÊN TỈNH VĨNH PHÚC KÍNH MẾN. Hiện nay tôi vẫn đang phát thảo dược chống các loại cảm cúm,ức chế virus, tăng cường miễn dịch phục hồi chính khí, trừ tà diệt khuẩn, lưu thông khí huyết, chống khó thở... Đây là các thảo dược dân gian vô cùng hiệu quả trong điều trị và phòng chống các dạng cảm cúm, sốt, ho, tức ngực, đau đầu, và ức chế, tiêu diệt virus. ... Tôi đã đăng bài thông báo phát thảo dược miễn phí để phòng chống nạn dịch, giúp nhân dân phần nào an lòng trước những nỗi lo về bệnh tật. Nay đại dịch đang hoành hành ở xã Sơn Lôi tôi hiểu rằng bà con rất lo lắng. Vì vậy nếu bà con tin tưởng vào thảo dược Việt Nam thì đến Việt Y chúng tôi sẽ phát miễn phí cho bà con để đẩy lùi dịch bệnh. Nếu có ai ở Bình Xuyên có cách nào chuyển thuốc cho bà con thì vui lòng liên hệ với chúng tôi. Ở Trung Quốc hiện tại họ cũng đang dùng Đông Y để chữa đại dịch và cho kết quả cao. Thậm chí báo chí còn nói đạt 90%. Trong lúc tây y đang lúng túng thì tại sao chúng ta không kết hợp cả đông tây y để sớm chấm dứt nạn dịch này? Mấy ngày nay tôi đã phát 340 xuất cho mọi người, tuy nhiên trong số đó chưa biết có ai nhiễm virus chủng mới nCoV hay không. Cứu người hơn cứu hoả, chống dịch hơn chống giặc. Tôi mong rằng bộ y tế nên khiêm tốn tiếp thu các bài thuốc dân gian để cùng nỗ lực cứu dân. Mấy hôm trước tôi có đăng một số các vị thảo dược trong các bài thông báo tuy nhiên tôi không đăng đủ. Nay tôi đăng hoàn chỉnh toàn bộ các vị thảo dược này để bộ y tế sớm xem xét và làm thành thực phẩm chức năng giúp dân. Lưu ý: người dân không được tự mình mua thảo dược để về tự chữa bệnh, vì thảo dược cần có các yếu tố. - Chất lượng phải tốt, không dùng chất bảo quản chống nấm mốc. - Kỹ thuật sao tẩm, chế biến phải đáp ứng đúng từng vị thảo dược dựa trên tính vị quy kinh. - Liều lượng và công thức dùng v.v.... Chính vì thế mà dù có rất nhiều người xin bài thảo dược để tự mua về dùng nhưng tôi không dám cho, vì sợ bà con làm không đúng thì sẽ không đạt hiệu quả, nhiều khi làm ơn còn mắc oán. Các vị thảo dược gồm: 1-Nhân sâm. 2-Thất diệp nhất chi hoa. 3-Tam thất. 4-Hà thủ ô. 5-Hồ lô ba ( cỏ ca ri ). 6-Hoàng kỳ. 7-Can khương. 8-Trầm. 9-Thương truật. 10-Bột nghệ. 11-Ma hoàng. 12- Thiên bối mẫu. 13- Hoàng liên. 14- Kim sa bảo thạch. Địa chỉ: tầng 2 nhà 32 ngõ 10 Nguyễn Văn Huyên, Cầu Giấy Hà Nội. Đt văn phòng: 0972319988. Xem thêm",1581574207.0,4900,343,838,1
188,8163060575073674240,"Phạt tiền 5-10 triệu nếu kết hôn muộn sau 30 tuổi.

Chính phủ sẽ quyết định xử phạt từ 5 đến 10 triệu đồng nếu nam, nữ kết hôn muộn sau 30 tuổi, chính phủ phê duyệt quyết định ""Chương trình điều chỉnh mức sinh phù hợp các vùng, đối tượng đến năm 2030” vào ngày 28/4.",1588756440.0,310,56,30,1
189,2032975693693739008,Học sinh chưa thể đến trường. Giám đốc Sở giáo dục Quảng Nam chuẩn bị nhận án kỷ luật.,1582523100.0,212,3,22,1
190,-6322206902087729152,"20 người dương tính lang thang ở Hà Nội nhé, các ace Hà Nội cẩn thận ạ.",1585210140.0,431,44,28,1
191,-6313264940723277824,"Quả Bồ Kết có rất nhiều tác dụng. Theo kinh nghiệm dân gian thì quả Bồ Kết córất nhiều công dụng. Trong thời điểm CORONA hoành hành, hãy xông nhà bằng quả Bồ Kết khô, đây là cách phòng bệnh cực kỳ an toàn và mang tới cho gia đình đa tác dụng. Ko sỉ ạ",1581007097.0,3,1,9,1
192,8744330215005177856,"Một trong những biện pháp hữu hiệu trong việc phòng chống dịch coronavirus (nCoV) bằng việc xông hương bồ kết. Rất tiện lợi và không phải lỉnh kỉnh chậu thau để đốt bồ kết. Nhà em có hương bồ kết sạch nguyên chất (hàng xuất Mỹ, Nhật, Hàn). Các bác nào quan tâm đến sức khỏe thì inbox cho e nhé.",1580996190.0,32,5,17,1
193,-6059064541888306176,Ai chưa xem tin tức thì cập nhật ngay nhé. GS người Pháp Raoult - giám đốc Viện nghiên cứu Bệnh viện đại học (IUH) chuyên bệnh truyền nhiễm Địa Trung Hải ở Marseille - đã khẳng định dịch sẽ hết trong 3 tuần tới tại Pháp và 6 tuần trên thế giới.,1586493720.0,167,38,4,1
194,-8250228811486231552,"Báo nước ngoài đưa tin: Anh, Đức chủ động cho dịch COVID-19 lây lan diện rộng

Sau khi qua giai đoạn phòng chống dịch xâm nhập vào, các nước điển hình như Đức và Anh hiện nay đang chủ động cho lây lan diện rộng. Việc này sẽ cho phép tạo ra miễn dịch cộng đồng nhanh nhất và tỉ lệ tử vong thấp nhất.",1583820840.0,659,81,102,1
195,8056846685888172032,Căn biệt thự trăm tỉ toàn gỗ của Chủ tịch tỉnh Nghệ An bị bốc cháy chiều mùng 4 Tết.,1549610100.0,21,11,1,1
196,2611131796942005760,"Hót hót hót Toamit Thẻ đeo chống virus, kháng khuẩn Toamit Virus Shut Out Nhật Bản - Bảo vệ cơ thể trước virus, dịch cúm Thẻ đeo chống virus Toamit Virus Shut Out bảo vệ cơ thể của bạn trước sự xâm nhập của virut, vi khuẩn, bụi, phấn hoa… Sản phẩm cao cấp của Nhật Bản đã được kiểm định chất lượng khắt khe, mang hiệu quả cao và an toàn cho sức khỏe.... Giới thiệu thẻ đeo chống virut Toamit: ➤ Ô nhiễm, dịch bệnh,... là mối nguy hại cho hệ hô hấp và sức khỏe nói chung. Đặc biệt với những người miễn dịch kém, trẻ em, người già, rất dễ bị nhiễm bệnh. ➤ Thấu hiểu điều này, các chuyên gia của Nhật Bản đã nghiên cứu và điều chế nên thẻ đeo chống virus, kháng khuẩn Toamit Virus Shut Out. Ngoài việc đeo khẩu trang ở nơi công cộng thì 1 chiếc thẻ Toamit trước ngực sẽ tạo nên hàng rào vô hình để bảo vệ cơ thể trước những tác nhân gây hại từ môi trường. ➤ Thành phần natri clorit carbon dioxide, đã được chứng minh với khả năng kháng virus, kháng khuẩn, chống bụi, phấn hoa. ➤ Thẻ đeo này vô cùng tiện dụng, phù hợp với mọi đối tượng: trẻ em, người lớn, phụ nữ mang thai,... Không gây độc hại cho sức khỏe hay kích ứng. Công dụng của thẻ đeo chống virus Toamit Virus Shut Out Nhật Bản: ✔ Bảo vệ cơ thể trước nguy cơ tấn công của virus, vi khuẩn ✔ Ngăn chặn lây nhiễm, dịch bệnh, cảm cúm ✔ Loại bỏ phấn hoa, bụi bẩn, vi trùng ở xung quanh cơ thể ✔ Bảo vệ hệ hô hấp và sức khỏe của bạn, gia đình và cộng đồng ✔ Thẻ đeo ở trước bụng, gọn nhẹ, không gây tác dụng phụ ✔ Phù hợp cho mọi người, kể cả trẻ em hay phụ nữ mang thai, người già ✔ Một thẻ đeo có hiệu lực trong 1 tháng từ khi mở Thẻ đeo chống virus Toamit Virus Shut Out có tốt không? ➥ Thẻ đeo chống virut Toamit Virus Shut Out được điều chế với thành phần axit cloric natri kết hợp carbon dioxide. Chúng tạo ra sức mạnh để tiêu diệt được virut, vi khuẩn, bụi, phấn hoa trong không gian. ➥ Thẻ được đeo ở cổ, có tác dụng làm sạch không khí trước khi đi vào cơ thể, giúp bảo vệ bạn trước nguy cơ lây nhiễm bởi dịch cúm, virus cúm, vi khuẩn, phấn hoa, bụi dị ứng,... ➥ Với thẻ đeo chống virut, bạn có thể tự tin hơn khi đến chỗ đông người. Nhưng lưu ý, vẫn nên đeo khẩu trang để được bảo vệ tốt nhất nhé! ➥ Sản phẩm của Nhật Bản đạt tiêu chuẩn khắt khe về chất lượng. Tuyệt đối không chứa chất độc hại gây nguy hiểm cho cơ thể. Cách sử dụng: Đeo trực tiếp ở cổ Một số phương pháp bảo vệ cơ thể trước dịch cúm Corona: ● Đeo khẩu trang khi đến nơi công cộng ● Rửa tay thường xuyên với xà phòng hoặc dung dịch sát khuẩn khô ● Đeo thẻ chống virus khi đi ra ngoài ● Vệ sinh không gian sống, dùng bình chống virut, kháng khuẩn trong phòng ● Tăng cường đề kháng, ăn uống đầy đủ và luyện tập thể thao Xem thêm",1581600725.0,10,1,5,1
197,6315757872326368256,TP.HCM bị phong tỏa từ ngày 28-3... Phong tỏa 14 ngày luôn nhé...,1585228920.0,170,15,2,1
198,-6478801688689956864,"VTV1 CŨNG ĐÃ NÓI RỒI NÊN MỌI NGƯỜI CỨ LÀM NHA.

Thông báo.

Đừng quên ngày mai bắt đầu điều lệ mới của Facebook, nơi họ có thể sử dụng
ảnh của bạn. Đừng quên hạn chót ngày hôm nay!!! Nó có thể được sử dụng
trong các trường hợp kiện tụng chống lại bạn ở tòa án. Tất cả những gì bạn
từng đăng đều trở thành công khai từ hôm nay ngay cả những tin nhắn đã bị
xóa hoặc những bức ảnh không được cho phép. Không tốn gì cho một bản sao
và dán đơn giản, sẽ an toàn hơn là hối hận. Kênh 13 Tin tức đã nói về sự thay
đổi trong chính sách quyền riêng tư của Facebook.

Tôi không cho Facebook hoặc bất kỳ thực thể nào liên quan đến Facebook
được phép sử dụng hình ảnh, thông tin, tin nhắn hoặc bài đăng của tôi, cả quá
khứ và tương lai. Với tuyên bố này, tôi nghiêm cấm Facebook tiết lộ, sao chép,
phân phối, hoặc thực hiện bất kỳ hành động nào khác chống lại tôi dựa trên
trang cá nhân này và / hoặc nội dung của nó. Nội dung của trang cá nhân này
là thông tin riêng tư và bí mật. Việc vi phạm quyền riêng tư có thể bị luật pháp
trừng phạt (UCC 1-308-1 1 308-103 và quy định Rome.

Lưu ý: Facebook bây giờ là một thực thể công khai. Tất cả các thành viên của
Facebook phải đăng một bản thông báo như thế này để tránh phiền hà sau này.
Nếu bạn thích, bạn có thể sao chép và dán phiên bản này. Nếu bạn không đưa
ra một tuyên bố như thế này, nó sẽ bị hiểu ngầm là bạn cho phép Facebook sử
dụng các bức ảnh của bạn, cũng như thông tin chứa trong các bài viết cập
nhật của bạn về trạng thái hoặc hồ sơ cá nhân.

TÔI KHÔNG ĐỒNG Ý CHO FACEBOOK CHIA SẺ ẢNH HOẶC TÌN CÁ NHÂN CỦA
TÔI",1596937620.0,unknown,unknown,unknown,1
199,-5008585419630108672,"Thêm nghi vấn virus Corona mới xuất phát từ một phòng thí nghiệm ở Vũ Hán. Xin nói ngay đây là tựa đề bài được đăng trên báo thanh niên, một cơ quan ngôn luận chính thống về truyền thông, nên cũng muốn bàn thêm về bài báo hôm trước của TQ được đăng trên Lancet mà tôi có dịp nói qua. Khác với Letter của BV Chợ Rẫy đăng trên NEJM đây là bài research article được đăng trên Lancet danh giá, niềm mơ ước của những ai làm NCKH về credits. Bài báo ngay rốn dịch, nhưng đăng chậm hơn... cả cảnh báo của Chợ Rẫy. Họ không báo cáo nhanh mà đủ bình tĩnh để nghiên cứu khá tỉ mỉ đến độ receptor binding, làm tiền đề cho sản xuất thuốc. Vì thế có thể nói họ hiểu rất tường tận về virus này, thêm 2 thông tin khó lý giải nữa, đó là: 1. Theo bài báo thông tin các bệnh nhân nhập viện 12/2019 nghĩa là rất gần đây nhưng ngày nhập viện của 9 bn tác giả bài báo họ chỉ tiết lộ 2 còn 7 ghi ko xác định, điều này là khó chấp nhận và cho thấy cỡ Lancet mà cũng khá dễ dãi trong bình duyệt. 2. Trong lúc dầu sôi lửa bỏng thế mà họ đệ đơn xin được kinh phí của một loạt tổ chức nhà nước để tài trợ cho công trình nghiên cứu rồi mới bắt tay làm kể cũng lạ. P/s: xin được thỉnh giáo thêm các anh em làm NCKH! Đa tạ! Xem thêm",1582040428.0,74,6,1,1
200,-8316532421526346752,"Hiệp hội Bất động sản TP. HCM (HoREA) mới đây có văn bản Số: 69/2020/CV- HoREA gửi Thủ tướng, Bộ Xây dựng đề xuất kiểm soát tình trạng khoét lõm xây dựng “chung cư mini” làm phá vỡ quy hoạch, gia tăng áp lực lên hệ thống hạ tầng đô thị và không đảm bảo an toàn phòng cháy chữa cháy.",1593420550.0,2,0,,0
201,4686056574353032192,"Trước tình hình diễn biến phức tạp bởi dịch bệnh Corona tại Hàn Quốc, không trông chờ ỉ nại vào Hàn Quốc, chính phủ Việt Nam đã thành lập đường dây nóng và tổng đài bảo hộ công dân mình (+82106.315.6618 và +84981.84.84.84 )  Bất cứ công dân nào ở Hàn Quốc cần trợ giúp đều có thể liên hệ với số điện thoại trên. Nếu tình thế tiếp tục diễn biến phức tạp, nhà nước sẽ xem xét đến phương án di tản người Việt Nam tại HQ về nước, tất nhiên sẽ ""buộc"" họ vào khu cách ly của cơ quan y tế Bộ quốc phòng 14 ngày để  theo dõi giám sát Thủ tướng phát biểu chỉ đạo: Cuộc chiến này không có ai bị bỏ lại. P/s: Các bạn ai có người thân đang lao động và làm việc ở Hàn Quốc thì hãy gửi tin này cho họ để họ biết nhé!",1582419477.0,1500,610,2300,0
202,-8906719260466179072,"""Hôm qua tôi có tham gia trả lời phỏng vấn của Đài tiếng nói Việt Nam về vấn đề tiền điện hiện nay trong mục ""Sự kiện và Bình luận"".

Quan điểm của tôi là phải tự do hóa thị trường bán lẻ điện (giống như thị trường bán lẻ ga cho tiêu dùng như hiện nay), giải độc quyền thị trường bán lẻ.

[http://vov1.vn/su-kien-va-ban-luan/nguoi-dan-bat-an-voi-gia-dien-2362020-c100-60916.aspx](http://vov1.vn/su-kien-va-ban-luan/nguoi-dan-bat-an-voi-gia-dien-2362020-c100-60916.aspx) ""
---------
Tiến sĩ Nguyễn Đức Thành",1592972382.0,8,0,1,0
203,1543548005049796096,"# **Nỗ lực hỗ trợ doanh nghiệp vượt khó**

# Do ảnh hưởng nghiêm trọng của đại dịch Covid-19, rất nhiều doanh nghiệp ở tỉnh Hải Dương chịu ảnh hưởng nặng nề và làm giảm thu ngân sách của tỉnh. Trước tình hình đó, Cục thuế Hải Dương đã khẩn trương thực hiện các giải pháp hỗ trợ, tháo gỡ khó khăn cho doanh nghiệp theo tinh thần chỉ đạo của Chính phủ.
# **Nguồn thu sụt giảm**
# Theo Cục trưởng Cục Thuế Hải Dương, Nguyễn Năng Hoàn, năm nay là năm ngành thuế tỉnh phải nỗ lực phấn đấu, cố gắng khắc phục giảm thu càng nhiều càng tốt. Tính đến ngày 15-4, tổng thu nội địa của tỉnh Hải Dương mới đạt hơn 3761,4 tỷ đồng, tương đương 67,5% so cùng kỳ năm trước (CKNT). Trong đó, thu từ doanh nghiệp có vốn đầu tư nước ngoài mới đạt 1110 tỷ đồng, bằng 56,2% CKNT. Khu vực ngoài quốc doanh, lũy kế đến 15-4, thu được 649,9 tỷ đồng, bằng 67,3% CKNT. Khu vực doanh nghiệp nhà nước thu được 50 ngìn tỷ đồng, tương đương 73,6% CKNT. Đáng chú ý, nguồn thu từ sáu doanh nghiệp trọng điểm, gồm: Công ty Nhiệt điện Phả Lại, Công ty Xi-măng Hoàng Thạch, Công ty Bia Hà Nội - Hải Dương, Công ty Ford Việt Nam, Công ty Thép Hòa Phát, Nhà thầu Điện lực JAKS đến giữa tháng 4 mới đạt 766,2 tỷ đồng, bằng 42,6% so CKNT. Theo Chi cục Thuế TP Hải Dương, tổng thu ngân sách nhà nước trên địa bàn thành phố ba tháng đầu năm chỉ đạt 245,1 tỷ đồng, bằng 32,9% so CKNT.
# Nhiều doanh nghiệp còn phải đối mặt với thiếu nguồn nhân lực, thiếu đội ngũ chuyên gia cao cấp do ảnh hưởng của dịch bệnh, không ít doanh nghiệp vừa và nhỏ hoạt động ở các lĩnh vực kinh doanh nhà hàng, khách sạn, du lịch cũng đang lao đao vì sau thời gian cách ly xã hội mở cửa trở lại nhưng rất vắng khách hàng. Những khó khăn trên đã làm cho các doanh nghiệp trên địa bàn tỉnh Hải Dương khó có thể hoàn thành nghĩa vụ thuế thời gian này.
# Ngay sau khi Chính phủ ban hành Nghị định số 41/2020/NĐ-CP quy định về gia hạn thời hạn nộp thuế giá trị gia tăng, thuế thu nhập doanh nghiệp, thuế thu nhập cá nhân và tiền thuê đất, Cục Thuế tỉnh đã chỉ đạo các phòng nghiệp vụ, các chi cục thuế trực thuộc tiến hành rà soát, phân tích đánh giá từng ngành nghè, lĩnh vực, đặc biệt là khối doanh nghiệp nhỏ, siêu nhỏ, các hộ kinh doanh cá thể, những đối tượng bị tác động trực tiếp bởi dịch bệnh. Trên cơ sở đó, các phòng nghiệp vụ, các chi cục thuế phổ biến đầy đủ thông tin chi tiết về chính sách ưu đãi quy định đến người nộp thuế. Phối hợp các cơ quan truyền thông tuyên truyền đầy đủ, kịp thời thông tin về chính sách gia hạn thời hạn nộp thuế để mọi đối tượng được biết và thụ hưởng.
# **Đồng hành cùng doanh nghiệp**
# Hải Dương có 98% số doanh nghiệp thuộc diện được hưởng chính sách chậm thời hạn nộp thuế và hơn 14 nghìn hộ kinh doanh cá thể. Để tạo điều kiện cho các doanh nghiệp, hộ kinh doanh vượt qua khó khăn trước mắt và lâu dài, Cục Thuế tỉnh Hải Dương đã rà soát và tham mưu cho UBND tỉnh các giải pháp về chính sách hỗ trợ người nộp thuế đang gặp khó khăn, kịp thời tháo gỡ, nuôi dưỡng và tạo nguồn tăng thu cho ngân sách nhà nước.
# Bên cạnh đó, ngành thuế tỉnh tạm thời ngừng tất cả các cuộc thanh tra, kiểm tra thuế tại trụ sở người nộp thuế để tạo điều kiện cho doanh nghiệp chủ động ứng phó với dịch bệnh và ổn định sản xuất kinh doanh. Việc tiếp nhận hồ sơ, thủ tục gia hạn được các đơn vị ngành thuế triển khai cơ bản bằng hình thức kê khai điện tử. Tại bộ phận một cửa của Cục Thuế tỉnh và tại các chi cục thuế đều bố trí cán bộ chuyên môn tiếp nhận hồ sơ và hướng dẫn kê khai thuế, tư vấn hỗ trợ người nộp thuế về cách thức, thủ tục đề nghị được gia hạn thuế.
# Ông Nguyễn Địch Dũng, Giám đốc Công ty CP Giao nhận kho vận Hải Dương cho biết, công ty chịu ảnh hưởng nghiêm trọng từ dịch Covid-19, sản lượng và doanh thu giảm tới 40%. Lẽ ra đợt này đơn vị phải nộp thuế 3,2 tỷ đồng. Nhờ chính sách được chậm nộp thuế, đơn vị có tiền trả lương cho người lao động và tái cơ cấu một số khâu sản xuất, dịch vụ, mở ra hướng đi phù hợp trước diễn biến phức tạp của dịch bệnh.
# Tổng Giám đốc Công ty CP chế tạo bơm Hải Dương, Nguyễn Trọng Nam cũng bớt âu lo bởi chưa phải nôp khoản tiền thuế tám tỷ đồng, tâm sự, được giãn nộp thuế, đơn vị giảm nhiều áp lực, tập trung lo cho công tác quản trị và công tác thị trường. Nếu tính thời gian 5 tháng, đơn vị được chậm nộp thuế hàng chục tỷ đồng. Chính sách đúng đắn, kịp thời của Chính phủ và sự đồng hành của ngành thuế trong triển khai thực hiện Nghị định 41 là sự động viên, khích lệ kịp thời, giúp các doanh nghiệp, cơ sở sản xuất vượt khó trong giai đoạn hiện nay, nỗ lực vươn lên, vì mục tiêu nước giàu, dân mạnh

QUỐC VINH.

",1588006274.0,,0,,0
204,803527139942472064,"Tiếp tục một ngày chống dịch hiệu quả, tới sáng 6/4, Việt Nam không ghi nhận thêm ca mắc Covid-19 mới.

Con số bệnh nhân hiện tại là 241, số ca âm tính ngày càng tăng và khỏi bệnh hoàn toàn tới 91, cho thấy dấu hiệu tích cực.

Về tình hình điều trị, 150 người bệnh mắc COVID-19 hiện đang điều trị tại 21 cơ sở y tế. Trong số này đã có những người bệnh có kết quả khả quan.

Cụ thể, số ca âm tính từ 1 lần trở lên đã tăng lên 52 ca, trong đó âm tính từ 2 lần trở lên tăng lên 23 ca. Dự kiến hôm nay ngày 6/4 sẽ có một vài ca được xuất viện.

Chiều tối hôm qua 5/4, bệnh nhân người Anh, 66 tuổi là ca số 57 đã xuất viện.

Anh Tây Lông này ra viện, mắt đỏ hoe và cúi đầu cảm ơn y bác sĩ, như được cứu sống lần 2 !",1586145393.0,26,8,1,0
205,1640000666715729920,"Chắc xây xong bán vé thu tiền trả nợ?

""Trong lúc sự việc UBND và Huyện uỷ huyện Yên Định (Thanh Hoá) nợ tiền tiếp khách lên đến hơn 50 tỉ đồng chưa được làm rõ thì huyện này lại đề xuất xây dựng tượng đài với tổng mức đầu tư 20 tỉ đồng...""",1588746260.0,73,42,8,0
206,-9100709914233624576,"Bộ Tài nguyên và Môi trường; Tổng cục Địa chất và Khoáng sản sẽ xử lý những vi phạm tại Kiên Giang như thế nào?

[https://lsvn.vn/thanh-tra-chinh-phu-diem-mat-nhung-sai-pham-trong-cong-tac-quan-ly-nha-nuoc-ve-khoang-san-tai-tinh-kien-giang.html](https://lsvn.vn/thanh-tra-chinh-phu-diem-mat-nhung-sai-pham-trong-cong-tac-quan-ly-nha-nuoc-ve-khoang-san-tai-tinh-kien-giang.html)",1589255740.0,5,0,1,0
207,-4705183518513794048,"NÓNG: Bệnh nhân 137' dương tính trở lại sau xuất viện
Hết thời hạn cách ly 14 ngày sau xuất viện, kết quả xét nghiệm ""bệnh nhân 137"" dương tính nCoV. Anh được đưa trở lại bệnh viện Bệnh Nhiệt đới đêm 23/4.",1587715791.0,5,0,2,0
208,-2519929563445468160,"Mới đây, Bộ TT&TT đã tổ chức buổi lễ ra mắt ứng dụng họp video trực tuyến Zavi do đội ngũ các kĩ sư Việt Nam phát triển.

Theo thông tin từ nhóm phát triển, ứng dụng Zavi có thể hoạt động trên nhiều thiết bị bao gồm máy tính (Windows, macOS), điện thoại (Android, iOS), máy tính bảng và trình duyệt, hỗ trợ 100 người tham gia cùng lúc trong thời gian 24 tiếng.

Một lựa chọn khác ngoài Zoom, Skype, Google Meet... 🤣",1589553921.0,13,6,,0
209,-2856141489536363008,"Hồ Duy Hải còn đường sống không???

[https://lsvn.vn/co-hoi-song-cua-ho-duy-hai-co-con-sau-quyet-dinh-giam-doc-tham.html](https://lsvn.vn/co-hoi-song-cua-ho-duy-hai-co-con-sau-quyet-dinh-giam-doc-tham.html)",1588983037.0,11,3,2,0
210,-8906719260466179072,"""Cử tri đề nghị nếu Ủy ban Tư pháp hoặc Quốc hội yêu cầu điều tra lại vụ án Hồ Duy Hải thì Viện KSND cũng cần điều tra, xử lý hành vi làm sai lệch hồ sơ của vụ án.""
https://m.thanhnien.vn/thoi-su/cu-tri-de-nghi-xu-ly-hanh-vi-lam-sai-lech-ho-so-vu-an-ho-duy-hai-1241955.html
---
Xem thêm tin tức về vụ án: #Hồ_Duy_Hải",1592829412.0,46,1,6,0
211,2377731171075897856,"Khó khăn, rủi ro là điều doanh nghiệp nào cũng gặp phải trong quá trình hoạt động. Nhưng xử lý rủi ro thế nào mới làm nên danh tiếng của doanh nghiệp, và sau đó là lợi ích của doanh nghiệp.

[https://khoahocdoisong.vn/the-ket-cua-flc-trong-cac-du-an-condotel-143608.html](https://khoahocdoisong.vn/the-ket-cua-flc-trong-cac-du-an-condotel-143608.html)",1590978040.0,1,1,,0
212,-689142098539858560,"Quan điểm của các luật sư cho rằng, chuỗi hành vi của nhóm đòi nợ thuê đối với gia đình anh Lê Thành Tâm, người nợ tiền Công ty tài chính FE CREDIT, có cơ sở để khởi tố.

Anh Tâm nhảy sông Sài Gòn tự tử hôm 21/6, chỉ chưa đầy 2 ngày sau khi bị nhóm đòi nợ đe dọa, trấn áp.

",1593135393.0,66,6,9,0
213,8957917739902580736,"KHÔNG XẢY RA LÂY NHIỄM NẾU BỆNH NHÂN TÁI DƯƠNG TÍNH...

""Người bệnh tái dương tính COVID-19 không lây nhiễm"" - ông Nguyễn Văn Kính, chuyên gia cao cấp, nguyên giám đốc Bệnh viện Bệnh nhiệt đới trung ương, khẳng định.

Theo ông Kính, COVID-19 khác với bệnh SARS 2003 và nhiều bệnh khác; bệnh SARS, MERS-CoV bệnh nhân khỏi là hết virus, virus cũng chỉ tồn tại một thời gian ngắn.

""COVID-19 bản chất cũng là virus corona giống hai bệnh kể trên, nhưng tính đột biến của virus này đa dạng, không ổn định như SARS và MERS-CoV, thế giới cần nhiều thời gian để nghiên cứu về sinh bệnh học và miễn dịch của virus này""- ông Kính nói.

Và một trong những bất thường của COVID-19 là làn sóng tái dương tính ở bệnh nhân COVID-19 đã được công bố khỏi bệnh xuất hiện. Việt Nam ghi nhận 14-15 bệnh nhân tái dương tính, Hàn Quốc 260 bệnh nhân...

""Ở người tái dương tính không có bất cứ dấu hiệu lâm sàng nào, người đó có biểu hiện hoàn toàn khỏe mạnh, nhưng khi làm xét nghiệm lần cuối có kết quả tái dương tính""

Ông Kính cho biết bản chất của xét nghiệm COVID-19 hiện nay là dùng kỹ thuật Realtime PCR có độ nhạy rất cao (98%).

""Việt Nam hiện là một trong số ít ỏi các quốc gia có thể nuôi cấy, phân lập virus này, nên tất cả các ca tái dương tính quay lại chúng tôi theo dõi đều chuyển nuôi cấy, phân lập tại Viện Vệ sinh dịch tễ trung ương. Tất cả các trường hợp đều có kết quả virus không mọc lại. Kết quả này cho thấy việc xét nghiệm dương tính chỉ là phát hiện cái xác, mảnh của virus, là kết quả của quá trình thải loại. Theo dõi dịch tễ tại Trung Quốc, Việt Nam, Nhật Bản... đều không có lây nhiễm cho người nào, kể cả khi họ về cộng đồng cách ly, hoặc có tiếp xúc với người thân cũng không ghi nhận lây nhiễm"" - ông Kính nói.

Theo: Tuổi Trẻ",1588733040.0,11,0,,0
214,-9092217987598664704,"Tại nhiều địa phương, nhiều đối tượng người nước ngoài đến Việt Nam thuê người Việt đứng tên mua đất, xây nhà xưởng… gây ảnh hưởng đến tình hình quốc phòng, an ninh trật tự.
",1589447455.0,12,4,,0
215,8369727844879437824,"< Lời khai k.in.h ho.àng của cặp bố dượng, mẹ đẻ bạo hành bé 3 tuổi t ử v.ong >

Ngày 3/4, Cơ quan Cảnh sát điều tra Công an TP Hà Nội đã quyết định khởi tố bị can, tạm giam thời hạn 4 tháng đối với 2 vợ chồng Nguyễn Minh Tuấn (SN 1989) và Nguyễn Thị Lan Anh (SN 1991), đều trú tại ngõ 46 phố Phạm Ngọc Thạch, phường Phương Liên, quận Đống Đa (Hà Nội) để điều tra xử lý về hành vi “Gi..ết người”.

Nạn nhân của vụ án là cháu N.N.M (SN 2017), con riêng của Nguyễn Thị Lan Anh.

Tại cơ quan công an, vợ chồng Nguyễn Minh Tuấn và Nguyễn Thị Lan Anh khai nhận, từ đầu tháng 3/2020 thường xuyên đ...ánh đ.ậ.p, h...ành h.ạ cháu M.

Đáng chú ý, từ 8h đến 23h ngày 29/3, cả 2 đã không cho cháu ăn uống, dùng chân tay và cán chổi bằng kim loại đ...ánh liên tiếp vào cháu M.

Đến 8h30 ngày 30/3, thấy cháu M. mệt, Lan Anh cho con uống sữa nhưng cháu M. n.ôn và ngất. Cặp vợ chồng này bèn đưa cháu đến Bệnh viện Đại học Y cấp cứu, nhưng chưa đến được bệnh viện thì cháu M. đã t ử v.ong.

Ngày 3/4, sau khi tiếp nhận hồ sơ vụ án từ Công an quận Đống Đa, Cơ quan Cảnh sát điều tra, Công an TP Hà Nội đã quyết định khởi tố bị can, tạm giam 4 tháng đối với cặp vợ chồng mất nhân tính này để tiếp tục điều tra, xử lý nghiêm theo quy định của pháp luật.

Nguồn: báo Giao Thông",1585922691.0,17,14,4,0
216,2184427389792466944,"HẢI PHÒNG - Công ty TNHH Phúc Hà bị đình chỉ hoạt động vì lấy nước từ con mương ô nhiễm, xử lý qua hệ thống lọc, đóng bình thành nước tinh khiết thương hiệu Vimass.",1591685231.0,6,2,1,0
217,-479392538140677184,[T](https://nhadautu.vn/cong-ty-metran-ban-giao-hai-may-tho-dau-tien-cho-viet-nam-chong-dich-covid-19-d36450.html)uyệt vời,1588558551.0,1,0,,0
218,-8316532421526346752,"Tổng mức đầu tư dự kiến tuyến metro số 5 - giai đoạn 1 vào khoảng 1,66 tỷ USD, tương đương 38.700 tỷ đồng, được hợp vốn tài trợ bởi Chính phủ Tây Ban Nha, Ngân hàng Phát triển châu Á (ADB), Ngân hàng Tái thiết Đức (KfW) và Ngân hàng Đầu tư châu Âu (EIB). Dự kiến thời gian xây dựng từ năm 2025-2029 và đưa vào khai thác từ năm 2030.",1589452580.0,6,2,,0
219,7566979896213350400,"Kiểm toán nhà nước báo cáo gì với Quốc hội về việc chuyển nhượng dự án Phước Long B?

[https://vietnamfinance.vn/kiem-toan-nha-nuoc-bao-cao-gi-voi…](https://vietnamfinance.vn/kiem-toan-nha-nuoc-bao-cao-gi-voi-quoc-hoi-ve-viec-chuyen-nhuong-du-an-phuoc-long-b-20180504224239020.htm?fbclid=IwAR11kBu_83aIzt6yEitexP5jzVG2U--qyTIoraHI2rkQeyU5lEnmL3u-5-M)",1590459636.0,6,0,,0
220,-3251009672965514240,"Thương cho những người phụ nữ:
[https://phunuvietnam.vn/chi-em-vat-va-muu-sinh-tren-duong-pho-ha-noi-trong-nang-nong-gan-40-do-c-nhu-do-lua-20200521151225627.htm](https://phunuvietnam.vn/chi-em-vat-va-muu-sinh-tren-duong-pho-ha-noi-trong-nang-nong-gan-40-do-c-nhu-do-lua-20200521151225627.htm)",1590049869.0,11,2,,0
221,-4024059823917466112,"💞🇻🇳 Tiếp tục dừng đối với các hoạt động sau đây cho đến khi có chỉ đạo của UBND thành phố: Vũ trường, karaoke, rạp chiếu phim, xông hơi, mát-xa.
🔖 Đối với hoạt động vận tải hành khách: Cho phép hoạt động 70% tần suất đối với tuyến từ Hải Phòng đi Hà Nội, thành phố Hồ Chí Minh và ngược lại. Cho phép hoạt động 100% tần suất đối với tuyến từ Hải Phòng đi đến các tỉnh, thành phố khác và ngược lại.
",1588131639.0,1,0,,0
222,-2645342902499845120,"Trong số 17 hành khách mắc Covid-19, có 1 gia đình 3 người đã sống cùng 1 bệnh nhân dương tính tại Dubai.",1588853486.0,7,0,,0
223,9049955574700350464,"Bé trai 4 tuổi rơi xuống hố ga tử vong khi theo mẹ đi làm đồng, nhiều người dân địa phương bất bình và cho rằng nguyên nhân do đơn vị thi công không đảm bảo.
Thương tâm quá. Xin chia buồn cùng nỗi đau của người mẹ và mong pháp luật sớm vào cuộc để không còn xảy ra những tình trạng đau lòng như thế này
",1590897222.0,77,8,3,0
224,4512544810170248192,"Chủ tịch UBND TP.Hải Phòng yêu cầu UBND quận Ngô Quyền rà soát, xem xét trách nhiệm của cô giáo chủ nhiệm, của hiệu trưởng nhà trường theo quy định, đề xuất hình thức xử lý, báo cáo UBND thành phố. thôi xong .

",1590065825.0,34,12,1,0
225,-8316728319963530240,"Bộ trưởng Giáo dục đề nghị cho học sinh, sinh viên đi học trở lại từ ngày 2/3; riêng khối mầm non, tiểu học có thể nghỉ thêm 1-2 tuần. Tuy nhiên Thủ tướng cho rằng chưa thể ""chốt"" vào thời điểm này. Phát biểu khai mạc cuộc họp chiều nay 24/2, Thủ tướng nhấn mạnh, dịch Covid-19 vẫn đang diễn biến phức tạp. Hiện nay, dịch đã bùng phát ở một số quốc gia có quan hệ thương mại với Việt Nam rất lớn như Hàn Quốc, Nhật Bản. ""Chúng ta đã làm tốt rồi thì tiếp tục phải làm tốt hơn nữa, ...kiên quyết không để lây lan dịch bệnh này cho người dân Việt Nam, đó là chỉ đạo trọng điểm của Chính phủ, sức khỏe của người dân là rất quan trọng"" - Thủ tướng nhấn mạnh. Ông Nhạ đề nghị, đối với học sinh, sinh viên là đối tượng lớn có thể chủ động phòng chống dịch, có thể cho đi học trở lại từ ngày 2/3 tới. Còn đối với học sinh mầm non, tiểu học, có thể cho lùi lại 1-2 tuần, tùy theo tình hình dịch bệnh. Tuy nhiên, Thủ tướng cho rằng tình hình dịch bệnh còn diễn biến phức tạp nên chưa thể quyết cho học sinh đi học trở lại vào thời gian cụ thể ngay tại cuộc họp này, mà cần chờ đến ngày 27-28/2 mới ""chốt"" vấn đề này. Theo: Dân Trí #KSC Xem thêm",1582540053.0,57000,4900,3000,0
226,-497402647847344768,https://m.dantri.com.vn/ban-doc/duong-su-to-giac-chi-cuc-truong-hanh-dan-toi-nhieu-co-quan-trung-uong-20200624155340771.htm,1593093947.0,9,0,,0
227,-6581113671343607808,"Bình Dương : Cách ly 1 giáo viên tiếng anh ở toà nhà Becamex tower  Một giáo viên tiếng anh bị cách ly khi đi cùng chuyến bay với bệnh nhân thứ 34 nhiễm Covid-19 ( Bình Thuận ) Tối nay (ngày 11/3), Trung tâm Kiểm soát bệnh tật tỉnh Bình Dương cho biết, trung tâm đã phát hiện và cách ly 1 trường hợp đi chung chuyến bay với bệnh nhân thứ 34 dương tính với Covid-19, là ông ... Bordan...  đang là giáo viên dạy tiếng Anh tại Toà nhà Becamex Tower.  Ông Bordan... Được xác định đi chung chuyến bay QR 974 từ Qata đến sân bay Tân Sơn Nhất vào ngày 2/3/2020.  Sau khi xác định được trường hợp này, Trung tâm kiếm soát bệnh tật tỉnh Bình Dương đã nhanh chóng, kịp thời chuyển ông vào khu cách ly của Bệnh viện đa khoa tỉnh để lấy mẫu xét nghiệm. Đến nay tình hình sức khỏe ông Bordan vẫn ổn định, không có dấu hiệu của bệnh.  Trung tâm cũng tiếp tục rà soát những người tiếp xúc với ông Bordan...và đưa đi kiểm tra y tế, hoặc cách ly nếu cần thiết. Xem thêm",1583932186.0,9200,3500,5300,0
228,-8731805361067691008,"Trong lúc trao đổi, mẹ anh Sol cho biết, anh này vốn họ Thạch chứ không phải họ Nguyễn. Khi PV đặt câu hỏi về vấn đề họ của anh Sol thì người phụ nữ từ chối trả lời",1589960437.0,77,32,12,0
229,-2348788855700665856,"Đúng tinh thần dân tộc! Trong dịch thì dừng sản xuất ô tô để chế tạo máy thở, sau dịch thì giảm giá xe cả trăm triệu hỗ trợ khách hàng <3

Tâm tầm đủ cả <3

[https://vietnammoi.vn/vinfast-bat-ngo-giam-gia-xe-toi-300-trieu-dong-202005061235323.htm](https://vietnammoi.vn/vinfast-bat-ngo-giam-gia-xe-toi-300-trieu-dong-202005061235323.htm)",1588754592.0,17,24,3,0
230,5620351003100972032,"HÃY CẨN TRỌNG KHI CỬA AN TOÀN NGÀY CÀNG HẸP: Có khoảng 20 người dương tính đang “lang thang” tại Hà Nội.  🛑Chiều 25.3, Chủ tịch UBND TP.Hà Nội Nguyễn Đức Chung cho biết, sau khi tổ chức đồng bộ các biện pháp để rà soát công dân Việt Nam và người nước ngoài đến Việt Nam trước ngày 10.3 cho đến 12 giờ trưa 25.3, Hà Nội xác định có 3.042 người nhập cảnh qua sân bay Nội Bài. Trong số này, Hà Nội đã lấy mẫu được 2.128, có kết quả 993 trường hợp, và phát hiện có 4 trường hợp dương ...tính với SARS-Cov-2 (gây dịch bệnh Covid-19). ""Nếu theo tỷ lệ này, thì có nghĩa là chúng ta còn ít nhất 8 - 12 trường hợp đang dương tính mà chưa kịp phát hiện, đang chờ kết quả. Còn hơn 1.000 người chưa lấy mẫu, thì theo tỷ lệ trung bình trên thế giới, cứ 1 người lây nhiễm ra 2,4 người, thì riêng thành phố còn khoảng hơn 20 người dương tính đang đi “lang thang” trên địa bàn. Con số này hoàn toàn là tính toán khoa học”, ông Chung cho biết. 🛑Theo Chủ tịch UBND TP.Hà Nội, từ khi phòng, chống dịch cho đến nay, “nguy cơ lây nhiễm Covid-19 ra cộng đồng ngày càng lớn hơn” và “cửa an toàn ngày càng hẹp hơn”; “nguy cơ trên địa bàn có những ổ dịch bệnh mang tính chất rất phức tạp, tiềm tàng bắt đầu phát triển”, đáng kể nhất là Bệnh viện Bạch Mai. Vấn đề thứ hai, theo ông Chung, nguy cơ lây nhiễm trong cộng đồng do việc không thực hiện nghiêm túc đeo khẩu trang cũng rất lớn. “Hôm qua và hôm nay, tôi đi trên đường thấy còn rất nhiều người dân không đeo khẩu trang; vẫn còn tụ tập đông người, cúng lễ mùng 1 âm lịch; rồi các quán cà phê không được đóng cửa - mà ngồi ghế thấp, rất gần nhau. Đấy là những nguy cơ lây lan trên cộng đồng rất lớn”, ông Chung cảnh báo. Ông Chung dẫn phân tích những ổ dịch lớn diễn biến phức tạp trên thế giới trong thời gian qua, thì ổ dịch xuất hiện đầu tiên ở Vũ Hán (Trung Quốc) là từ chợ hải sản, sau đó lan ra bệnh viện, các viện dưỡng lão tập trung đông người. Tại Hàn Quốc cũng có những ổ dịch tại viện dưỡng lão - phát hiện hơn 104 người dương tính, trong đó, 9 y tá, bác sĩ; rồi tại các trung tâm dưỡng lão tại vùng Lombardy của Ý; viện dưỡng lão ở New York (Mỹ)… đều lây nhiễm trong thời gian ngắn. Ngoài ra, các ổ dịch khác phát sinh từ những nơi tập trung đông người như hội thảo khoa học ở Singapore; các hình thức sinh hoạt tôn giáo, như giáo phái Tân Thiên Địa ở Hàn Quốc, sự kiện của người Hồi giáo ở Malaysia;… hoạt động của các nhà hàng, quán bar... Theo ông Chung, hiện nay, Hà Nội có đầy đủ các yếu tố này. Đây là các điểm nguy cơ hình thành nên các đường lây nhiễm rất lớn ra cộng đồng. 🛑""Chỉ có một cách phòng ngừa tốt nhất là mọi người phải ở trong nhà” Chủ tịch UBND TP.Hà Nội cảnh báo, đang có 4 nguồn lây nhiễm lớn trên địa bàn: lây nhiễm chéo từ Bệnh viện Bạch Mai; nguồn lây nhiễm từ khách du lịch và người Việt Nam về nước trước 0 giờ ngày 14.3; nguồn trong nước (như bệnh nhân 86 là điều dưỡng Bệnh viện Bạch Mai); và nguồn từ các y tá, bác sĩ tham gia vào quy trình khám chữa bệnh và tổ chức cách ly mà đến nay chưa phát hiện được. “Ví dụ như bệnh nhân 116 ở Bệnh viện Bệnh nhiệt đới T.Ư cơ sở 2. Tôi muốn cảnh báo là ở bệnh viện này, từ ngày 6.3 đến thời điểm phát hiện ra bác sĩ nhiễm bệnh, mới tiếp nhận và chữa cho trên 50 người. Nếu tỷ lệ như kịch bản chúng ta đưa ra là tiếp nhận đến 1.000 bệnh nhân, thì có thể có đến vài chục y tá, bác sĩ nhiễm bệnh - nếu chúng ta chuẩn bị không tốt”, ông Chung nêu tình huống, và yêu cầu tất cả y tá, bác sĩ của các bệnh viện trên toàn thành phố phải tuân thủ đúng quy định; sau khi khám chữa bệnh và lấy mẫu phải tổ chức ăn ở tập trung và cách ly đến 14 ngày sau khi bệnh nhân cuối cùng đã âm tính. “Mọi người phải tự nhận thức được là chúng ta chỉ có một cách phòng ngừa tốt nhất là mọi người phải ở trong nhà, phải cách ly để phòng ngừa. Chúng ta có ưu điểm hơn Vũ Hán và các nước châu Âu là tỷ lệ đeo khẩu trang lớn hơn; nhưng mà mật độ đi lại của chúng ta đông hơn, và có hình thức tập trung lớn hơn; cho nên, nguy cơ lây nhiễm đang là rất rất lớn”, ông Chung tiếp tục nhắc nhở. Cũng theo Chủ tịch UBND TP.Hà Nội: “Không loại trừ trong những ngày tới, chúng ta sẽ tiếp tục có thêm nguồn lây nhiễm mới; mà phát hiện ở cộng đồng, từ Bệnh viện Bạch Mai là rất có thể”. Thanh niên Xem thêm",1585143837.0,3600,714,2300,0
231,2184427389792466944,"Vay tiền của một công ty tài chính nhưng không có tiền trả, người đàn ông ở Bình Dương liên tục bị giang hồ đe dọa ép trả tiền. Trong lúc bế tắc người này đã nhảy xuống sông.",1592748241.0,15,2,1,0
232,-1719442495666683904,"Bí thư Thành ủy Hà Nội đặc biệt lưu ý đến việc khai thác hiệu quả nguồn tài nguyên đất, bởi “tấc đất tấc vàng”. Muốn vậy, việc đầu tiên là phải làm tốt công tác quy hoạch.

#hanoi

#datdai

#quyhoach

",1593099441.0,6,2,,0
233,-689142098539858560,"Hai bị can bị khởi tố gồm:
1. Nguyễn Việt Hùng, sinh năm 1956, trú tại phường Hiệp Bình Phước, quận Thủ Đức, Thành phố Hồ Chí Minh, nguyên Phó Cục trưởng Cục Quản lý dược Bộ Y tế.
2. Phạm Hồng Châu, sinh năm 1957, trú tại phường Trung Văn, quận Nam Từ Liêm, thành phố Hà Nội, nguyên Trưởng Phòng Đăng ký thuốc, Cục Quản lý dược Bộ Y tế.
",1591671554.0,40,1,2,0
234,1640000666715729920,"Theo bác sĩ Trương Hữu Khanh - Trưởng khoa Nhiễm - Thần kinh, Bệnh viện Nhi Đồng 1 (TP.HCM), cho rằng việc các bậc phụ huynh trang bị kính chắn giọt bắn cho các em học sinh đi học là không cần thiết và không nên.",1588670877.0,58,13,6,0
235,-6924069813718051840,"Bắt đầu từ tháng mới (1/4), các dịch vụ xổ số sẽ buộc dừng kinh doanh trong 15 ngày để chống dịch Covid-19. Đây thực sự là chuỗi ngày khó khăn của hàng trăm nghìn người bán vé số mưu sinh, chạy vạy kiếm bữa ăn mỗi ngày.

Hậu quả của cơn đại dịch oằn rõ trên vai từng người, từng doanh nghiệp. Nhưng người lao động nghèo dễ bị tổn thương nhất khi họ không có tài sản tích lũy, không có phương án phòng bị. Giây phút này, chúng ta cần đoàn kết hơn để nhanh chóng đẩy lui đại dịch, ổn định lại cuộc sống.

Mọi người hãy cầu nguyện Cho đại dịch covid-19 nhanh chóng đẩy lui",1585581703.0,21,1,3,0
236,7566979896213350400,"Đền bù đất đai luôn là đề tài nóng!

Luật sư Trương Anh Tú, Chủ tịch TAT Law firm đã đưa ra những quan điểm rất xác thực, khách quan xung quanh vấn đề đền bù đất và việc Quốc hội lùi sửa đổi luật đất đai.

Làm thế nào để đền bù đất đai được khách quan, minh bạch,   tránh tình trạng  dự án kinh tế bản chất là lợi ích của nhà đầu tư tìm kiếm lợi nhuận nhưng gắn mác lợi ích quốc gia...

https://vietnamfinance.vn/lui-sua-doi-luat-dat-dai-can-trong-du-an-doanh-nghiep-gan-mac-loi-ich-quoc-gia-20180504224237825.htm",1587955549.0,3,0,,0
237,-4320815650229816832,"Sau 22 ngày tạm dừng, ơn trời, chiều nay lại được nghe âm thanh quay số quen thuộc.

[http://danviet.vn/kinh-te/xo-so-kien-thiet-quay-thuong-tro-lai-tu-hom-nay-1081738.html](http://danviet.vn/kinh-te/xo-so-kien-thiet-quay-thuong-tro-lai-tu-hom-nay-1081738.html)",1587598075.0,7,4,1,0
238,-4024059823917466112,"🔖 Hải Phòng công bố 05 thủ tục hành chính về hỗ trợ người dân gặp khó khăn do dịch COVID-19.
💠 Ngày 20/5/2020, UBND thành phố đã ban hành Quyết định số 1257/QĐ-UBND, công bố 05 thủ tục hành chính (Mức độ 3) về hỗ trợ Hộ kinh doanh, Người lao động bị ảnh hưởng do đại dịch COVID-19 trên địa bàn thành phố Hải Phòng.
",1590034755.0,,0,,0
239,-8861525987804944384,https://kinhdoanhvaphattrien.vn/cong-ty-bien-dong-va-bai-toan-xuat-khau-ca-tra-ra-thi-truong-toan-cau.html,1592434389.0,4,0,,0
240,5225760721038539776,"TOANG.... Phát hiện thêm một ca mắc COVID-19 ở Tây Ninh

😭😭😭Bệnh nhân đi xe khách từ Campuchia về Việt Nam bằng đường bộ. Trong thời gian bệnh nhân lưu trú tại Tây Ninh, có 17 người tiếp xúc gần.☠️☠️☠️",1589606718.0,3,1,,0
241,896764849329199104,doanh nghiệp đăng ký vốn khủng 144.000 tỷ đồng gây xôn xao vào tháng 2 vừa qua đã chính thức bị ‘khai tử’,1588845765.0,1,0,,0
242,8369727844879437824,"THÔNG TIN CA NHIỄM COVID-19

5 CA MẮC MỚI  ĐƯỢC CÁCH LY NGAY SAU KHI NHẬP CẢNH

(Hà Nội,  ngày 3/4/2020) Theo báo cáo của Viện Vệ sinh Dịch tễ Trung ương, tới 6 giờ sáng nay đã ghi nhận thêm 6  trường hợp mắc mới, nâng tổng số bệnh nhân mắc Covid-19 tại Việt Nam lên 233 người. 5 ca  trong số đó đều từ nước ngoài về và được cách ly ngay sau khi nhập cảnh, không có nguy cơ lây bệnh ra cộng đồng, ca còn lại là nhân viên Công ty Trường Sinh.

• Dự kiến trong hôm nay, ít nhất 6 bệnh nhân ở Bình Thuận sẽ được công nhận khỏi bệnh.

Theo TS Đặng Thức Anh Vũ, Phó Giám đốc Sở Y tế tỉnh Bình Thuận, 7/9 bệnh nhân Covid-19 đang được điều trị tại Bệnh viện Đa khoa tỉnh Bình Thuận đã có kết quả xét nghiệm 2 lần âm tính với Sars-CoV-2. Những bệnh nhân này có thể sẽ được công bố khỏi bệnh trong hôm nay (3/4). Tuy nhiên trong số này có một phụ nữ có con cũng mắc bệnh nhưng chưa được điều trị khỏi, nên xin ở lại cùng con cho đến khi con khỏi bệnh. Như vậy, theo dự kiến,  6 bệnh nhân của Bình Thuận sẽ được chuyển đến cơ sở cách ly để tiếp tục theo dõi sức khỏe trong 14 ngày tới.

Thông tin cụ thể và 6 ca mắc mới như sau:

CA BỆNH 228 (BN228) Bệnh nhân nam, 29 tuổi, có địa chỉ tại tỉnh Bắc Giang.  Bệnh nhân từ nước ngoài về, nhập cảnh ngày 20/3. Sau khi nhập cảnh, bệnh nhân được chuyển tới khu cách ly tập trung tại Lữ đoàn 241, tỉnh Ninh Bình và lấy mẫu bệnh phẩm chuyển đến Viện Vệ sinh Dịch tễ Trung ương. Kết quả xét nghiệm cho thấy bệnh nhân dương tính với Sars-CoV-2.  Hiện tại, bệnh nhân đang được cách ly và điều trị tại Phòng khám Đa khoa Khu vực Cầu Yên, tỉnh Ninh Bình.

CA BỆNH 229 (BN229)  Bệnh nhân nữ, 30 tuổi, có địa chỉ tại tỉnh Hà Tĩnh. Bệnh nhân từ nước ngoài về, nhập cảnh ngày 20/3. Sau khi nhập cảnh, bệnh nhân được chuyển tới khu cách ly tập trung tại Lữ đoàn 241, tỉnh Ninh Bình và lấy mẫu bệnh phẩm chuyển đến Viện Vệ sinh Dịch tễ Trung ương. Kết quả xét nghiệm cho thấy bệnh nhân dương tính với Sars-CoV-2.  Hiện tại, bệnh nhân đang được cách ly và điều trị tại Bệnh viện Đa khoa tỉnh Ninh Bình.

CA BỆNH 230 (BN230) Bệnh nhân nữ, 28 tuổi, có địa chỉ tại tỉnh Hà Tĩnh. Bệnh nhân từ nước ngoài về, nhập cảnh ngày 20/3. Sau khi nhập cảnh, bệnh nhân được chuyển tới khu cách ly tập trung tại Lữ đoàn 241, tỉnh Ninh Bình và lấy mẫu bệnh phẩm chuyển đến Viện Vệ sinh Dịch tễ Trung ương. Kết quả xét nghiệm cho thấy bệnh nhân dương tính với Sars-CoV-2.  Hiện tại, bệnh nhân đang được cách ly và điều trị tại Bệnh viện Đa khoa tỉnh Ninh Bình.

CA BỆNH 231 (BN231) Bệnh nhân nữ, là nhân viên Công ty Trường Sinh. Ngày 27/3, bệnh nhân cùng đoàn của BV Bạch Mai công tác tại tỉnh Hà Nam. Sau khi nhận thông tin về ca dương tính từ BV Bạch Mai, Trung tâm Kiểm soát Bệnh tật tỉnh Hà Nam đã thực hiện cách ly, lấy mẫu bệnh phẩm chuyển đến Viện Vệ sinh Dịch tễ Trung ương. Kết quả xét nghiệm cho thấy bệnh nhân dương tính với Sars-CoV-2.  Hiện tại, bệnh nhân đang được cách ly và điều trị tại Bệnh viện Đa khoa tỉnh Hà Nam.

CA BỆNH 232 (BN232) Bệnh nhân nam, 67 tuổi, có địa chỉ tại Bà Rịa-Vũng Tàu. Bệnh nhân từ nước ngoài về trên chuyến bay SU290, nhập cảnh ngày 27/3. Sau khi nhập cảnh, bệnh nhân được đưa vào khu cách ly của tỉnh Vĩnh Phúc và lấy mẫu bệnh phẩm chuyển đến Viện Vệ sinh Dịch tễ Trung ương. Kết quả xét nghiệm cho thấy bệnh nhân dương tính với Sars-CoV-2. Hiện tại, bệnh nhân đang được cách ly và điều trị tại Bệnh viện Bệnh Nhiệt đới Trung ương cơ sở 2.

CA BỆNH 233 (BN233) Bệnh nhân nữ, 24 tuổi, có địa chỉ tại Diễn Châu, Nghệ An. Bệnh nhân từ nước ngoài về trên chuyến bay SU290, nhập cảnh ngày 27/3. Sau khi nhập cảnh, bệnh nhân được đưa vào khu cách ly của tỉnh Vĩnh Phúc và lấy mẫu bệnh phẩm chuyển đến Viện Vệ sinh Dịch tễ Trung ương. Kết quả xét nghiệm cho thấy bệnh nhân dương tính với Sars-CoV-2. Hiện tại, bệnh nhân đang được cách ly và điều trị tại Bệnh viện Bệnh Nhiệt đới Trung ương cơ sở 2.",1585875675.0,13,14,,0
243,-518934768342074176,"Người đầu tiên phát hiện cháu bé bị bỏ rơi 3 ngày dưới hố gas: ""Nhìn thằng bé nằm im, tay chân tôi bủn rủn""",1591868131.0,34,2,,0
244,-7464585192276002816,Bộ trưởng Nguyễn Văn Thể khẳng định: “Không thanh toán thêm 50 triệu USD cho Tổng thầu Trung Quốc. Tiền của nhà nước chứ đâu phải tiền của cá nhân mình. Thời điểm này không cho phép làm khác!”.,1591758006.0,101,140,14,0
245,2184427389792466944,Hành động đẹp của Hoàng Thị Khánh Nhung đã nhận được nhiều sự khen ngợi chia sẻ của cộng đồng mạng và những người biết câu chuyện.,1591862717.0,10,1,,0
246,-1954590809943793920,https://www.atgt.vn/quang-ninh-va-cham-voi-xuong-canh-sat-giao-thong-thuy-mot-nguoi-tu-vong-d468172.html,1591679023.0,,0,,0
247,7886373793632457728,"TRẠM TRỘN BÊ TÔNG TRÁI PHÉP MỌC LÊN NHƯ NẤM, TÀN PHÁ MÔI TRƯỜNG SÔNG ĐUỐNG.

Nhiều năm qua, hàng loạt trạm trộn bê tông trái phép tại huyện Tiên Du (Bắc Ninh) hủy hoại môi trường, tàn phá hệ thống đê sông Đuống nhưng đều không bị xử lý.

Ông Nguyễn Huy Ngà, Trưởng phòng Nông nghiệp và Phát triển nông thôn huyện Tiên Du cho biết: “Tất cả các bến bãi và trạm trộn bê tông ven sông Đuống chảy qua địa bàn huyện đều xây dựng không phép. Nhiều bãi tập kết cũng chưa được giao đất nhưng vẫn hoạt động bình thường.

Việc này là do người dân và cán bộ cấp thôn, xã tự ý cho các cá nhân, tổ chức thuê đất và một phần do yếu tố lịch sử để lại. Tất nhiên chủ yếu vẫn là sự yếu kém trong công tác quản lý tại cấp cơ sở. Trách nhiệm trước hết thuộc về trưởng thôn và chủ tịch các xã”.
",1588126577.0,10,0,1,0
248,1543548005049796096,"# **Trên tuyến đầu chống dịch**
# Hiện nay, tình hình dịch Covid-19 vẫn tiềm ẩn những diễn biến phức tạp. Để tăng cường phòng, chống dịch bệnh, chính quyền, các ban, ngành, đoàn thể, các địa phương cùng người dân cả nước đã nỗ lực triển khai và thực hiện nhiều giải pháp đồng bộ và hiệu quả. Góp phần để những giải pháp này trở nên thật sự hiệu quả; từng bước đẩy lùi dịch bệnh, không thể không nhắc đến những tấm gương, vai trò xung kích trên tuyến đầu của những đoàn viên thanh niên, bộ đội biên phòng (BĐBP), Mẹ Việt Nam Anh hùng hay những bác sĩ hết lòng vì người bệnh…

",1587285567.0,,0,,0
249,4510350694120283136,"trao đổi với  cơ quan chức năng quận Hoàn Kiếm (TP Hà Nội) cho hay, cụ  bà bán trà đá đi bộ ngang phố Hàng Khay (quận Hoàn Kiếm, Hà Nội) bị  thiếu niên đi xe đạp tông trúng đã tử vong tại bệnh viện.

Nguồn: [atgt.vn](https://www.atgt.vn/danh-tinh-cu-ba-ban-tra-da-tu-vong-sau-khi-bi-thieu-nien-di-xe-dap-tong-vao-d465536.html)",1589681967.0,37,1,,0
250,-5037352471440196608,"YÊU THÔI XIN ĐỪNG HÔN CON CÁI THỜI BỆNH DỊCH XIN HÃY TỰ GIÁC DÙM 😒 Bất kể ai cho dù là ông bà bố mẹ có yêu con đến mấy cũng xin đừng hôn môi con. Trẻ nhỏ sức đề kháng rất kém các mẹ đừng chủ quan. Khi thấy ai đó thơm con hãy giải thích cho họ biết mỗi cái thơm nguy hiểm đến con thế nào. Đó là một trong những nguyên nhân gây ra các bệnh về đường hô hấp. Nhẹ thì phế quản không thì sang viêm phổi và suy hô hấp cũng có  Hãy để ý đến con khi có dấu hiệu bất thường. Vì khi bé sốt c...ao, ăn it và bỏ ăn là rất nguy hiểm khi đó đờm dãi đã nhiều và chắc chắn đã vào phổi rồi ý ạ  Bé nhà e 1 tháng 20 ngày đã phải nhập viện lần 1. Rồi cứ thế thay đổi thời tiết sức đề kháng ngày càng kém, 20 ngày sau lại tái lại nhập viện lần 2. Có mẹ nào trong cảnh rồi mới biết vừa thương vừa tủi thế nào. Vào bệnh viện nhiều bé bị nặng đứa thì thở oxi đứa thì dùng máy trợ thở dây dợ đầy khắp cả, sợ cực kì  Khi đề kháng của con đã kém thì  KHÓI THUỐC LÁ, THUỐC LÀO cũng ảnh hưởng tới con rất nhiều.  Trẻ hút hơi thuốc thụ động từ người lớn.  Nó lây một cách dễ dàng qua các dịch tiết đường hô hấp bị nhiễm virus như ho hoặc hắt hơi. Nên cho dù là bất cứ ai bố mẹ anh chị em hay người thân bạn bè. Có yêu có quý bé đến đâu thì cũng đừng bao giờ hôn miệng, hút thuốc xong xin đừng gần em bé 🙃 Cái giá của sự yêu thương bằng cách thơm hôn bằng miệng đó là những cơn thở rít của con, những ống xilanh thuốc to chà bá . Mỗi lần ngồi ôm con lấy ven, vỡ ven, cơ thể yếu ven chìm phải ngoáy bên nọ bên kia. Chọc cả vài lần vẫn không được, đứa thì tay đứa lấy chân có đứa phải lấy cả ven trên đầu. Con gào khóc mà sót hết cả ruột gan. Ai đã từng ngồi ôm con lấy ven sẽ hiểu cảm giác này, đã từng con khóc mẹ cũng khóc theo 🙃🙃🙃. Chưa kể mỗi lần bs  hút rửa mũi, vỗ rung, long đờm, chạy khí rung. Con khóc muốn hết hơi nhìn mẹ ánh mắt cầu cứu đến tội Vậy nên yêu quý con XIN ĐỪNG HÔN LÊN MIỆNG hãy thơm vào tay con thế là đủ  LÀM ƠN ❤️ Nguồn: Mẹ Giáp Yến Xem thêm",1583540533.0,1500,698,3000,0
251,1640000666715729920,"""Covid-19 đã chứng minh rằng không nơi nào là an toàn cho đến khi dịch bệnh hoàn toàn được đẩy lùi. Cách duy nhất là bỏ qua vấn đề chính trị, thực sự hợp tác để tạo ra sự khác biệt"", ông nói.",1592645146.0,38,19,,0
252,6570265313371844608,"CAO ĐIỂM CHỐNG DỊCH COVID-19>>TỪ 0 GIỜ 28/3 ĐẾN HẾT 15/4: ➡️ Dừng các hoạt động hội họp, các sự kiện tập trung trên 20 người trong 1 phòng; không tụ tập từ 10 người trở lên ngoài phạm vi công sở, trường học, bệnh viện; yêu cầu thực hiện khoảng cách tối thiểu 2m giữa người với người tại các địa điểm công cộng. ➡️ Dừng triệt để các nghi lễ tôn giáo, hoạt động có tập trung từ 20 người trở lên tại các cơ sở tôn giáo, tín ngưỡng, thờ tự; dừng tất cả các hoạt động văn hóa, thể thao..., giải trí tại các địa điểm công cộng. ➡️ Tạm đình chỉ hoạt động các cơ sở kinh doanh dịch vụ trên địa bàn, trừ các cơ sở kinh doanh các loại hàng hóa, dịch vụ thiết yếu. Chủ tịch UBND tỉnh, thành phố trực thuộc Trung ương quyết định cơ sở kinh doanh, dịch vụ cần đóng cửa. ➡️ Hạn chế việc di chuyển của người dân, nhất là từ các tỉnh, thành phố có dịch đến các địa phương khác. Bộ Giao thông vận tải chỉ đạo hạn chế các chuyến bay và các hoạt động vận chuyển hành khách từ Hà Nội, TPHCM đến các nơi khác trên toàn quốc. Tạm dừng hoặc tổ chức lại hoạt động giao thông công cộng để hạn chế đi lại, tập trung đông người, trừ các phương tiện vận chuyển hàng hóa. Thủ tướng, cấp có thẩm quyền sẽ xem xét, xử lý trách nhiệm, kỷ luật nghiêm đối với người đứng đầu chính quyền địa phương để xảy ra tụ tập đông người. * Xem thêm Chỉ thị 15/CT-TTg ban hành ngày 27/3 tại: https://bit.ly/15-CT-TTg Xem thêm",1585283471.0,36000,2300,9000,0
253,-7806960591495877632,"TIN NÓNG: BRVT CÓ 1 NGƯỜI NHIỄM CÚM A/H1N1 Vào chiều nay 11/2, bác sỹ Hà Văn Thanh, Giám đốc TTYT Dự phòng tỉnh đã báo cáo với BCĐ của tỉnh về trường hợp một bệnh nhân trên địa bàn tỉnh BRVT nhiễm virus cúm A – H1N1.  Đó là bệnh nhân nữ, sinh sống ở huyện Châu Đức và đang công tác tại một trường học trên địa bàn thành phố Bà Rịa.  Cách đây 4 ngày, bệnh nhân có biểu hiện sốt cao, mệt mỏi, nên đã đến bệnh viện Hòa Hảo, tại thành phố Hồ Chí Minh kiểm tra. Kết quả chẩn đoán và xé...t nghiệm của bệnh viện Hòa Hảo xác định: bệnh nhân bị nhiễm cúm A/H1N1. Bệnh nhân đang được điều trị cách ly tại bệnh viện này. Cúm A - H1N1 lây truyền từ người sang người và dễ bùng phát thành dịch. Hầu hết những người nhiễm cúm A-H1N1 có thể tự hồi phục mà không cần đến thuốc. Nhưng có nhiều trường hợp nhiễm cúm A-H1N1 diễn tiến nặng và tử vong. Sau khi nắm thông tin, ngành Y tế đã thực hiện các biện pháp điều tra dịch tễ, khoanh vùng xử lý ổ dịch theo quy định của Bộ Y tế. Xem thêm",,1200,835,2300,0
254,7050444021058475008,Bản tin Toàn cảnh phòng chống dịch nCoV ngày 9/2/2020: - Phát hiện ca thứ 14 dương tính với virus nCoV tại Việt Nam ở Vĩnh Phúc. Phương án hỗ trợ Vĩnh Phúc khoanh vùng dập dịch của Bộ Y tế ra sao? -  Quảng Ninh lên tiếng về việc du thuyền có du khách dương tính với nCoV đang bị cách ly từng ghé thăm?... - Các thành phố ở Trung Quốc đã có những thay đổi gì trước và sau khi dịch bệnh tấn công? -  Cận cảnh Bệnh viện dã chiến Lôi Thần Sơn của Trung Quốc Tất cả sẽ có trong bản tin hôm nay! #vtv24 #ToanCanhnCoV #Corona #yte24h Xem thêm,,15000,513,2300,0
255,6042368722995547136,"CHÍNH THỨC RỒI NHÉ! THÔNG BÁO ĐÌNH CHỈ HOẠT ĐỘNG CÁC CƠ SỞ KINH DOANH DỊCH VỤ Ngoài việc tạm đình chỉ các hoạt động theo nội dung tại công văn số 1918/UBNX-VX ngày 27/03/2020, hôm nay, 28/03/2020, UBND tỉnh Bình Định đã có văn bản đình chỉ hoạt động các NHÀ HÀNG ĂN UỐNG, QUÁN BIA, QUÁN CÀ PHÊ, TRÀ CHANH, ĐIỂM CUNG CẤP DỊCH VỤ TRÒ CHƠI ĐIỆN TỬ CÔNG CỘNG, PHÒNG TẬP THỂ HÌNH, PHÒNG TẬP YOGA, CÁC DỊCH VỤ ĂN UỐNG, GIẢI KHÁT, VUI CHƠI GIẢM TRÍ NƠI CÔNG CỘNG, CÁC TUYẾN XE BUÝT ĐANG ...HOẠT ĐỘNG TRÊN ĐỊA BÀN TỈNH. 00h ngày 28/3 đến 15/4/2020. Trước đó,  Chủ tịch UBND tỉnh đã chỉ đạo tạm dừng hoạt động các cơ sở karaoke, vũ trường, massage, bar, rạp phim, sân vận động...trừ các cơ sở kinh doanh mặt hàng thiết yếu. Hạn chế tập trung đông người tại đám cưới, đám hiếu. Rất mong mọi người góp 1 phần ý thức để kiểm soát được dịch bệnh, tránh lây lan phức tạp Trân trọng nhờ các bạn chia sẻ để mọi người biết, chấp hành để cùng chung tay chống dịch COVID-19 Ad Bình Định thông tin tổng hợp Nguồn UBND tỉnh Xem thêm",1585391937.0,3100,734,2100,0
256,-5342659397765167104,"Dẫn dòng trạng thái đăng trên mạng xã hội Twitter của Chủ tịch Cuba Miguel Díaz-Canel, báo Granma của Đảng Cộng sản Cuba đưa tin Trung Quốc đã sử dụng loại thuốc trên của Cuba trong việc điều trị cho bệnh nhân mắc COVID-19. Loại thuốc này đã cho dấu hiệu khả quan khi góp phần giúp trên 1.500 bệnh nhân bình phục. Quý vị cũng có thể xem trực tiếp trên: Channel 57.14 KJLA (Southern California) Roku App: Vietmedia Channel... Website: www.vietmedia.tv YouTube: https://bit.ly/2S3xFtp #Vietmedia #VMTV Xem thêm",,4300,260,4200,0
257,-6911671118385437696,"Tin vui Ngày 9/3, tỉnh Quảng Ninh thông tin đã xét nghiệm 68 người có tiếp xúc với 4 du khách nhiễm Covid-19 tại Hạ Long và cho kết quả âm tính. 68 ca F1 tiếp xúc với 4 du khách mắc Covid-19 tại Quảng Ninh cho kết quả xét nghiệm âm tính, trong đó có lái xe chở người nhiễm từ sân bay Nội Bài về Hạ Long. Như vậy chưa 1 ai người Quảng Ninh nhiễm Covid-19 cho tới thời điểm hiện tại!!!!!! ❤ Quảng Ninh - Kỷ luật & Đồng Tâm đẩy lùi Covid-19. Chia sẻ ngay nào!",1583738784.0,3700,583,2900,0
258,6570265313371844608,"➡️ Thực hiện cách ly toàn xã hội trong vòng 15 ngày kể từ 0 giờ ngày 01 tháng 4 năm 2020 trên phạm vi toàn quốc theo nguyên tắc gia đình cách ly với gia đình, thôn bản cách ly với thôn bản, xã cách ly với xã, huyện cách ly với huyện, tỉnh cách ly với tỉnh, phân xưởng, nhà máy sản xuất phải bảo đảm khoảng cách an toàn, đeo khẩu trang, thực hiện khử trùng, diệt khuẩn theo quy định.  Yêu cầu mọi người dân ở tại nhà, chỉ ra ngoài trong trường hợp thật sự cần thiết như mua lương t...hực, thực phẩm, thuốc men, cấp cứu, làm việc tại nhà máy, cơ sở sản xuất, cơ sở kinh doanh dịch vụ, hàng hóa thiết yếu không bị đóng cửa, dừng hoạt động và các trường hợp khẩn cấp khác; thực hiện nghiêm việc giữ khoảng cách tối thiểu 2m khi giao tiếp; không tập trung quá 2 người ngoài phạm vi công sở, trường học, bệnh viện và tại nơi công cộng. ➡️ Bộ Giao thông vận tải, UBND các tỉnh, thành phố chỉ đạo cơ bản dừng hoạt động vận chuyển hành khách công cộng. Hạn chế tối đa việc di chuyển từ địa bàn, khu vực này sang địa bàn, khu vực khác; dừng việc di chuyển từ vùng có dịch đến các địa phương khác, trừ trường hợp đặc biệt vì lý do công vụ và các trường hợp cung cấp lương thực, thực phẩm, nhu yếu phẩm cần thiết, xe đưa đón công nhân, chuyên gia của các doanh nghiệp, chuyên chở nguyên vật liệu sản xuất. ➡️ Người chịu trách nhiệm phòng, chống dịch không phát ngôn gây hoảng loạn trong nhân dân.  Trên đây là một số nội dung tại Chỉ thị số 16 của Thủ tướng, để xem đầy đủ xin truy cập: bit.ly/16-CT-TTg Xem thêm",1585630414.0,47000,5600,21000,0
259,-7845741394264275968,"📌THÔNG BÁO CÁC CA BỆNH 69-75 - CA BỆNH THỨ 69: Bệnh nhân nam, 30 tuổi, quốc tịch Đức, tạm trú tại Quận Hai Bà Trưng, Hà Nội. Bệnh nhân là du khách, nhập cảnh Nội Bài ngày 13/03/2020 trên chuyến bay SU290. Từ ngày 13/03 – 15/03, bệnh nhân có đi đến một số điểm tại Hà Nội. Ngày 15/03 bệnh nhân có sốt, đi đến một số cơ sở Y tế, sau đó được chuyển vào Bệnh viện Bệnh Nhiệt đới Trung ương cơ sở Đông Anh. - CA BỆNH THỨ 70: Bệnh nhân nam, 19 tuổi, địa chỉ ở Thanh Xuân, Hà Nội. Bệnh n...hân là du học sinh tại Anh, nhập cảnh về Nội Bài ngày 16/03/2020 trên chuyến bay TK164. Hiện tại, bệnh nhân đang được cách ly tại Bệnh viện Bệnh Nhiệt đới Trung ương cơ sở Đông Anh, tình trạng sức khoẻ ổn định. - CA BỆNH THỨ 71: Bệnh nhân nữ, 19 tuổi, địa chỉ ở Hai Bà Trưng, Hà Nội. Bệnh nhân là du học sinh tại Anh, nhập cảnh về Nội Bài ngày 16/03/2020 trên chuyến bay TK164. Hiện tại, bệnh nhân đang được cách ly tại Bệnh viện Bệnh Nhiệt đới Trung ương cơ sở Đông Anh, tình trạng sức khoẻ ổn định. - CA BỆNH THỨ 72: Bệnh nhân nữ, 25 tuổi, quốc tịch Pháp. Bệnh nhân là hành khách trên chuyến bay từ Pháp về Nội Bài ngày 09/03/2020, trên chuyến bay có ca mắc bệnh COVID-19, bệnh nhân là bạn gái của ca dương tính số 60. Sau đó, bệnh nhân có đi du lịch tại một số điểm tại Hà Nội và Ninh Bình. Ngày 15/03, bệnh nhân quay trở lại Hà Nội và được đưa đi cách ly tại Bệnh viện Bệnh Nhiệt đới Trung ương cơ sở Đông Anh, tình trạng sức khoẻ ổn định. - CA BỆNH THỨ 73: Bệnh nhân nam, 11 tuổi, địa chỉ ở huyện Thanh Miện, Hải Dương. Bệnh nhân về Việt Nam trên chuyến bay VN0054 ngày 09/03/2020. Hiện tại, bệnh nhân đang được cách ly tại Trung tâm Y tế huyện Thanh Miện, tình trạng sức khoẻ ổn định. - CA BỆNH THỨ 74: Bệnh nhân nam, 23 tuổi, địa chỉ ở Lâm Thao, Phú Thọ. Bệnh nhân về Việt Nam  trên chuyến bay VN0018 ngày 16/03/2020. Hiện tại, bệnh nhân đang được cách ly tại Bệnh viện Đa khoa tỉnh Bắc Ninh, tình trạng sức khoẻ ổn định. - CA BỆNH THỨ 75: Bệnh nhân nữ, 40 tuổi, địa chỉ ở Quận 2, TP. Hồ Chí Minh. Ngày 04/3/2020, BN từ Việt Nam sang London - Anh thăm người thân và tại đây bệnh nhân không tiếp xúc với người mắc bệnh COVID-19. Ngày 15/3, bệnh nhân về tới Việt Nam trên chuyến bay của hãng hàng không Vietnam Airlines số hiệu VN50, số ghế 10E. Khi nhập cảnh, bệnh nhân chưa có triệu chứng bệnh.  Hiện bệnh nhân tiếp tục được theo dõi, điều trị, cách ly tại Bệnh viện Dã chiến Củ Chi với tình trạng sức khoẻ ổn định. Xem thêm",1584540592.0,45000,8400,11000,0
260,7050444021058475008,"Xuất phát từ thực trạng khan hiếm khẩu trang trên thị trường, mới đây, Viện Sức khoẻ nghề nghiệp và môi trường (Bộ Y tế) đã giới thiệu giải pháp khử khuẩn khẩu trang vừa đơn giản, vừa tiết kiệm, có thể áp dụng trong gia đình, các cơ quan, đơn vị, giúp người dân tự bảo vệ mình trước đại dịch Covid-19. PGS-TS Doãn Ngọc Hải, Viện trưởng Viện Sức khỏe nghề nghiệp và môi trường, cho biết các chuyên gia của Viện đã tiến hành nghiên cứu, thử nghiệm và chứng minh được hiệu quả của vi...ệc khử khuẩn khẩu trang, bao gồm khẩu trang y tế và khẩu trang vải đã qua sử dụng, bằng lò vi sóng. Theo đó, có 3 bước khử khuẩn khẩu trang bằng lò vi sóng như sau: Bước 1: Dùng dung dịch có tính sát khuẩn bất kỳ để xịt lên khẩu trang, có thể sử dụng nước muối ion, nước muối sinh lý 0,9% hoặc các dung dịch có tính sát khuẩn khác. Thao tác này có mục đích chính là làm ẩm khẩu trang, việc sát khuẩn chỉ là phụ Bước 2: Cho khẩu trang vào lò vi sóng để mặt được xịt dung dịch sát khuẩn hướng lên trên, đặt lò ở chế độ chỉ sóng viba (không bật tính năng nướng) ở công suất 800W và quay trong vòng 1 phút. Bước 3: Sau khi quay xong chờ một lúc cho khẩu trang nguội, lấy khẩu trang ra bằng cách cầm vào phần quai là ta đã có một chiếc khẩu trang sạch khuẩn, đảm bảo cho việc tái sử dụng. TS Doãn Ngọc Hải khuyến cáo những loại khẩu trang được sử dụng cho phương pháp khử khuẩn này là khẩu trang vải, khẩu trang y tế dùng 1 lần đạt chuẩn. Không dùng với các loại khẩu trang không rõ nguồn gốc hoặc khẩu trang đặc biệt, vì trong thành phần cấu tạo có thể tiềm ẩm những vật liệu gây phản ứng cháy khi quay trong lò vi sóng. Người dân tuyệt đối không tự ý sáng tạo, điều chỉnh mức thời gian hay công suất vì có thể gây cháy nổ. Ông Hải lưu ý thêm, với các gia đình, cơ quan, công sở, nếu sử dụng phương pháp này nên có một chiếc lò vi sóng riêng cài sẵn một chế độ để có thể tiệt trùng khẩu trang, không nên sử dụng chung với lò vi sóng sử dụng để hâm nóng thực phẩm. Theo: thanhnien.vn Xem thêm",1585108800.0,17000,1100,2400,0
261,-7845741394264275968,"Cùng chia sẻ những khó khăn của Chính phủ và ngành Y tế Hãy giúp các Bác sĩ, Y tá hoàn thành nhiệm vụ của họ một cách tốt đẹp nhất.  Với sự đồng lòng của người dân, Việt Nam sẽ chiến thắng đại dịch Covid-19... Việt Nam ơi, cố lên!  Ảnh:Nguyễn Tuấn Anh Xem thêm",1585047898.0,53000,883,6800,0
262,-7845741394264275968,"Thủ tướng Chính phủ vừa ký Chỉ thị số 15/CT-TTg yêu cầu quyết liệt thực hiện đợt cao điểm phòng, chống dịch COVID-19. Tạm đình chỉ hoạt động cơ sở kinh doanh dịch vụ từ 28/3 đến hết 15/4 Thủ tướng yêu cầu Chủ tịch Ủy ban nhân dân cấp tỉnh chỉ đạo áp dụng biện pháp hạn chế tụ tập đông người từ 0h ngày 28/3 đến hết ngày 15/4.... Dừng các hoạt động hội họp, các sự kiện tập trung trên 20 người trong 1 phòng; không tụ tập từ 10 người trở lên ngoài phạm vi công sở, trường học, bệnh viện; yêu cầu thực hiện khoảng cách tối thiểu 2m giữa người với người tại các địa điểm công cộng. Dừng triệt để các nghi lễ tôn giáo, hoạt động có tập trung từ 20 người trở lên tại các cơ sở tôn giáo, tín ngưỡng, thờ tự; dừng tất cả các hoạt động văn hóa, thể thao, giải trí tại các địa điểm công cộng. Tạm đình chỉ hoạt động các cơ sở kinh doanh dịch vụ trên địa bàn, trừ các cơ sở kinh doanh các loại hàng hóa, dịch vụ thiết yếu. Chủ tịch Ủy ban nhân dân tỉnh, thành phố trực thuộc Trung ương quyết định cơ sở kinh doanh, dịch vụ cần đóng cửa. Hạn chế việc di chuyển của người dân, nhất là từ các tỉnh, thành phố có dịch đến các địa phương khác. Bộ Giao thông vận tải chỉ đạo hạn chế các chuyến bay và các hoạt động vận chuyển hành khách từ Thành phố Hà Nội, Thành phố Hồ Chí Minh đến các nơi khác trên toàn quốc. Tạm dừng hoặc tổ chức lại hoạt động giao thông công cộng để hạn chế đi lại, tập trung đông người, trừ các phương tiện vận chuyển hàng hóa. Thủ tướng Chính phủ, cấp có thẩm quyền sẽ xem xét, xử lý trách nhiệm, kỷ luật nghiêm đối với người đứng đầu chính quyền địa phương để xảy ra tụ tập đông người. Xem thêm",1585298299.0,23000,1000,3500,0
263,-5005199604534146048,"KỶ LUẬT CỤC TRƯỞNG THI HÀNH DÂN SỰ TỈNH VÌ LỘ CLIP NÓNG VỚI NGƯỜI TÌNH

Chiều 23-4, thông tin với báo chí, ông Cam Quang Vinh, Chủ nhiệm Ủy ban Kiểm tra (UBKT) Tỉnh ủy Hậu Giang, cho hay đã công bố và trao quyết định kỷ luật đối với ông Nguyễn Đức Biên, Cục trưởng Cục Thi hành án dân sự (THADS) tỉnh.

Cụ thể, căn cứ các quy định của Đảng, UBKT Tỉnh ủy Hậu Giang đã kỷ luật ông Biên với hình thức cảnh cáo. Tại buổi công bố quyết định, ông Biên nhận quyết định kỷ luật và cam kết tiếp tục khắc phục.

Theo kết luận, ông Biên với vai trò là cán bộ lãnh đạo nhưng thiếu tu dưỡng, rèn luyện đạo đức, phẩm chất lối sống, có quan hệ nam nữ bất chính trong lúc có vợ con, đồng thời bị ghi hình và phát video clip trên mạng xã hội Facebook.

Theo chủ nhiệm UBKT Tỉnh ủy, ông Biên vi phạm những điều đảng viên không được làm, vi phạm Nghị quyết Trung ương IV, khóa XII và vi phạm các quy định của trung ương, Tỉnh ủy về trách nhiệm nêu gương. “Việc làm của ông Biên đã ảnh hưởng nghiêm trọng đến uy tín cá nhân, tổ chức nơi ông Biên công tác và ảnh hưởng hạnh phúc gia đình” - ông Cam Quang Vinh cho biết thêm.

Như PLO đã thông tin, cuối tháng 2-2020, trên mạng xã hội Facebook lan truyền bốn video clip (mỗi đoạn dài 3 phút) ghi lại cảnh ân ái của một đôi nam nữ. Ngay sau khi clip lan truyền, nhiều người dân, cán bộ tỉnh Hậu Giang nhận ra người nam trong clip giống lãnh đạo một ngành ở tỉnh này.

Theo tìm hiểu, người nam trong đoạn clip là ông Nguyễn Đức Biên (40 tuổi, Cục trưởng Cục THADS tỉnh Hậu Giang), còn người nữ là NTTT (21 tuổi, sinh viên một trường đại học trên địa bàn TP Cần Thơ).

T. từng tham gia nhiều cuộc thi nhan sắc ở ĐBSCL, từng lọt vào vòng bán kết trong một cuộc thi.

Liên quan vụ việc này, VKSND tỉnh Hậu Giang đã phê chuẩn quyết định khởi tố vụ án, khởi tố bị can và lệnh bắt tạm giam bốn tháng Nguyễn Chí Hiếu (quê Cà Mau) và Bùi Văn Phi (quê Hậu Giang) về tội truyền bá văn hóa phẩm đồi trụy.
---
Theo Châu Anh, PLO",1587656132.0,24,10,2,0
264,-7845741394264275968,"THÔNG TIN CA NHIỄM COVID-19  Theo thông báo kết quả xét nghiệm từ Viện Vệ sinh Dịch tễ Trung ương  và báo cáo của Bệnh viện Bạch Mai: hai nữ điều dưỡng của Bệnh viện Bạch Mai đã được xác định dương tính với SARS-COV-2. Đây là những nhân viên y tế đầu tiên của Việt Nam mắc COVID-19. 1. Ca bệnh số 86 (BN86): Bệnh nhân nữ, 54 tuổi, điều dưỡng của Phòng khám ngoại trú HIV - Trung tâm Bệnh nhiệt đới thuộc Bệnh viện Bạch Mai.... - Ngày 6/3/2020 bệnh nhân đi nghỉ cùng gia đình tại Côn Đảo, theo hành  trình  Hà Nội – TP HCM (chuyến bay VN 7209) và TP HCM  -  Côn Đảo (VN 8059). Ngày 08/3/2020 bay ra Hà Nội (không nhớ rõ chuyến bay). Ngày 09/3/2020 đi làm bình thường, không có biểu hiện lâm sàng. Ngày 11/3/2020 bệnh nhân có triệu chứng tức ngực, không ho, không sốt và nhập viện Viện Tim mạch thuộc Bệnh viện Bạch Mai (C4) điều trị theo hướng tăng huyết áp, đau thắt ngực (bệnh nhân có tiền sử tăng huyết áp) trong 4 ngày. Trong quá trình điều trị tại C4 luôn đeo khẩu trang.  Sáng ngày 19/3/2020, bệnh nhân được Viện Tim mạch cho xuất viện. Sau khi được xác định có nhiều lần tiếp xúc gần với bệnh nhân số 87 (gặp ở thang máy, ăn trưa cùng, ngủ trưa cùng…), bệnh nhân  được xét nghiệm sàng lọc ngày 19/3/2020 và tối cùng ngày cho kết quả dương tính với SARS- CoV2; 23h00 ngày 19/3/2020 bệnh nhân được đưa đi cách ly tại Bệnh viện Nhiệt đới trung ương cơ sở 2. Chiều  20/3/2020, kết quả xét nghiệm của Viện Vệ sinh Dịch tễ Trung ương khẳng định bệnh nhân dương tính với SARS-COV-2. 2. Ca bệnh số 87 (BN87): Bệnh nhân nữ, 34 tuổi, điều dưỡng làm việc tiếp đón tại khu cách ly Trung tâm Bệnh nhiệt đới thuộc Bệnh viện Bạch Mai. Ngày 18/3/2020, bệnh nhân có các triệu chứng như: mệt, ho, sốt và được làm xét nghiệm tại Khoa vi sinh Bệnh viện Bạch Mai, có kết quả dương tính với SARS-COV-2, bệnh nhân được chuyển tới Bệnh viện Bệnh nhiệt đới Trung ương cơ sở 2 Đông Anh để cách ly, mẫu bệnh phẩm được chuyển đến Viện Vệ sinh Dịch tễ Trung ương, kết quả xét nghiệm tối 19/3/2020  khẳng định  bệnh nhân dương tính với SARS-COV-2. Qua rà soát cho thấy, bệnh nhân có nhiều lần tiếp xúc gần với BN86. Phòng khám cách ly của Trung tâm Bệnh nhiệt đới đặt tại tầng 1, nhân viên được trang bị bảo hộ lao động để làm việc (mũ, khẩu trang, kính, quần áo…). Điều dưỡng này được cử làm việc ở đây từ đầu tháng 02/2020, hàng ngày nhập thông tin của các bệnh nhân đến khám tại Phòng khám cách ly vào máy tính, điền thông tin, đo dấu hiệu sinh tồn... Theo báo cáo của Bệnh viện Bạch Mai, Trung tâm Bệnh nhiệt đới đã tiếp nhận sàng lọc các bệnh nhân viêm đường hô hấp đến khám. Những ca bệnh nghi ngờ đều đã được chuyển sang Bệnh viện Bệnh Nhiệt đới Trung ương và Bệnh viện Bạch Mai nhận được phản hồi chưa có trường hợp nào có kết quả xét nghiệm dương tính với SARS-COV-2. Ngay khi mới được phát hiện là các ca nghi nhiễm, hai BN 86 và 87 đã được Bệnh viện Bạch Mai cách ly. Những người trong gia đình, những người có tiếp xúc gần với hai người này đã được tiến hành sàng lọc, xét nghiệm và cách ly. Bên cạnh đó, Bệnh viện Bạch Mai cũng đã lập danh sách những người tiếp xúc gần với những người có tiếp xúc gần với hai ca bệnh này để tiếp tục theo dõi sức khỏe. Đồng thời thực hiện tiêu đọc khử trùng các khu vực liên quan. Riêng những  bệnh nhân điều trị nội trú tại Trung tâm Bệnh nhiệt đới đã được chuyển sang Bệnh viện Bệnh Nhiệt đới Trung ương để tiếp tục điều trị. Bộ Y tế kêu gọi cộng đồng đoàn kết, ủng hộ tinh thần và tiếp thêm sức mạnh để các thầy thuốc – những người chiến sĩ đang ở tuyến đầu tiếp tục đứng vững trong cuộc chiến phòng, chống dịch COVID-19. Xem thêm",1584694141.0,34000,1800,2200,0
265,7050444021058475008,"Một doanh nghiệp tại TP.HCM sau thời gian nghiên cứu đã cho ra đời sản phẩm bún dưa hấu và bánh tráng thanh long nhằm hỗ trợ tiêu thụ nông sản bị ùn ứ do dịch Covid-19. Hai sản phẩm này vừa ""ra lò"" đã được xuất ngay đi Hàn Quốc, Nhật Bản. #Covid19 #bunduahau #banhtrangthanhlong #giaicuanongdan",,21000,973,3300,0
266,-5159989736300764160,"#VIETV #VIETVNews #CoronaVirus Con số người chết vì virus Corona đã tăng hơn 900 người, số lượng người nhiễm bệnh trên 40,000 người. Hai chuyến du thuyền từ Trung Hoa đến Hongkong và Nhật Bản đã bị cô lập và theo dõi. Kết quả phát hiện chuyến cruise ship đến Nhật Bản có hơn 130 người đã có kết quả dương tính với virus Corona trong khi chuyến đến HongKong thì không có ai bị nhiễm. Phái đoàn của WHO đã thành lập 1 nhóm bao gồm những chuyên viên cao cấp và lên đường đến Trung Ho...a để ra sức tìm hiểu nguyên do và cách giải quyết của virus Corona. Mời quí vị theo dõi bản tin để biết thêm chi tiết. Like trang #Facebook của #VIETV và Subscribe Kênh #YouTube để update các Tin nóng hàng ngày. https://www.youtube.com/user/VIETVnetwork Xem thêm",,6400,90,3300,0
267,-5005199604534146048,"KINH SỢ:
Công an bắt được hung thủ g.iết bé trai 5 tuổi ở Nghệ An - bé được thông báo mất tích 2 ngày trước.

🛑Tối 9/6, một cán bộ Công an huyện Quỳnh Lưu (Nghệ An) cho biết đã bắt được hung thủ g.iết cháu Văn Đô (5 tuổi, trú ở xã Quỳnh Tam, huyện Quỳnh Lưu) - bé được thông báo mất tích 2 ngày trước.

""Hung thủ là nam sinh lớp 11, trú cùng xóm với nạn nhân. Hiện cơ quan chức năng đang khám nghiệm hiện trường, khám nghiệm tử thi để điều tra, làm rõ"", cán bộ công an huyện Quỳnh Lưu cho biết.

🛑Trước đó, khoảng 15h ngày 7/6, Đô xin phép bố sang nhà hàng xóm chơi. Đến chiều tối không thấy con về, gia đình đi tìm khắp nơi nhưng vẫn không thấy nên báo công an.

Sau 2 ngày tìm kiếm, chiều nay (9/6) lực lượng chức năng và gia đình tìm thấy t.hi thể cháu bé ở trong rừng, gần bờ suối tại địa phận huyện Yên Thành, cách nhà nạn nhân khoảng 10km.

Công an đang phong toả hiện trường, khám nghiệm tử thi.

https://vtc.vn/tin-nhanh-24h/bat-duoc-hung-thu-giet-be-trai-5-tuoi-o-nghe-an-ar551152.html",1591753930.0,5,0,,0
268,-7845741394264275968,"Chính phủ chưa tính đến phong tỏa Hà Nội hay TP. Hồ Chí Minh như nhiều nước đã làm ở các thành phố lớn. Nhưng, mọi người dân phải ở trong nhà, nếu không có việc thực sự cần thiết.  Đây là yêu cầu của Thủ tướng Nguyễn Xuân Phúc tại cuộc họp giữa Thường trực Chính phủ với Ban Chỉ đạo phòng chống dịch Covid-19.",,28000,1600,15000,0
269,-7553647639326960640,"TRUYỀN HÌNH MỸ PHẤN KHÍCH VỚI CA KHÚC ""GHEN CÔ VY"" CỦA VIỆT NAM  Trong Talkshow Last Week Tonight with John Oliver của Mỹ, video tuyên truyền người dân rửa tay đúng cách để chống dịch Covid-19 của Việt Nam được khen ngợi và tán thưởng. ——————————... 📱 VTC Now trên iOS: https://apple.co/2NGxmDV  📱 VTC Now trên Android: https://bit.ly/2RzzjTv  💻 VTC Now trên YouTube: https://bit.ly/3awWczF  🖥 VTC Now trên Facebook: http://bit.ly/2HG30hl  📱 VTC Now trên Lotus: http://bit.ly/2T3AZFw Xem thêm",,3200,256,2700,0
270,-7845741394264275968,"Học sinh mầm non đến THPT ở Hà Nội nghỉ đến hết ngày 8/3.  Đối với các trường Quốc tế: Hiệu trưởng các trường quyết định việc cho học sinh đi học trở lại khi nhà trường đảm bảo tuyệt đối an toàn cho học sinh, cán bộ, giáo viên và sự thống nhất của phụ huynh học sinh.",1582891551.0,25000,3900,10000,0
271,-7845741394264275968,"THÔNG BÁO CA NHIỄM COVID- 19  Bệnh nhân thứ 35 (BN35) là nữ, 29 tuổi, quốc tịch Việt Nam, được xác định dương tính với virus SARS-CoV-2.  BN35 là nhân viên bán hàng tại Siêu thị Điện máy Xanh ở quận Hải Châu, Đà Nẵng. ... Khoảng 18 - 19 giờ ngày 04/3/2020, BN35 có tiếp xúc trực tiếp với hai người Anh tại siêu thị Điện máy Xanh (những người này sau được xác định là BN22 và BN23). 6 giờ 30 phút ngày 11/3/2020, Viện Pasteur Nha Trang nhận được mẫu xét nghiệm do Trung tâm Kiểm soát bệnh tật Đà Nẵng gửi đến. Kết quả xét nghiệm cho thấydương tính với SARS-CoV-2. Hiện bệnh nhân đang được điều trị cách ly tại Bệnh viện Đà Nẵng. Xem thêm",1583903654.0,34000,2400,2900,0
272,-7845741394264275968,"📌THÔNG TIN CÁC CA BỆNH COVID-19  Tới 6h30 sáng nay (28/3), đã ghi nhận thêm 4 trường hợp mắc mới, nâng tổng số người mắc COVID-19 của Việt Nam lên 169.  Ba ca trong số đó được cách ly ngay sau khi nhập cảnh, không có nguy cơ lây lan ra cộng đồng; ca còn lại có mặt tại nhiều địa điểm như Hà Nội, Hà Giang, Huế, Hội An trước khi được phát hiện dương tính với SARS-COV-2.   I. TÌNH HÌNH CA BỆNH MỚI... CA BỆNH 164 (BN164):  Bệnh nhân nam, 23 tuổi, quốc tịch Việt Nam, có địa chỉ ở Rạch Giá, Kiên Giang. Bệnh nhân là du học sinh tại Anh, về Việt Nam ngày 23/03/2020 trên chuyến bay mang số hiệu VN0054 của Vietnam Airlines (ghế 22K), nhập cảnh tại sân bay Vân Đồn. Bệnh nhân được chuyển về khu cách ly Trung đoàn 855, tỉnh Ninh Bình, mẫu bệnh phẩm được gửi tới Viện Vệ sinh Dịch tễ Trung ương ngày 26/03/2020. Hiện tại bệnh nhân đang được cách ly và điều trị tại Bệnh viện Đa khoa tỉnh Ninh Bình, tình trạng sức khoẻ ổn định. CA BỆNH 165 (BN165): Bệnh nhân nam, 58 tuổi, quốc tịch Việt Nam, địa chỉ ở Tiên Dương, Đông Anh, Hà Nội. Bệnh nhân từ Anh về Việt Nam ngày 23/03/2020 trên chuyến bay mang số hiệu VN0054 của Vietnam Airlines (ghế 41C), nhập cảnh tại sân bay Vân Đồn. Bệnh nhân được chuyển về khu cách ly Trường Quân sự tỉnh Ninh Bình, mẫu bệnh phẩm được gửi tới Viện Vệ sinh Dịch tễ Trung ương ngày 26/03/2020. Hiện tại bệnh nhân đang được cách ly và điều trị tại Bệnh viện Đa khoa tỉnh Ninh Bình, tình trạng sức khoẻ ổn định. CA BỆNH 166 (BN166): Bệnh nhân nữ, 25 tuổi, quốc tịch Việt Nam, địa chỉ ở Đông Phú, Lục Nam, Bắc Giang. Bệnh nhân sống tại Thái Lan, về Việt Nam ngày 20/03/2020 trên chuyến bay mang số hiệu TG564 của Thai Airways (ghế 40B). Bệnh nhân được chuyển về khu cách ly Sư đoàn 241, tỉnh Ninh Bình, mẫu bệnh phẩm được gửi tới Viện Vệ sinh Dịch tễ Trung ương ngày 26/03/2020. Hiện tại bệnh nhân đang được cách ly và điều trị tại Bệnh viện Đa khoa tỉnh Ninh Bình, tình trạng sức khoẻ ổn định.  CA BỆNH 167 (BN167): Bệnh nhân nữ, 20 tuổi, quốc tịch Đan Mạch, lưu trú tại khách sạn ở  Quận Hoàn Kiếm, Hà Nội. Bệnh nhân là khách du lịch đi cùng bạn 22 tuổi. Ngày 7/3/2020 bệnh nhân và bạn đến Hà Nội trên chuyến bay số hiệu QR0976 (ghế 37K và 37J), nhập cảnh tại sân bay Nội Bài ngày 08/3/2020. Sau đó bệnh nhân lưu trú tại khách sạn trên phố Hàng Chiếu, Quận Hoàn Kiếm từ ngày 09/03/2020 đến 12/03/2020. Ngày 12/3/2020 bệnh nhân đi xe giường nằm của hãng Ngọc Sơn đến thành phố Hà Giang và lưu lại đây đến  15/03/2020. Bệnh nhân ở tại khách sạn Jasmine - Phương Thiện.  Về lại Hà Nội bệnh nhân ở khách sạn Kingly, số 8 Lý Thái Tổ. Ngày 17/3, bệnh nhân di chuyển từ Hà Nội vào Huế bằng xe giường nằm. Tại Huế, bệnh nhân và bạn lưu trú khách sạn Sunshine 3, số 10 Võ Thị Sáu đến 19/03/2020, sau đó đi Hội An và lưu trú tại khách sạn Backpacker, 250 Cửa Đại từ ngày 19/03/2020 đến 23/03/2020.  Ngày 23/3/2020 bệnh nhân di chuyển từ Đà Nẵng ra Hà Nội trên chuyến bay mang số hiệu VJ530 (ghế 19E, hạ cánh xuống Nội Bài lúc 9h sáng), tiếp tục ở tại khách sạn Kingly Hotel. Đáp ứng yêu cầu của hãng hàng không cần có giấy chứng nhận xét nghiệm không mắc COVID-19, ngày 24/3 bệnh nhân và bạn trai đã đến Bệnh viện Nhi Trung ương làm xét nghiệm, cho kết quả bệnh nhân dương tính với SARS-COV-2, còn bạn trai của bệnh nhân thì âm tính. Bệnh nhân và bạn trai đã được chuyển đến Bệnh viện Bệnh Nhiệt đới Trung ương cơ sở 2. Hiện tại tình trạng sức khoẻ của bệnh nhân ổn định. CA BỆNH 168 và BN 169 đều là nữ, 49 tuổi, là nhân viên cung cấp nước sôi của Bệnh viện Bạch Mai (sẽ cập nhật thêm) Ngay sau khi xét nghiệm 5.000 người là nhân viên, người lao động và người nhà bệnh nhân ở các khoa có người nhiễm, đã phát hiện 2 người dương tính với SARS-CoV-2, Bệnh viện đã chủ động tiến hành cách ly bệnh nhân và người tiếp xúc gần, tiến hành khử khuẩn khu nhà ăn. II. TÌNH HÌNH BỆNH VIỆN BẠCH MAI 1- Xét nghiệm tất cả các nhân viên y tế bệnh nhân và người nhà bệnh nhân: 5000 mẫu phát hiện 2 ca dương tính với SARS-CoV-2. Riêng 3 khoa phát hiện có người mắc COVID-19: Khoa thần kinh đã tiến hành xét nghiệm hết tất cả không có nhân viên nào bị nhiễm; toàn bộ 134 nhân viên tại Trung tâm nhiệt đới Bạch Mai có liên quan đến BN 87, BN87 và Khoa tim mạch C4: tất cả kết quả âm tính. 2- Nhận định có khả năng lây trong nhóm người nhà chăm sóc bệnh nhân, nguồn lây nhiễm từ bên ngoài vào bệnh viện.  3- Bệnh viện Bạch Mai đang tiến hành các biện pháp kiểm soát, tạm dừng đón tiếp bệnh nhân từ và thực hiện việc cách ly toàn bệnh viện để bảo đảm an toàn cho bệnh nhân, người nhà bệnh nhân và nhân viên bệnh viện.  4- Bộ Y tế đề nghị tất cả người nhà, người thân, những người nào đã đến Bệnh viện Bạch Mai từ 13/3/2020 trở lại đây cần liên lạc, khai báo y tế với cơ sở y tế gần nhất. 5- Nhận định tới đây một số bệnh viện tuyến cuối, một số bệnh viện trên địa bàn thành phố lớn( Hà Nội, Hồ Chí Minh) có thể xuất hiện các ca bệnh nên đòi hỏi phải thực hiện triệt để các biện pháp phòng lây nhiễm và thực hiện việc xét nghiệm sàng lọc như bệnh viện Bạch Mai. Xem thêm",1585354840.0,28000,863,2200,0
273,-5342659397765167104,"Moderna Therapetics, một công ty công nghệ sinh học của Mỹ có trụ sở tại Cambridge, Massachusetts cho biết họ vừa xuất xưởng một lô vaccine đầu tiên dành cho bệnh nhân Covid-19.  Theo Moderna Therapeutics cho biết, lô vaccine đầu tiên của họ sẽ được gửi tới Viện Dị ứng và Bệnh Truyền nhiễm Quốc gia Hoa Kỳ (NIAID). NIAID là một phân viện của Viện Y tế Quốc gia Mỹ (NIH) và tại đây, vaccine Covid-19 sẽ được kiểm tra lần cuối trước khi thử nghiệm trên người vào đầu tháng tư tới v...à kết quả về độ hiệu quả của loại vaccine này sẽ có trong tháng Bảy. Quý vị cũng có thể xem trực tiếp trên: Channel 57.14 KJLA (Southern California) Roku App: Vietmedia Channel Website: www.vietmedia.tv YouTube: https://bit.ly/2S3xFtp #Vietmedia #VMTV Xem thêm",,18000,1300,26000,0
274,-3413974553538971136,"Học sinh Hải Phòng sẽ tiếp tục nghỉ học thêm 2 tuần Nhằm đảm bảo công tác phòng chống dịch COVID-19, UBND thành phố vừa có Văn bản đồng ý với đề nghị của Sở Giáo dục và đào tạo cho phép trẻ em mầm non, học sinh tiểu học, THCS, THPT và học viên giáo dục thường xuyên tiếp tục nghỉ học từ ngày 23/3/2020 đến hết ngày 5/4/2020.",1584697284.0,3000,536,2500,0
275,-7845741394264275968,"THÔNG TIN CA NHIỄM COVID-19  VIỆT NAM GHI NHẬN THÊM 5 CA DƯƠNG TÍNH COVID-19  CA BỆNH 149 (BN149):Bệnh nhân nam, 40 tuổi, quốc tịch Việt Nam, địa chỉ ở Long Biên, Hà Nội. Bệnh nhân là lao động tự do tại Bang Hessen - CHLB Đức. Ngày 23/3/2020, bệnh nhân đến Sân bay Vân Đồn trên chuyến bay VN36 của Vietnam Airlines, số ghế 55C (cùng với mẹ, 68 tuổi, ngồi ghế 55A). Lúc nhập cảnh, bệnh nhân không có biểu hiện sốt, không ho, không viêm phổi. Tại khu cách ly Trường Quân sự tỉnh Quả...ng Ninh bệnh nhân ở cùng phòng với 02 người khác cũng đi trên chuyến bay này. Kết quả xét nghiệm của Trung tâm Kiểm soát bệnh tật tỉnh Quảng Ninh ngày 25/3 khẳng định bệnh nhân dương tính với SARS-COV-2, 207 hành khách còn lại âm tính. Bệnh nhân cùng mẹ và 2 người ở cùng phòng đã được chuyển đến Bệnh viện số 2 TP Hạ Long để điều trị và theo dõi sức khỏe. CA BỆNH 150 (BN150): Bệnh nhân nam, quốc tịch Việt Nam, 55 tuổi, trú tại phường Tân Định, Quận 1, TP. Hồ Chí Minh. Ngày 13/3/2020, bệnh nhân cùng vợ từ Hoa Kỳ về Việt Nam, có quá cảnh tại Đài Loan - Trung Quốc trên chuyến bay của hãng hàng không EVA Air, số hiệu BR395, số ghế 2D, 2K và nhập cảnh tại Cảng hàng không quốc tế Tân Sơn Nhất.  Sau nhập cảnh, bệnh nhân về nhà và từ ngày 14-18/3/2020 bệnh nhân có đi tới nhiều nơi và tiếp xúc với nhiều người: ngày 14/3 tiệc tại nhà (4 người dự), ngày 15/3 quán bún Gánh (đường Hàn Thuyên), ngày 16/3 họp công ty Transimex (24 người) và dự tiệc ở Hoa viên Tri kỷ cùng ngày, ngày 18/3 gặp bạn bè tại huyện Nhà Bè và đi khám tại Family Medical (số 34, Lê Duẩn) được tư vấn khám Bệnh viện Bệnh Nhiệt đới TP. Hồ Chí Minh, được chuyển cách ly tại Bệnh viện điều trị COVID-19 Cần Giờ. Ngày 23/3, bệnh nhân có sốt, ho, đau họng và lấy mẫu xét nghiệm. Hiện bệnh nhân tiếp tục được cách ly, điều trị tại Bệnh viện điều trị COVID Cần Giờ. CA BỆNH 151 (BN151): Bệnh nhân nữ, quốc tịch Brazil, 45 tuổi, trú tại phường Thảo Điền, Quận 2, TP. Hồ Chí Minh. Bệnh nhân làm việc tại công ty TNHH giày Gia Định, có  2 chi nhánh ở huyện Vĩnh Cửu, Đồng Nai và phường An Phú Đông, Quận 12, TP. Hồ Chí Minh. Bệnh nhân là đồng nghiệp, tiếp xúc gần với BN124. Hàng ngày bệnh nhân đi làm cùng với BN124 trên xe ô tô (có lái xe riêng), chung lịch trình tới 2 chi nhánh công ty và mua cà phê tại quán Starbucks (Quận 2). Ngoài ra, bệnh nhân đi tới một số nơi: quán ăn (TP. Biên Hòa, Đồng Nai) ngày 13/3, siêu thị An Phú ngày 16/3, nhà máy Huệ Phong (quận Gò Vấp, TP. Hồ Chí Minh) ngày 19/3. Ngày 23/3, bệnh nhân được xác định là người tiếp xúc gần BN124 và được lấy mẫu xét nghiệm và chuyển cách ly tập trung tại Khu C - Trường thiếu sinh quân, huyện Củ Chi. Đây cũng là nơi người lái xe đang được cách ly. CA BỆNH 152 (BN152): Bệnh nhân nữ, quốc tịch Việt Nam, 27 tuổi, trú tại phường Tây Thạnh, quận Tân Phú, TP. Hồ Chí Minh. Bệnh nhân là chị gái sống cùng nhà với BN127 (nam nhân viên quán Bar Buddha). Bệnh nhân làm việc tại công ty Formica - tầng 3, tòa nhà 414 Nguyễn Thị Minh Khai, Phường 5, Quận 3, TP. Hồ Chí Minh. Hàng ngày, bệnh nhân đi làm giờ hành chính và từ ngày 10-14/3 bệnh nhân có tiếp xúc gần với 4 đồng nghiệp, ngày 19/3 tiếp xúc với một đối tác tại công ty. Từ ngày 15-18/3, bệnh nhân có đi một số nơi và tiếp xúc một số người: ngày 15/3 đến nhà cha mẹ tại Quận Tân Bình, ngày 17/3 ăn trưa cùng 2 bạn tại nhà hàng chay Sen (Quận 1), ngày 18/3 tiếp xúc gần với một người giao hàng. Ngày 20/3, khi biết tin quán Bar Buddha - nơi em trai làm việc có ca bệnh COVID-19, bệnh nhân nghỉ làm, tự cách ly tại nhà và được Trạm Y tế phường tiếp cận, theo dõi. Ngày 23/3, bệnh nhân được lấy mẫu, chuyển cách ly tập trung tại Bệnh viện điều trị COVID-19 Cần Giờ. Công ty nơi bệnh nhân làm việc tạm ngưng hoạt động. CA BỆNH 153 (BN153): Bệnh nhân nữ, quốc tịch Việt Nam, 60 tuổi, trú tại quận Hải Châu, TP. Đà Nẵng. Tiền sử chưa ghi nhận bệnh lý. Bệnh nhân sang Australia thăm người thân và trở về Việt Nam ngày 21/3/2020 trên chuyến bay của Vietnam Airlines số hiệu VN772, nhập cảnh tại Cảng hàng không quốc tế Tân Sơn Nhất. Sau nhập cảnh, bệnh nhân được chuyển khu cách ly tập trung tại ký túc xá Đại học Quốc gia TP. Hồ Chí Minh, ở chung phòng với ca số 143 và 02 người khác. Ngày 23/3 sau khi xác định ca số 143 mắc bệnh COVID-19, bệnh nhân và 02 người bạn chung phòng được chuyển đến Bệnh viện Dã chiến Củ Chi cách ly, theo dõi và lấy mẫu. Bộ Y tế khuyến cáo: 1. Chấp hành nghiêm quy định của Chính phủ không tụ tập đông người. 2. Nếu có việc thực sự cần thiết phải ra đường, giữ khoảng cách 2m với người khác và luôn mang khẩu trang. Không nên đeo khẩu trang để đối phó, hãy đeo khẩu trang kín cả mũi và miệng để bảo vệ sức khỏe của chính mình và những người xung quanh. 3. Chăm tập thể dục, ăn uống đủ chất, rửa tay thường xuyên và để nơi ở sạch sẽ, thoáng khí. Chăm sóc mình tốt để tăng sức đề kháng bản thân là góp phần chống dịch. 4. Sử dụng ứng dụng (app) NCOVI của VNPT để khai báo y tế và theo dõi sức khỏe. Xem thêm",1585220570.0,28000,1100,2100,0
276,-5005199604534146048,"Hoãn phiên toà phúc thẩm xét xử Tiến ""trắng"" (con nuôi Đường Nhuệ) và đồng phạm.

Theo lịch đã định, chiều nay 27/4/2020, Tòa án Nhân dân tỉnh Thái Bình sẽ xét xử phúc thẩm vụ án ""cố ý gây thương tích"" xảy ra cuối năm 2018, tại huyện Đông Hưng.

Tuy nhiên, do nạn nhân trong vụ án vắng mặt, phiên tòa phúc thẩm xét xử Tiến “trắng” và các đồng phạm bị hoãn.

Trước đó, tối 19/12/2018, Tiến ""trắng"" cùng những người bạn đi trên 3 xe taxi và 1 ôtô của bị cáo đến nhà hàng Hương Quê (xã Nguyên Xá, huyện Đông Hưng) tìm anh Nguyễn Văn Hùng.

Khi đến nhà anh Hùng (cùng là nơi kinh doanh nhà hàng), Tiến “trắng” xuống ôtô, khống chế nạn nhân và nói: “Hùng ơi mày định thuê người đánh tao à”, anh Hùng trả lời: “Tao không biết gì đâu Tiến ơi”.

Tiếp đó, Tiến “trắng” và nhóm bạn đã ghì cổ lôi anh Hùng ra ngoài rồi dùng gậy gỗ vụt liên tiếp vào người, chân nạn nhân. 6 kẻ khác còn dùng chân đá nhiều nhát vào mặt, đầu, người Hùng…

Tại kết luận giám định pháp y xác định tỉ lệ tổn thương cơ thể của anh Hùng thời điểm đó là 25%.

Sau đó, Cơ quan CSĐT huyện Đông Hưng đã tiến hành khởi tố vụ án, khởi tố bị can để điều tra vụ việc trên.

Đến tháng 9/2019, TAND huyện Đông Hưng đưa vụ việc trên ra xét xử. Tại phiên tòa sơ thẩm, Tiến “trắng” bị tòa tuyên phạm 18 tháng tù giam, 13 bị cáo còn lại nhận từ 12 tháng tù treo đến 21 tháng tù giam. Tuy nhiên, do có kháng cáo của một số bị cáo nên đến nay, Tiến “Trắng” chưa phải thi hành án.

Một số bị cáo đã có đơn kháng cáo vì cho rằng bản án nặng, nên sự việc trên được Toà án Nhân dân tỉnh Thái Bình thụ lý và xét xử phúc thẩm.

Cũng theo thông tin, trước khi diễn ra phiên tòa này, Tiến ""trắng"" đã xin rút đơn kháng cáo.

Bùi Mạnh Tiến (Tiến “trắng”, 25 tuổi, ở huyện Vũ Thư, tỉnh Thái Bình) - người được coi là con nuôi của Nguyễn Xuân Đường (Đường “Nhuệ”, 49 tuổi) từng có nhiều tiền sự liên quan đến việc hành hung người khác.

Trong hồ sơ, năm 2015, Tiến “trắng” bị Công an huyện Vũ Thư xử phạt hành chính về hành vi xâm hại sức khỏe người khác bằng mức phạt tiền 2,5 triệu đồng.

Năm 2016, Tiến “trắng” tiếp tục bị Công an huyện Vũ Thư xử phạt hành chính 3 triệu đồng cùng về hành vi xâm hại sức khỏe người khác.

Tiến ""trắng"" cũng là đối tượng bị ""tố"" cầm đầu trong vụ việc vây hãm Công ty Lâm Quyết.

* Chi tiết hơn xem tại

https://www.baogiaothong.vn/hoan-phien-toa-phuc-tham-xet-xu-con-nuoi-duong-nhue-va-cac-dong-pham-d463120.html",1588007819.0,26,1,,0
277,6570265313371844608,"ALL VIETNAMESE AND FOREIGN NATIONALS IN VIET NAM SHALL WEAR FACE MASKS AT CROWDED PUBLIC PLACES [English below] Hôm nay (14/03/2020), Bộ Ngoại giao Việt Nam (VN) thông báo:... 1. Những người đến từ hoặc đi qua vùng có dịch cần thường xuyên kiểm tra cập nhật quy định của các hãng hàng không, đảm bảo có đầy đủ các giấy tờ cần thiết theo yêu cầu để có thể thực hiện chuyến bay (đặc biệt là các giấy tờ xác nhận tình trạng sức khỏe nếu có). 2. VN yêu cầu từ ngày 16/03/2020: - Công dân nước ngoài tại VN cũng như công dân VN thực hiện nghiêm việc đeo khẩu trang tại các nơi công cộng có tập trung đông người (như tại siêu thị, sân bay, nhà ga, bến xe, trên các phương tiện giao thông công cộng…). - Tất cả hành khách trên các chuyến bay trong nước, quốc tế đến và đi từ VN phải đeo khẩu trang trong suốt chuyến bay và khi vào nhà ga. VN đã thông báo nội dung này tới các cơ quan đại diện ngoại giao, cơ quan lãnh sự và cơ quan đại diện các tổ chức quốc tế tại VN. * Ảnh: Một nhóm các vị khách du lịch được tặng khẩu trang miễn phí tại quận 1, TPHCM (Thi Hồng/SGGP) --- On 14 March 2020, the Ministry of Foreign Affairs of Viet Nam made the following announcement. 1. People who come from or have visited or transited via Covid-19 affected areas shall regularly check with their airlines for updated regulations, and carry all documents as required, particularly their medical certificates (if any). 2. From 16 March 2020, Viet Nam requires that: - All Vietnamese and foreign nationals in Viet Nam shall wear face masks at crowded public places, including supermarkets, airport terminals, train stations, coach stations, and public transport vehicles. - All passengers on domestic and international flights to and from Viet Nam shall wear face masks throughout the flight and during their stay at the airport terminals. Viet Nam has informed this decision to all diplomatic missions, consular offices and representative offices of international organizations in Viet Nam./. Xem thêm",1584197293.0,16000,621,2100,0
278,-7806960591495877632,"DỰ TRÙ CHUYỂN KHOẢNG  3.000 NGƯỜI TỪ TPHCM VỀ BRVT CÁCH LY.   Chiều nay, 23/3 Ban Chỉ đạo phòng chống Covid-19 Bà Rịa - Vũng Tàu tổ chức khảo sát các vị trí chuẩn bị đưa vào cách ly khoảng 3.000 người từ TP.HCM chuyển về.... Vị trí làm nơi cách ly là ký túc xá của các trường cao đẳng, trung cấp nghề, THPT và cơ sở kinh doanh lưu trú trên địa bàn như: Ký túc xá trường Cao đẳng Dầu Khí, trường THPT Chuyên Lê Quý Đôn, Khách sạn Kiều Anh, Long Hải Beach resort.... Theo ông Trần Văn Tuấn, Phó Chủ tịch UBND tỉnh Bà Rịa - Vũng Tàu, hiện nay lượng kiều bào về nước rất đông, để việc cách ly đảm bảo an toàn, Bà Rịa Vũng Tàu dự trù sẽ là nơi hỗ trợ TPHCM cách ly người liên quan đến Covid-19. Tỉnh đã có các khu cách ly khoảng 200 người rồi, nhưng UBND tỉnh vẫn chỉ đạo dự phòng thêm khoảng 3.000 người cách ly. Hiện nay đã vận động các cơ sở rất nhiều, tuy nhiên hiện tỉnh vẫn đang xem xét chứ không phải chọn hết, đảm bảo đủ điều kiện mới làm khu cách ly vì nguồn lực y tế tỉnh BRVT cũng có hạn nên phải tính toán làm sao đảm bảo tất cả các điều kiện và phục vụ cách ly thật tốt, phải có những khu vui chơi giải trí cho người dân trong khu cách ly./. Theo Lưu Sơn/VOV-TPCHM Xem thêm",1584970964.0,2200,1400,2800,0
279,7050444021058475008,"Khi TP Vũ Hán, Trung Quốc trở thành tâm điểm của dịch COVID 19, mọi người đều lo sợ thì lại có một chuyến bay thẳng hướng tâm dịch với những con người quả cảm. Họ lên đường thực hiện nhiệm vụ đặc biệt của Quốc Gia - Tiếp lửa cho nước bạn và đón những đồng bào ta trở về. Sau những ngày tự cách ly kể từ khi trở về từ tâm dịch, hôm nay họ đã chính thức trở về với gia đình.",,18000,1200,3100,0
280,-5005199604534146048,"BÁC SĨ BV CAN LỘC BỎ TRỰC CẤP CỨU ĐI ĐÂU?

Bác sĩ tại Bệnh viện ĐK Can Lộc “bỏ trực” cấp cứu, người dân bức xúc?

Mặc dù, đang trong giờ trực cấp cứu nhưng bác sỹ công tác tại Bệnh viện Đa khoa Can Lộc bỏ trực khiến người nhà bệnh nhân bức xúc.

Vào khoảng 18h10 ngày 1/5, một số bệnh nhân có dấu hiệu ốm nên đã đến cấp cứu tại khoa Cấp cứu – Bệnh viện Đa khoa Can Lộc (Hà Tĩnh) để thăm khám, điều trị. Tuy nhiên, khi tới đây chỉ có một nữ điều dưỡng có mặt tại khoa.

Mặc dù, đang ở trong giờ trực cấp cứu tuy nhiên tại khoa Cấp cứu chỉ có môi nữ điều dưỡng và người bệnh phải mòn mỏi chờ đợi bác sỹ trực.

Bức xúc bởi thái độ thờ ơ, thiếu trách nhiệm của Bác sỹ nơi đây, người nhà bệnh nhân đã phản ánh với ban Giám đốc bệnh viện, ngành y tế và báo chí.

""Người thầy thuốc phải có lương tâm và trách nhiệm đối với người bệnh. Tuy nhiên, bác sỹ trực cấp cứu lại bỏ 'kíp trực' khiến người bệnh mòn mỏi chờ đợi và thắp lên tia hy vọng cho sự sống. Đồng thời, chúng tôi phải rơi nước mắt khi nhìn thấy cảnh bệnh nhân phải dày vò với đau đớn"", một người nhà bệnh nhân chia sẻ.

Qua tìm hiểu của PV Thương hiệu và Pháp luật, người bác sỹ đang cắt lịch trực vào chiều tối ngày 1/5 có tên là Thìn. Tuy nhiên, khi bệnh nhân có mặt tại đây để khám thì vị bác sỹ này đang vắng mặt.

Trao đổi với PV, ông Lê Thế Nhiên – Giám đốc Bệnh viện Đa khoa Can Lộc cho biết: “Mặc dù, ngày nghỉ lễ nhưng bệnh viện vẫn có người trực. Tôi sẽ cho kiểm tra và chấn chỉnh ngay”. Ông Lê Ngọc Châu - Giám đốc Sở Y tế Hà Tĩnh cho hay:"" Tôi sẽ kiểm tra và cung cấp thông tin cho báo chí sau"".

Với sự việc nói trên, có lẽ Sở Y tế Hà Tĩnh, UBND huyện Can Lộc cần vào cuộc kiểm tra xử lý nghiêm việc bỏ trực cấp cứu (nếu có). Thương hiệu và Pháp luật sẽ tiếp tục thông tin...

Tác giả: Xuân Hà

Nguồn tin: thuonghieuvaphapluat.vn",1588480853.0,3,0,,0
281,-7845741394264275968,"📌 THÔNG BÁO KHẨN CỦA BỘ Y TẾ  Bộ Y tế thông báo đã xác định được các chuyến bay sau có hành khách mắc COVID-19, bao gồm: - SQ 176 của Singapore Airlines từ Singapore đến Nội Bài ngày 15/3/2020;... - VJ 826 từ Kuala Lumpur (Malaysia) về TP.HCM ngày 4/3. - TK 162 của Turkey Airlines từ Istanbul đến TP.HCM ngày 8/3/2020;  - QH 1521 của Bamboo Airways từ TP.HCM đến Phú Quốc ngày 9/3/2020; - QH 1524 của Bamboo Airways từ Phú Quốc đến TP.HCM ngày 13/3/2020; - SU 290 Aeroflot  từ Moscow đến Hà Nội ngày 13/3/2020; - QR 970 từ Doha đi TP.HCM ngày 10/03/2029  Bộ Y tế đề nghị tất cả hành khách trên các chuyến bay nói trên liên hệ ngay với Trung tâm Kiểm soát bệnh tật các tỉnh, thành phố để được hướng dẫn theo dõi sức khoẻ. Các đại lý bán vé cho các hành khách trên có trách nhiệm thông báo cho hành khách đã mua vé bay trên các chuyến máy bay này. *********  📌 EMERGENCY NOTICE OF THE MINISTRY OF HEALTH VIETNAM  The Ministry of Health Vietnam has announced that they have identified the following flights with passengers carrying COVID-19, including:  - SQ 176 of Singapore Airlines from Singapore to Noi Bai on March 15, 2020.  - VJ 826 of Vietjet Air from Malaysia to TP.HCM on March 4, 2020.  -  TK162 Turkey Airlines from Istanbul to Ho Chi Minh City on March 8, 2020;  - QH 1521 of Bamboo Airways from Ho Chi Minh City to Phu Quoc on March 9, 2020;  - QH 1524 of Bamboo Airways from Phu Quoc to Ho Chi Minh City on March 13, 2020  - SU290 Aeroflot from Moscow to Hanoi on March 13, 2020  - QR 970 of Qatar Airways from Doha to TP.HCM on 10/3/2020.  The Ministry of Health recommends that ALL PASSENGERS on these flights immediately contact to the Centers for Disease Control of provinces and cities for instructions on health monitoring.  The ticket agents for these passengers are responsible for notifying passengers who have purchased flight tickets on these flights. Xem thêm",1584367993.0,35000,2200,17000,0
282,2544831554344403968,"#Share & #tag bạn bè nhé các em! TP.HCM chính thức kiến nghị cho học sinh nghỉ hết tháng 3 Ngày 20-2, Chủ tịch UBND TP.HCM Nguyễn Thành Phong đã ký văn bản kiến nghị kéo dài thời gian nghỉ học của học sinh, sinh viên, học viên đến hết tháng 3 và điều chỉnh thời gian năm học 2019-2020.... Văn bản trên đề gửi Phó thủ tướng Vũ Đức Đam, Bộ trưởng Bộ GD-ĐT, Bộ trưởng Bộ Lao động - thương binh và xã hội.  Trong đó, UBND TP.HCM kiến nghị Chính phủ, Bộ GD-ĐT, Bộ Lao động - thương binh và xã hội các nội dung sau: Chỉ đạo thống nhất trong cả nước về việc cho phép kéo dài thời gian nghỉ học của học sinh, học viên, sinh viên các cơ sở giáo dục và các cơ sở giáo dục nghề nghiệp đến hết tháng 3-2020; điều chỉnh thời gian năm học 2019-2020, tiếp tục học kỳ 2 từ tháng 4 đến tháng 7 năm 2020; dời kỳ thi THPT quốc gia đến cuối tháng 7 Được biết năm trước kỳ thi THPT quốc gia diễn ra từ 25 đến 27-6.  Văn bản trên cũng nêu rõ: trước tình hình diễn biến phức tạp khó lường của dịch bệnh COVID - 19, trong đó tiềm ẩn nhiều nguy cơ và chưa có dấu hiệu ổn định trong thời gian ngắn sắp tới. Với tinh thần đảm bảo sự an toàn và sức khoẻ cho học sinh luôn phải đặt lên hàng đầu và nhằm giúp các địa phương, đơn vị, cơ sở giáo dục chủ động trong việc xây dựng triển khai đồng bộ kế hoạch thực hiện nhiệm vụ năm học 2019-2020 - UBND TP.HCM đã có đề xuất nêu trên.  Trước đó, UBND TP.HCM cũng đã có quyết định cho học sinh, sinh viên nghỉ học hết tháng 2.  (Nguồn: Tuổi trẻ) Xem thêm",1582169482.0,5700,1500,3200,0
283,-5430050473196042240,"PHÁT MIỄN PHÍ HÀNG TRIỆU KHẨU TRANG VẢI ĐỂ NGƯỜI DÂN PHÒNG BỆNH Huy động cả hệ thống chính trị vào cuộc, hàng triệu khẩu trang sẽ đến tận tay người dân Thái Nguyên và người đang sinh sống tại Thái Nguyên vào cuối tuần này và tuần tới. Theo tin từ Sở Y tế tỉnh Thái Nguyên: người dân tỉnh Thái Nguyên đều sẽ sớm được nhận khẩu trang vải do TNG sản xuất và miễn phí.  Còn theo UBND thành phố Thái Nguyên, mỗi người dân thành phố được nhận 2 khẩu trang vải để phòng chống dịch bệnh (...cả người hộ khẩu và tạm trú tạm vắng).  UBND thành phố Thái Nguyên cấp phát theo xã phường để triển khai xuống các tổ dân phố. Các tổ dân phố có trách nhiệm phát đến từng hộ gia đình, người dân. Thời gian: Ngày 9/2/2020. Sau khi có chứng nhận từ Bộ Y tế vào ngày 4/2, công ty CP Đầu tư và Thương mại TNG đang chạy đua với thời gian để sản xuất khẩu trang vì trách nhiệm xã hội và sức khỏe cộng đồng; đảm bảo cung cấp số lượng khẩu trang cho các cơ quan chức năng để cấp phát cho nhân dân. Chi tiết chương trình Tọa đàm: ""Thái Nguyên chủ động ứng phó với dịch viêm đường hô hấp cấp do virus Corona"" với rất nhiều thông tin cập nhật, mới, nóng sẽ được phát sóng trong chương trình truyền hình 6/2/2020. Mời quý vị và các bạn quan tâm theo dõi! Xem thêm",,3000,974,4300,0
284,-5042589055507459072,"Thông tin mới nhất từ Trung tâm Kiểm soát và Phòng chống Dịch bệnh Hàn Quốc, tính đến chiều nay (24/02), Hàn Quốc đã ghi nhận thêm 70 ca nhiễm mới, nâng tổng số ca mắc COVID-19 lên 833 trường hợp… Như vậy, chỉ trong một ngày, số ca nhiễm mới được xác nhận đã lên tới 231 ca - là mức cao nhất từ trước đến nay.",,7500,416,3100,0
285,7618398776145523712,"🔥🔥 "" Việt Nam hỡi ! Việt Nam ơi !...""  Giai điệu quen thuộc, tiếng gọi 🗣 đất nước tha thiết. Mới đây ca khúc ấy đã được viết lại với ca từ mới, mang ý nghĩa kêu gọi và tuyên truyền nhân dân ta cùng nhau chống dịch.🍀 🎶🎶 Ca khúc mang tên "" Việt Nam ơi! Đánh bay Covid! "" do nhạc sĩ Minh Beta viết lại. Cùng nhau lắng nghe, nhìn lại những hình ảnh để từ đó suy nghĩ về tinh thần đoàn kết, cùng nhau đẩy lùi mọi khó khăn. Quyết chiến thắng COVID -19.📣... 🇻🇳 "" TỰ HÀO HÁT MÃI LÊN VIỆT NAM ƠI "" 🇻🇳 [Thông tin chính thức về bài hát] Việt Nam ơi! Đánh bay Covid - Minh Beta ➡ Facebook: https://www.facebook.com/MinhBetaVN  ➡ Youtube: https://www.youtube.com/user/betaminh Video: Sưu tầm Xem thêm",,39000,1100,18000,0
286,5862459106918963200,"Vĩnh Phúc chiến thắng, Sơn Lôi, Bình Xuyên chiến thắng 😍 Chúc mừng nhé Nguyễn Thị Nam! Một trong những bệnh nhân mắc Covid-19 đầu tiên được ra viện của trung tâm điều trị Covid - 19 Bình Xuyên tỉnh Vĩnh Phúc! Bình Xuyên đang chiến thắng nCoV rồi nhé! Các y bác sĩ giỏi quá. Nút chia sẻ của mọi người đâu rồi nhỉ, mạnh tay vì cộng đồng đi ạ ☺️... Ảnh: Thanh Thu Xem thêm",1582019909.0,7100,1900,7500,0
287,-8121156769546520576,"Đại tá, phi công chiến đấu, điệp viên, Anh hùng Lực lượng Vũ trang Nhân dân, Phó Tổng giám đốc Vietnam Airlines là những danh hiệu, chức vụ tưởng chừng chỉ có trong phim Hollywood nhưng đây lại là câu chuyện về cuộc đời của Nguyễn Thành Trung .

Sinh ra tại Bến Tre năm 1947 trong một gia đình Cách mạng, năm 14 tuổi, cha ông đang hoạt động bí mật thì bị biệt kích ngụy phục kích và sát hại, mẹ và em gái bị bắt, nhà của gia đình bị đốt trụi. Ông đổi sang họ Nguyễn và sau đó được Ban binh vận T2 chỉ đạo thi vào trường Không quân VNCH.

Tháng 4/1975, khi cơ sở tình báo của ta trong lực lượng pháo binh địch bị phá vỡ, có người đã khai rằng còn một cơ sở khác trong không quân, tuy không biết tên nhưng đây là một phi công gốc Bến Tre.

Biết rằng mình sắp bị lộ, Nguyễn Thành Trung xin ý kiến để thoát về vùng giải phóng. Trung ương Cục chỉ đạo hoặc là ông chạy bộ vào rừng hoặc là đánh cắp máy bay rồi nhảy dù xuống Lộc Ninh.

Sáng ngày 8/4/1975, Nguyễn Thành Trung được lệnh cùng với biên đội 3 chiếc F-5 từ Biên Hòa ra Phan Thiết ném bom ngăn chặn Quân giải phóng. Khi hai chiếc kia đã xuất phát, lợi dụng nguyên tắc không sử dụng điện đài khi cất cánh, chiếc F-5E của Nguyễn Thành Trung lặng lẽ bay thẳng về hướng Sài Gòn.

Đây là kế hoạch mà ông đã định từ trước. Chiếc F-5 mang theo bốn quả bom hướng về phía Dinh Độc Lập. Trong lần công kích đầu tiên, hai quả bom rơi trượt mục tiêu và phát nổ ngoài sân. Đến lần thứ hai thì hai quả bom đánh trúng phía sau Dinh Độc Lập và một quả phát nổ.

Chiếc F-5E đổi hướng và xả luôn 300 phát đạn pháo 20mm xuống kho xăng Nhà Bè. Sau đó Nguyễn Thành Trung bay về hạ cánh an toàn tại Phước Long.

Ngày 28/4/1975, tức là tròn 45 năm về trước, phi đội Quyết Thắng gồm năm chiếc A-37 do Nguyễn Thành Trung dẫn đường đã ném bom xuống sân bay Tân Sơn Nhất. Cuộc không kích thành công khiến ngụy quân và ngụy quyền hoảng loạn. Mỹ ngay lập tức từ bỏ kế hoạch di tản bằng đường hàng không.",1588133561.0,31,5,,0
288,-7845741394264275968,"THANH HÓA: BỆNH NHÂN NHIỄM VIRUS nCoV XUẤT VIỆN  Sau 10 ngày cách ly, theo dõi điều trị, Bệnh viện Đa khoa tỉnh Thanh Hóa đã chữa thành công cho nữ bệnh nhân người Yên Định dương tính với virus nCoV, kết quả xét nghiệm lần 2 hiện đã âm tính với virus nCoV. Tại thời điểm sáng 3/2/2020, tình trạng sức khỏe của bệnh nhân đã phục hồi, ngày thứ 5 hết sốt, không ho, không tức ngực, các chỉ số xét nghiệm hóa sinh trong giới hạn bình thường; bệnh nhân được ra viện vào sáng 3/2/2020, toàn bộ chi phí điều trị cho người bệnh đều được miễn giảm.",1580705135.0,23000,1100,2300,0
289,7621363591895921664,"Hai người gốc Việt chết vì virus tại Mỹ

Hai người Việt vừa được báo cáo đã tử vong tại bang Washington, Mỹ, vì nhiễm bệnh do virus SARS-CoV-2 gây ra.

Đại sứ quán Việt Nam tại Mỹ xác nhận hai người gốc Việt đã tử vong tại bang Washington vì bệnh do virus SARS-CoV-2 gây ra. Washington cũng là bang tâm điểm của đợt dịch bệnh này.

Bệnh nhân gốc Việt tử vong là hai người cao tuổi, đều sống tại viện dưỡng lão ở bang Washington. Một người sinh năm 1946, qua đời ngày 16/3 tại thành phố Seattle.

Bà được phát hiện có triệu chứng nhiễm virus một trại dưỡng lão ngày 9/3, sau đó được xét nghiệm dương tính. Bà nằm viện một tuần thì tử vong.
Một cơ sở xét nghiệm lưu động được đặt tại Đại học Washington ở bang Washington - nơi đã có hơn 1.000 ca nhiễm và 66 trường hợp tử vong vì virus corona. Ảnh: AP.
Người Việt thứ 2 qua đời vì Covid-19 cũng là người cao tuổi, bị mù. Nơi này đã ghi nhận ca tử vong vì virus trước đó, nhưng những người đã tiếp xúc với bệnh nhân vẫn không được khám và xét nghiệm nếu không có triệu chứng.

Nạn nhân người Việt thứ hai phát sốt và được xét nghiệm dương tính virus, rồi qua đời trong 24 giờ sau đó.

Bang Washington đã xét nghiệm cho 17.105 người trên toàn bang, với 1.187 người cho kết quả dương tính với Covid-19. Hiện đã có 66 trường hợp tử vong ở bang này, với 35 trong số đó có liên quan đến một viện dưỡng lão ở thành phố Kirkland.
Nguồn: zing",1584585923.0,,0,1,0
290,8070489501250627584,"Tổng hợp các ưu đãi cho doanh nghiệp bị ảnh hưởng bởi dịch Covid-19

[https://tuvanvietluat.com/tin-tuc/tong-hop-cac-uu-dai-cho-doanh-nghiep-bi-anh-huong-boi-dich-covid-19](https://tuvanvietluat.com/tin-tuc/tong-hop-cac-uu-dai-cho-doanh-nghiep-bi-anh-huong-boi-dich-covid-19)",1587370028.0,3,0,,0
291,6570265313371844608,"""Không thể tưởng tượng được"" là lời khen mà MC John Oliver trong chương trình Last Week Tonight trên sóng HBO (Mỹ) dành cho bài hát ""Ghen Cô Vy"". Xem lại đầy đủ bài hát tại: http://bit.ly/ghencovy --- ""Ghen cô Vy"" là dự án hợp tác giữa Erik, Min, Khắc Hưng với Viện Sức khỏe nghề nghiệp và môi trường (Bộ Y tế). Phần hình ảnh thể hiện bởi Yang Animation Artist.",,11000,496,3100,0
292,-5005199604534146048,"Đề xuất điểm bằng của BCA

Cùng với việc quy định về điểm, Bộ Công an cũng dự kiến quy định các hành vi vi phạm tương ứng với số điểm bị trừ, chẳng hạn vượt đèn đỏ sẽ bị trừ 6 điểm, lấn làn bị trừ 5 điểm...

Bộ Công an vừa báo cáo Chính phủ, đề nghị xây dựng Luật Bảo đảm trật tự an toàn giao thông (TTATGT) đường bộ và đề xuất trình Quốc hội đưa dự án Luật Bảo đảm TTATGT đường bộ vào chương trình xây dựng luật, pháp lệnh năm 2021.

Đáng chú ý, tại dự thảo Luật Bảo đảm TTATGT đường bộ, Bộ Công an đề xuất rất nhiều quy định mới, trong đó có vấn đề quản lý giấy phép lái xe (GPLX) của tài xế.

Mỗi tài xế được 12 điểm, hết phải thi lại

Bộ Công an đề xuất mọi loại GPLX sẽ có tổng là 12 điểm và số điểm này sẽ bị trừ khi tài xế vi phạm pháp luật về TTATGT. Số điểm bị trừ ngược; đến khi về 0, GPLX sẽ bị coi là không còn hiệu lực. Điều này đồng nghĩa tài xế muốn cấp GPLX phải học và thi lấy GPLX trong thời gian ít nhất sáu tháng kể từ ngày GPLX bị coi là không còn hiệu lực.

Cũng theo Bộ Công an, dữ liệu về điểm trừ đối với người vi phạm sẽ được cập nhật về hệ thống dữ liệu xử phạt vi phạm hành chính của cơ quan chức năng ngay sau khi hình thức xử phạt có hiệu lực thi hành.

Thông tin thêm về đề xuất này, lãnh đạo Cục CSGT cho biết số điểm sẽ không thể hiện trên GPLX mà lưu trong hệ thống dữ liệu. CSGT khi xử lý chỉ cần tra trên máy là biết tài xế còn bao nhiêu điểm. Cùng với việc quy định về điểm, Bộ Công an cũng dự kiến quy định các hành vi vi phạm tương ứng với số điểm bị trừ, chẳng hạn vượt đèn đỏ sẽ bị trừ 6 điểm, lấn làn bị trừ 5 điểm...

Đặc biệt, quyết định xử phạt sẽ phải ghi cả số điểm mà tài xế bị trừ, nếu chỉ ghi phạt tiền sẽ được coi là không hợp lệ...

Theo: PLO. Ảnh: KSC",1587651516.0,19,27,3,0
293,7050444021058475008,"Sáng nay (7/3), tại cuộc họp Ban Chỉ đạo công tác phòng chống dịch Covid-19 của thành phố Hà Nội, giám đốc Sở Y tế Hà Nội Nguyễn Khắc Hiền cho biết, đến sáng nay Hà Nội đã lập danh sách 33 người tiếp xúc gần với bệnh nhân N. và 90 người tiếp xúc gần với người tiếp xúc gần. Sở đã tiến hành lấy mẫu 27 người, 25 mẫu đã cho kết quả âm tính. Hai trường hợp nghi nhiễm gồm lái xe riêng (27 tuổi) và bác gái bệnh nhân (64 tuổi) hiện chưa có kết quả xét nghiệm. Các trường hợp còn lại đ...ang tiếp tục lấy mẫu. Sở Y tế Hà Nội cũng cho biết đang phối hợp với sân bay Nội Bài thu thập thông tin 217 trường hợp hành khách và phi hành đoàn cùng chuyến bay VN 0054 với bệnh nhân. Trước thông tin người dân đổ xô đi mua thực phẩm tích trữ, bí thư Thành uỷ Hà Nội Vương Đình Huệ cho biết: ""Chúng tôi biết hiện nay có hiện tượng người dân tới các siêu thị mua hàng tích trữ, chính việc tập trung đông người, không đảm bảo vệ sinh phòng bệnh theo hướng dẫn của ngành y tế lại là yếu tố lây nhiễm, có khi nguy cơ lây nhiễm ngay tại siêu thị cũng rất lớn nếu không thực hiện tự bảo vệ đúng cách"". Bí thư Vương Đình Huệ khẳng định, người dân không cần phải đi mua tích trữ hàng hóa. ""Thành phố Hà Nội đủ tiềm lực để có thể đảm bảo thực phẩm, nhu yếu phẩm cho người dân"", ông Huệ nói. Theo Bí thư Vương Đình Huệ, ""cái lo lắng phải thể hiện bằng cái hành động thực tế, tức là bằng việc tự bảo vệ mình, tự bảo vệ gia đình mình và có trách nhiệm để thông báo ngay tình hình sức khỏe của mình cho cơ quan có thẩm quyền các cấp"". Xem thêm",1583552463.0,47000,2300,7200,0
294,-6911671118385437696,"DANH SÁCH NHỮNG NGƯỜI QUẢNG NINH ĐI KHÁM CHỮA BỆNH TẠI BV BẠCH MAI TỪ NGÀY 10/3 ĐẾN NAY ----- Quảng Ninh đề nghị người dân đến Bệnh viện Bạch Mai trong 2 tuần qua cung cấp thông tin Theo thông tin từ Bộ Y tế, ngày 18/3-22/3/2020 thành phố Hà Nội phát hiện liên tục 03 trường hợp mắc Covid-19 là nhân viên y tế của Bệnh viện Bạch Mai và bệnh nhân đến điều trị tại Bệnh viện. Như vậy, có thể có nguy cơ lây nhiễm chéo giữa nhân viên y tế và những người đến thăm, khám, điều trị... t...ại Bệnh viện Bạch Mai trong tháng 3/2020. Để ngăn chặn sự bùng phát, lây lan dịch bệnh Covid-19 trong cộng đồng. Ban chỉ đạo phòng, chống Covid-19 tỉnh Quảng Ninh đề nghị mọi người dân Quảng Ninh nếu trong hai tuần qua có đến khám, chữa bệnh, công tác, học tập... tại Bệnh viện Bạch Mai, Hà Nội hoặc các cơ sở trực thuộc trong Bệnh viện Bạch Mai chủ động phối hợp thông báo về tình trạng sức khỏe với các đơn vị y tế trên địa bàn hoặc trực tiếp gọi qua đường dây nóng báo dịch Quảng Ninh theo số 1800-9214 để được tư vấn các biện pháp phòng, chống dịch Covid-19. Cảm ơn bạn đã cùng chung tay đẩy lùi dịch bệnh Covid-19! Xem thêm",1585202391.0,1700,726,3000,0
295,-6363792587560987648,"TỪ 0 GIỜ THỨ BẢY 28-3: GẦN NHƯ GIỚI NGHIÊM TOÀN ĐẤT NƯỚC 2 TUẦN HOẶC LÂU HƠN Cách đây ít phút, Thủ tướng vừa tuyên bố hàng loạt biện pháp áp dụng từ 0g 28/3. Trong đó có dừng họp, hạn chế bay từ HN, TP.HCM đi các tỉnh, hạn chế ra đường va di chuyển khỏi TP... Các cảnh báo cho thấy nếu đạt mức 1000 người nhiễm trong vòng 39 ngày thì phải chấp nhận việc lây nhiễm với quy mô rất lớn: Từ 1000 lên 2000 người trong 3 ngày, lên 8000 trong vòng 5 ngày và lên 32000 trong 5 ngày kế tiế...p. Giới chuyên gia nhận định: - Ca nhiễm đầu tiên tại VN ngày 23/1 và đến 12/2 tất cả các ca đều đã khỏi cho đến ngày 6/3 mới xuất hiện ca nhiễm mới và liên tục tăng. Như vậy về mặt lan truyền dịch, phải coi nước ta bắt đầu đợt dịch mới từ 6/3. KHÔNG LIÊN QUAN ĐẾN ĐỢT 23-1 tới 12-2. - Các con số trên thế giới cho thấy từ 1 lên 100 trung bình mất 29 ngày, thì thời gian này của VN chỉ là 18 ngày. Dự báo VN sẽ lây nhiễm với mô hình A như Hồ Bắc, Ý, Đức, Pháp và Tây Ban Nha. Và nay chúng ta chỉ còn 02 tuần để khống chế không cho nó đạt mức 1000 ca nhiễm vào 3-4-2020. Nếu không thành công, sau ngày 3-4 VN sẽ chứng kiến sự lây lan dịch với tốc độ chóng mặt với 1000 người nhiễm và sẽ đạt 8000 người sau 11 ngày, tức 14-4. Và số tử vong sẽ kinh hoàng do mất kiểm soát. Giới nghiêm toàn đất nước là cần thiết!!! Chúng tôi liên tục cập nhật diễn biến dịch Covid 19! #vtvcab #covid19 Nguồn: VTVCab Bọn chân có huyền đề hay lêu hêu ngoài đường xin hãy ở nhà giùm, plz! Xem thêm",1585240623.0,2200,1000,7600,0
296,-7845741394264275968,"THÔNG TIN CHI TIẾT VỀ CA BỆNH THỨ 17 MẮC COVID-19 TẠI HÀ NỘI 21h30 ngày 6/3/2020, Viện Vệ sinh Dịch tễ Trung thông báo kết quả xét nghiệm dương tính Covid-19 đối với bệnh nhân N. H. N, 26 tuổi, đã đi thăm chị gái tại Anh và cùng chị gái qua Ý, Pháp du lịch và trở về Hà Nội 4h30 ngày 02/3/2020 trên chuyến bay VN0054.  Bệnh nhân N.H.N làm quản lý khách sạn, có địa chỉ thường trú tại phường Trúc Bạch, quận Ba Đình, TP Hà Nội.... Theo Trung tâm Kiểm soát Bệnh tật Hà Nội: Bệnh nhân này xuất cảnh ngày 15/2 bay sang London (Anh), ngày 18/2 bay sang Milan (tỉnh Lombardy, Italia) du lịch. Tại thời điểm này, tại tỉnh Lombardy chưa ghi nhận dịch Covid-19 bùng phát. Ngày 20/2/2020 quay trở về Anh. Ngày 25/02/2020, bệnh nhân sang Paris, Pháp du lịch 1 ngày.  Ngày 29/2, bệnh nhân bắt đầu có biểu hiện ho, nhưng không đi khám. Đến ngày 1/3, bệnh nhân bị thêm đau mỏi người, không rõ sốt. Sau đó bệnh nhân lên máy bay trở về Việt Nam trên chuyến bay có số hiệu VN0054 của Hãng Hàng không Quốc gia Việt Nam (Vietnam Airlines) và hạ cánh xuống sân bay Nội Bài lúc 4h30 sáng ngày 2/3. Do bệnh nhân lúc này không sốt, không khai báo tình trạng sức khỏe của mình nên đã được nhập cảnh. Bệnh nhân được lái xe riêng của gia đình đưa về nhà riêng tại phường Trúc Bạch, quận Ba Đình. Kể từ khi về nước, bệnh nhân biết mình bị bệnh nên đã chủ động tự cách ly tại phòng riêng, hạn chế tiếp xúc với người trong gia đình, không đi đâu ra khỏi nhà, chủ động đeo khẩu trang kể cả khi ở trong nhà.  Bệnh nhân bắt đầu có biểu hiện sốt nhẹ ngày 02/3. Ngày 5/3 bệnh nhân xuất hiện sốt liên tục (38 độ C) kèm theo ho nhiều, có đờm, mệt mỏi. Bệnh nhân đi khám tại Bệnh viện Hồng Ngọc cơ sở 55 Yên Ninh, Ba Đình, được chẩn đoán viêm phổi (phim chụp XQ có hình ảnh đám mờ ở đáy phổi phải). Do có tiền sử đi từ nước ngoài về, nên bệnh nhân được chuyển đến bệnh viện Bệnh nhiệt đới Trung ương cơ sở Kim Chung để theo đõi điều trị. Lúc 18h ngày 5/3, bệnh nhân nhập viện Bệnh nhiệt đới Trung ương cơ sở Kim Chung, đang được cách ly, theo dõi sức khỏe nghiêm ngặt tại phòng áp lực âm của bệnh viện.  Ngay sau khi ghi nhận thông tin về ca nghi nhiễm, lãnh đạo Sở Y tế Hà Nội, lãnh đạo Trung tâm Kiểm soát bệnh tật Hà Nội, Chủ tịch UBND quận Ba Đình và các lực lượng của ngành y tế và quận Ba Đình đã trực tiếp xuống khu vực nhà bệnh nhân để chỉ đạo thực hiện  công tác phòng chống dịch, cụ thể: - Lập sơ đồ khoanh vùng khu vực có bệnh nhân, lập chốt tại 2 đầu khu phố Trúc Bạch, đóng cửa các hàng quán tại khu vực. - Trung tâm Kiểm soát bệnh tật Hà Nội cử 3 đội đáp ứng nhanh phối hợp với đội đáp ứng nhanh của Trung tâm Y tế quận Ba Đình và các đơn vị liên quan tiến hành điều tra dịch tễ lập danh sách những người tiếp xúc gần với bệnh nhân và những người tiếp xúc với người tiếp xúc gần tại khu vực nhà bệnh nhân đang sinh sống; tại Bệnh viện Hồng Ngọc (55 Yên Ninh) nơi bệnh nhân đến khám ban đầu; tại Bệnh viện Bệnh nhiệt đới cơ sở 2 và hồi cứu quá trình nhập cảnh tại sân bay Nội Bài của bệnh nhân. Theo đó, đã làm rõ những thông tin sau: + Chuyến bay VN0054 có tổng cộng 201 hành khách và 4 phi công và 12 tiếp viên. Hiện Vietnam Airlines đang phối hợp để rà soát, kiểm soát. + Tại nhà riêng của bệnh nhân: có 08 người tiếp xúc gần là bố và bác bệnh nhân, 5 người tạp vụ và 1 lái xe riêng. Hiện tại sức khỏe của những người này đều bình thường, không ai có biểu hiện sốt, ho. + Tại Bệnh viện Hồng Ngọc: Có 17 người tiếp xúc với bệnh nhân. Hiện tại sức khỏe của những người này đều bình thường, không ai có biểu hiện sốt, ho. Đã được cách ly tại Bệnh viện Bệnh nhiệt đới trung ương. + Sở Y tế Hà Nội đã tổ chức phun khử khuẩn bằng Cloramin B tại nhà bệnh nhân và khu vực lân cận, bệnh viện Hồng Ngọc và nhà những người tiếp xúc gần. + Toàn bộ những người tiếp xúc gần đã được chuyển tới Bệnh viện Bệnh Nhiệt đới Trung ương cơ sở 2 để cách ly tập trung và lấy mẫu xét.  + Còn lại những người tiếp xúc gần với những người có tiếp xúc gần với bệnh nhân được thống kê lập danh sách và yêu cầu thực hiện cách ly y tế tại nơi ở theo quy định. + Đề nghị Bộ Ngoại giao làm việc các cơ quan ngoại giao của Anh, Pháp để thông tin về lịch trình, nơi ở để họ có biện pháp kiểm soát. Nguồn: Bộ Y tế Xem thêm",1583514978.0,33000,3400,9500,0
297,7050444021058475008,"Facebook vừa thông báo trong vài ngày tới sẽ bắt đầu tạm cấm những quảng cáo bán khẩu trang y tế nhằm ngăn chặn việc lợi dụng nền tảng này, đánh vào tâm lý lo ngại của người dân về dịch viêm đường hô hấp cấp COVID-19 để trục lợi. Facebook cho biết lệnh cấm trên áp dụng đối với các quảng cáo khẩu trang trên mạng truyền thông xã hội này cũng như các quảng cáo thương mại trên tính năng Marketplace của Facebook.",1583767798.0,25000,1600,2200,0
298,2198436053579009024,"❤❤️❤️ 👉👉Lý lịch của phó thủ tướng Vũ Đức Đam . -Không con ông cháu cha - Gia đình nông dân - Đi du học rồi về cống hiến... - Chạy xe máy đi làm - Quan tâm,hết lòng vì dân -Mỗi khi về quê, trẻ già vui như hội  ❤️❤️❤️😊❤️ Và đó là những người hùng của nước Việt Nam  trong cuộc chiến chống dịch COVID 19.  Infor người đàn ông trong hình: - Họ và tên: Vũ Đức Đam - Quê quán : Xã Ngũ Hùng (Đội 3 thôn Cụ Trì ) huyện Thanh Miện - Tỉnh Hải Dương . - DOB: 03/02/1963 - Học vấn: Tiến sĩ kinh tế - Chức vụ: Phó Thủ tướng Chính phủ Việt Nam. Trưởng ban chỉ đạo quốc gia Phòng chống dịch bệnh viêm phổi cấp. Ca thứ 45  rồi 😭😭😭 ❤Hãy nghe bác Vũ Đức Đam nói: • Ở nhà nhiều nhất có thể, nếu không có việc gì cần thiết, đừng ra đường. • Nếu phải ra thì hãy đeo khẩu trang, rửa tay, tránh tiếp xúc gần (tối thiểu 1m) • Nếu thấy bản thân có vấn đề, đừng sợ, hãy gọi 2 số đường dây nóng: 1900 3228 và 1900 9095 (đừng đi khám ở bv ,k lại cách ly cả Bệnh viện luôn).  2 tuần cô đơn - cả đời hạnh phúc. HÃY VÌ GIA ĐÌNH VÀ CỘNG ĐỒNG Mỗi người 1 tay, đoàn kết thì kiểu gì cũng chiến thắng... Tôi tin Việt Nam chúng ta lắm 🇻🇳🇻🇳  Hãy chia sẻ nếu bạn cảm thấy nó có ý nghĩa với cộng đồng Xem thêm",1584113469.0,4300,456,3000,0
299,-5342659397765167104,"Số người chết vì virus corona đã vượt quá con số 1.000. Đồng thời số lượng người bị lây nhiễm bên ngoài lãnh thổ Trung Quốc cũng ngày một gia tăng.  Tính đến 6 giờ sáng ngày 11 tháng 2, số người nhiễm virus corona đã lên tới 43.114 trường hợp, trong khi số người phục hồi chỉ 4.027. Chính vì thế, Tổ chức Y tế Thế giới (WHO) đã lo ngại dịnh bệnh có thể bùng phát mạnh ở ngoài Hoa lục. Quý vị cũng có thể xem trực tiếp trên:... Channel 57.14 KJLA (Southern California) Roku App: Vietmedia Channel Website: www.vietmedia.tv YouTube: https://bit.ly/2S3xFtp #Vietmedia #VMTV Xem thêm",,20000,1200,11000,0
300,-428699286554351616,"Giữa lúc dịch coronavirus chủng mới (nCoV) đang lây sang nhiều người hơn ở Trung Quốc và Việt Nam, việc tỉnh Quảng Ninh cho nhập cảnh và cách ly hàng trăm người đến từ Trung Quốc ở Móng Cái đang gây ra sự bất bình trong dư luận Việt. Xem thêm: https://www.voatiengviet.com/a/benh-nhan-viet…/5271421.html…",,15000,2100,6800,0
301,-8121156769546520576,"Bố ơi yên nghỉ, con không về được!

Người lính quân hàm xanh đang ""đánh dịch"" Covid-19 nơi tuyến đầu thì nhận tin bố đẻ qua đời! Không thể rời chốt để về chịu tang bố, anh đã lập bàn thờ tại chốt phòng dịch để thắp nén nhang tiễn bố từ nơi xa!

Đó là Trung uý Nguyễn Đình Thông, quê ở huyện Hương Sơn, tỉnh Hà Tĩnh, hiện đang công tác tại đồn Biên phòng Thạnh Trị, Bộ đội Biên phòng tỉnh Long An.

Nhận được tin bố đẻ mất nhưng vì đang tập trung thực hiện nhiệm vụ chốt chặn dịch Covid-19 nên không thể về quê chịu tang. Bộ Chỉ huy Bộ đội Biên phòng tỉnh Long An đã cho phép đồng chí đặt tạm bàn thờ ngay tại chốt phòng dịch để đồng chí Thông và đồng đội thắp hương tiễn biệt ông.

Xin chia buồn cùng gia đình anh

Theo: VTV
https://m.facebook.com/story.php?story_fbid=1640914752714283&id=1309127375893024",1585953853.0,6,0,,0
302,6065991587646389248,"Chúc mừng 💐 Quang Thị Hoàn - Giáo viên Tuyensinh247.com, Trở thành Giáo viên kênh truyền hình Hà Nội, giải pháp của Sở GD Hà Nội đối phó với dịch NcoV - 19. Như vậy đã có 4 Thầy cô Tuyensinh247 tham gia GV Đài truyền hình Hà Nội. Các em học đầy đủ khóa học của Cô qua truyền hình Hà Nội hoặc học trực tuyến trên Tuyensinh247.com. 🏫 Như vậy với đầy đủ khóa học từ lớp 3 đến lớp 12 Phụ huynh và các em yên tâm rằng không chỉ Toán, Lý, Hóa, Sử, Văn, Sinh,GDCD mà Tiếng Anh cũng là mô...n đội ngũ giáo viên trên Tuyensinh247 rất giỏi về chuyên môn và truyền cảm hứng học tập cho học sinh trên toàn quốc Lớp 12 - 2K2 - THPT 2020 : http://bit.ly/2JNclpH Lớp 12 - 2K3 - THPT 2021: https://bit.ly/2ycvtda Lớp 11: https://bit.ly/33SUO7Q Lớp 10: https://bit.ly/3btISM7 Lớp 9: https://bit.ly/2ww9Fc7 Lớp 8: https://bit.ly/3dzJ8ej Lớp 7: https://bit.ly/2ww9Ns7 Lớp 6: https://bit.ly/39n0fg4 Lớp 5: https://bit.ly/33T6uar Lớp 4: https://bit.ly/2ycO8Wi Lớp 3: (Toán + TA): https://bit.ly/33QbJYy ☎ Mọi thắc mắc các em liên hệ tổng đài miễn phí 18006947 - 024.7300.7989 từ 7h sáng đến 22h tất cả các ngày. (Nguồn video: Đài truyền hình Hà Nội) Xem thêm",,11000,324,2800,0
303,9155596321886153728,"💥 Bạc Liêu có 2 trường hợp dương tính với CoVd 19 là du học sinh từ anh trở về  Và được điều trị tại bệnh viện đa khoa Bạc Liêu 15 người tiếp xúc gần (  ĐÃ ĐƯỢC CÁCH LY TẠI GIÁ RAI ) 💥 Theo thông tin từ BCĐ phòng, chống dịch COVID-19 tỉnh, lúc 22 giờ ngày 26/3/2020, Sở Y tế đã nhận được thông tin từ Viện Pasteur TP. Hồ Chí Minh xác nhận có 2 mẫu dương tính với SARS-CoV2. Đây là 2 ca trong tổng số 150 mẫu được lấy từ 150 du học sinh về từ Anh đang được cách ly tập trung tại Tr...ường Quân sự tỉnh, các mẫu còn lại đều âm tính. Tối cùng ngày, Sở Y tế đã chỉ đạo Bệnh viện Đa khoa tỉnh xuống rước 2 người mắc COVID-19 về Bệnh viện để điều trị. Ngoài ra, còn có 15 người tiếp xúc gần với 2 người này, được đưa về cách ly tại Trung tâm Y tế TX. Giá Rai và tiến hành lấy mẫu xét nghiệm lần 2 . Nguồn  : báo bạc liêu  Ảnh : minh họa Xem thêm",1585300756.0,852,908,2700,0
304,6570265313371844608,"THÊM 8 CA NHIỄM COVID-19  Tới 17h 30 chiều nay (8/3), Việt Nam đã phát hiện thêm 8 ca mới: 4 ca ở Quảng Ninh, 2 ca ở Lào Cai, 2 ca ở Đà Nẵng. Tất cả những ca này đều là hành khách nước ngoài bay trên chuyến bay VN0054 từ London tới Nội Bài sáng 2/3/2020.  Như vậy, tới thời điểm này tổng số ca bệnh Covid-19 tại Việt Nam là 29, trong đó 16 ca đã được điều trị khỏi hoàn toàn và xuất viện. 13 ca còn lại đang được điều trị cách ly, tình trạng sức khoẻ ổn định.... --- Bộ Y tế Xem thêm",1583665359.0,9000,869,2300,0
305,6570265313371844608,"Thời gian tiếp nhận tin nhắn, đóng góp ủng hộ bắt đầu từ 00h00 ngày 19/3/2020 đến 24h00 ngày 18/6/2020 thông qua đầu số 1407. Nội dung cú pháp nhắn tin: CV n (trong đó n là số lần ủng hộ) gửi đến 1407. Giá trị mỗi tin nhắn ủng hộ là 20.000 đồng. Toàn bộ số tiền thu được sẽ được sử dụng cho công tác phòng, chống dịch Covid-19 theo quyết định của Ban Chỉ đạo Quốc gia phòng, chống dịch Covid-19, bao gồm hỗ trợ trang thiết bị y tế, nhu yếu phẩm cần thiết để bảo vệ thầy thuốc và c...ác chiến sĩ công an, bộ đội, cơ quan báo chí trực tiếp tiếp xúc với người mắc bệnh; hỗ trợ người bị nhiễm bệnh và nghi nhiễm bệnh phải cách ly để phòng chống dịch. * Đợt vận động nhắn tin “Toàn dân tham gia ủng hộ phòng chống dịch bệnh Covid-19” thông qua Cổng thông tin điện tử nhân đạo Quốc gia 1400 được Bộ Thông tin và Truyền thông, Ban Thường trực UBTƯ MTTQ Việt Nam, Bộ Y tế và Trung ương Hội Chữ thập đỏ Việt Nam phối hợp tổ chức với mong muốn cùng toàn Đảng, toàn quân và toàn dân tập trung phòng chống dịch; đồng thời hưởng ứng lời kêu gọi của Đoàn Chủ tịch UBTƯ MTTQ Việt Nam và Thủ tướng. Xem thêm",1584620535.0,12000,548,2800,0
306,-354946034254224768,"Đã đưa người có tiếp xúc với ca dương tính ở Đà Nẵng về cách ly tại Bệnh viện Bệnh nhiệt đới tỉnh Khánh Hoà. Sáng 12-3, ông Đoàn Hánh – Trưởng Phòng Y tế thị xã Ninh Hòa (Khánh Hòa) cho biết, tối 11-3, người có tiếp xúc với ca dương tính ở Đà Nẵng đã được thị xã đưa về cách ly tại Bệnh viện Bệnh nhiệt đới tỉnh Khánh Hòa. Đồng thời, thị xã đã tiến hành phun thuốc khử khuẩn khu vực xung quanh nhà ở của người này, lên danh sách 200 người có tiếp xúc và yêu cầu họ cách ly tại gia... đình dưới sự giám sát của cán bộ y tế. “Tất cả biện pháp phòng ngừa đã được ngành Y tế thị xã thực hiện theo hướng dẫn của Bộ Y tế. Vẫn nằm trong tầm kiểm soát”. Người này là một trong những người có tiếp xúc với nữ bệnh nhân thứ 35 (nữ nhân viên Siêu thị Điện máy Xanh ở Đà Nẵng dương tính với Covid-19), trưa 10-3, người này đi khỏi Đà Nẵng về nhà ở thôn Bình Trị, xã Ninh Bình, thị xã Ninh Hòa để làm đám cưới. 18 giờ ngày 11-3, ngành Y tế thị xã Ninh Hòa nhận được thông báo từ Công an thị xã đã lập tức tới nhà vận động người này đưa đi cách ly và thực hiện các biện pháp khử khuẩn theo hướng dẫn của Bộ Y tế. Được biết, trưa 11-3, gia đình đã tổ chức đám cưới cho người này với khoảng 200 khách, chiếm gần hết là người dân của thị xã Ninh Hòa. Ông Huỳnh Văn Dõng – Giám đốc Trung tâm Kiểm soát bệnh tật tỉnh Khánh Hòa cho biết: “Hiện nay, sức khoẻ của người này ổn, không có biểu hiện triệu chứng của bệnh. Ngành Y tế tỉnh đã chỉ đạo ngành Y tế thị xã Ninh Hòa tiếp tục tiến hành giám sát, theo sõi sức khỏe của những trong gia đình và những người có liên quan”. Hết. 🆘 Admin : xin cập nhật lại thông tin trích dẫn : bạn P không hề trốn cách ly.  Chúc bạn P có sức khoẻ tốt và thực hiện cách ly theo yêu cầu của cơ quan chức năng.  Nguồn : https://www.baokhanhhoa.vn/…/da-dua-nguoi-co-tiep-xuc-voi-…/ Xem thêm",1583983883.0,1300,1700,2400,0
307,-7845741394264275968,"THÔNG TIN CA NHIỄM COVID-19  Ngày 12/3/2020, Viện Pasteur Nha Trang nhận 56 mẫu bệnh phẩm do Trung tâm kiểm soát bệnh tật tỉnh Bình Thuận thu tập từ 56 trường hợp tiếp xúc gần vói các trường hợp tiếp xúc gần đối với những bệnh nhân mắc COVID-19 tạị tỉnh Bình Thuận đã được công bố trong các ngày 10 và 11/3/2020. Kết quả xét nghiệm có 5 mẫu của bệnh nhân dương tính với SARS-CoV-2, cụ thể như sau: BN40: Bệnh nhân nữ, 02 tuổi, quê quán thành phố Phan Thiết, tỉnh Bình Thuận có tiế...p gần với bệnh nhân số BN34 BN41: Bệnh nhân nam, 59 tuổi, quê quán thành phố Phan Thiết, tỉnh Bình Thuận có tiếp gần với bệnh nhân số BN34 BN42: Bệnh nhân nam, 28 tuổi, quê quán thành phố Phan Thiết, tỉnh Bình Thuận tiếp gần với bệnh nhân số BN34 BN43: Bệnh nhân nữ, 47 tuổi, quê quán thành phố Phan Thiết, Bình Thuận tiếp gần với bệnh nhân số BN38 (con dâu của BN34) BN44: Bệnh nhân nam, 13 tuổi, quê quán huyện HàmThuận Bắc, tỉnh Bình Thuận, tiếp xúc gần với bệnh nhân số BN37 (nhân viên của BN34) Xem thêm",1584010668.0,33000,2900,4300,0
308,-7845741394264275968,"📌 THÊM 2 TRƯỜNG HỢP MẮC COVID-19 TẠI HÀ NỘI  Theo báo cáo của Viện Vệ sinh dịch tễ Trung ương, Bộ Y tế thông báo 02 trường hợp mắc bệnh COVID-19 tại thành phố Hà Nội, cụ thể như sau: - Trường hợp thứ nhất: nam, 27 tuổi, cư trú tại 125 phố Trúc Bạch, phường Trúc Bạch, quận Ba Đình; Trường hợp này là lái xe của trường hợp bệnh đã được xác định nhiễm COVID-19 đầu tiên của Hà Nội, có tiếp xúc gần với người mắc bệnh. Đã lái xe đón trường hợp mắc bệnh đầu tiên từ Sân bay Nội Bài về... nhà, đưa bệnh nhân đi khám bệnh tại các bệnh viện. Ngày 06/3/2020, người này có biểu hiện mệt mỏi, ho tự mua thuốc uống. Bệnh nhân được lấy mẫu bệnh phẩm gửi Viện Vệ sinh Dịch tễ Trung ương để xét nghiệm xác định tác nhân và kết quả xét nghiệm ngày 07/3/2020 dương tính với vi rút COVID-19 bằng phương pháp RT-PCR. - Trường hợp thứ hai: nữ, 64 tuổi, cư trú tại cư trú tại số 125 phố Trúc Bạch, phường Trúc Bạch, quận Ba Đình, thành phố Hà Nội. Trường hợp này là bác ruột của trường hợp bệnh đã được xác định nhiễm COVID-19 đầu tiên của Hà Nội và có tiếp xúc gần người mắc bệnh. Người này đã chăm sóc hàng ngày cho bệnh nhân và cùng với lái xe là trường hợp thứ nhất đưa bệnh nhân đi khám bệnh tại bệnh viện. Bệnh nhân được lấy mẫu lấy mẫu bệnh phẩm gửi Viện Vệ sinh Dịch tễ Trung ương để xét nghiệm xác định tác nhân và kết quả xét nghiệm ngày 07/3/2020 dương tính với vi rút COVID-19 bằng phương pháp RT-PCR. ➡️ Đây là trường hợp bệnh COVID-19 thứ 2 và thứ 3 của Hà Nội và là các trường hợp có lây nhiễm từ trường hợp mắc bệnh đầu tiên tại địa phương, là trường hợp bệnh thứ 19 và 20 của Việt Nam. Bộ Y tế và Ủy ban nhân dân thành phố Hà Nội đã triển khai các hoạt động: 1. Tổ chức họp Ban chỉ đạo phòng chống dịch COVID-19 của Thành phố Hà Nội, họp Văn phòng Đáp ứng khẩn cấp sự kiện y tế công cộng của Bộ Y tế đánh giá tình hình dịch và đề xuất các biện pháp đáp ứng. 2. Tổ chức điều tra người tiếp xúc, xử lý ổ dịch, xử lý khử khuẩn môi trường trong khu phố nơi bệnh nhân cư trú, cách ly triệt để và theo dõi sát tình hình sức khỏe của tất cả những người tiếp xúc gần với trường hợp bệnh. 3. Tổ chức thu dung, cách ly nghiêm ngặt và điều trị, quản lý kịp thời bệnh nhân, thực hiện đầy đủ các biện pháp phòng lây nhiễm cho cán bộ y tế và người chăm sóc trường hợp bệnh, theo dõi tình hình sức khỏe của cán bộ y tế và người chăm sóc bệnh nhân theo quy định của Bộ Y tế. 4. Truyền thông tại khu vực ổ dịch về các biện pháp chủ động phòng bệnh, các khuyến cáo của ngành y tế và các biện pháp phòng, chống dịch của Ban Chỉ đạo phòng chống dịch của thành phố. 5. Bộ Y tế tiếp tục đề nghị Ủy ban nhân dân Thành phố Hà Nội tổ chức điều tra mở rộng, cách ly và theo dõi sức khỏe tất cả các trường hợp người tiếp xúc với trường hợp bệnh, các trường hợp tiếp xúc với những người tiếp xúc gần, những người đi cùng chuyến bay, các hộ gia đình gần nơi cư trú. Tiếp tục triển khai đồng bộ các giải pháp phòng, chống dịch COVID-19 trên địa bàn. Xem thêm",1583577408.0,39000,5300,10000,0
309,-7845741394264275968,"📌 THÔNG TIN CA BỆNH 114-116 CA BỆNH 114 (BN114):  Bệnh nhân nam, 19 tuổi, quốc tịch Việt Nam, địa chỉ ở Hoàng Mai, Hà Nội. Bệnh nhân là du học sinh Việt Nam tại Hà Lan về nước ngày 15/03/2020 trên chuyến bay SQ176 (quá cảnh tại Singapore). Kết quả sàng lọc lúc nhập cảnh ngày 15/03/2020 cho kết quả âm tính, sau đó được cách ly tập trung tại Sơn Tây. Ngày 19/03/2020 bệnh nhân có biểu hiện sốt 38oC, đau họng, được chuyển đến Bệnh viện Bệnh nhiệt đới trung ương cơ sở Đông Anh để ...tiếp tục cách ly. Kết quả xét nghiệm sàng lọc ngày 21/03/2020 của Bệnh viện Bệnh nhiệt đới trung ương cơ sở Đông Anh cho kết quả dương tính, mẫu bệnh phẩm được gửi sang viện Viện Vệ sinh Dịch tễ Trung ương cho kết quả xét nghiệm khẳng định dương tính SARS-CoV-2. Hiện tại bệnh nhân đang được cách ly và điều trị tại Bệnh viện Bệnh nhiệt đới trung ương cơ sở Đông Anh, tình trạng sức khoẻ ổn định. CA BỆNH 115 (BN115):  Bệnh nhân nữ, 44 tuổi, quốc tịch Việt Nam, sống tại Cộng Hòa Séc. Bệnh nhân là con gái của BN94, 1 trong 5 người trong cùng một gia đình từ Cộng Hòa Séc về Việt Nam trên chuyến bay SU290. Bệnh nhân về nước nhập cảnh qua sân bay Nội Bài ngày 18/03/2020 trên cùng chuyến bay (SU290, ghế 28C) với mẹ là BN94 (SU290, ghế 28A) và BN93 (SU290, ghế 27B). Kết quả xét nghiệm sàng lọc của Trung tâm Kiểm soát bệnh tật Hà Nội ghi nhận BN115 âm tính ngày 18/03/2020 và bệnh nhân chuyển về khu cách ly tập trung tỉnh Bắc Giang cùng BN94. Ngày 20/03/2020, bệnh nhân được chuyển lên Bệnh viện Bệnh nhiệt đới trung ương cơ sở Đông Anh, lấy mẫu xét nghiệm sàng lọc cho kết quả dương tính, mẫu bệnh phẩm được gửi sang viện Viện Vệ sinh Dịch tễ Trung ương cho kết quả xét nghiệm khẳng định dương tính SARS-CoV-2. Hiện tại bệnh nhân đang được cách ly và điều trị tại Bệnh viện Bệnh nhiệt đới trung ương cơ sở Đông Anh, tình trạng sức khoẻ ổn định. CA BỆNH 116 (BN116):  Bệnh nhân nam, 29 tuổi, quốc tịch Việt Nam, bác sỹ khoa Cấp cứu, Bệnh viện Bệnh nhiệt đới trung ương cơ sở Đông Anh.  BN116 tham gia chống dịch COVID-19 từ 31/1/2020 với các công việc: Khám sàng lọc các bệnh nhân nghi COVID-19 đến Bệnh viện, điều trị những bệnh nhân được chẩn đoán dương tính và tham gia cấp cứu một số bệnh nhân nặng. Trong quá trình làm việc BN116 được cấp đầy đủ trang thiết bị phòng hộ cá nhân. Sau giờ làm việc BN116 nghỉ và sinh hoạt ở khu vực cách ly dành cho nhân viên y tế trong bệnh viện.  Ngày 19/03/2020, bệnh nhân xuất hiện triệu chứng đau rát họng, ngày 20/03/2020 bệnh nhân xuất hiện thêm triệu chứng ho, đau mỏi cơ, sốt. Ngày 21/03/2020, bệnh nhân tự cách ly tại khu vực đệm của khoa Cấp cứu, được xét nghiệm cho kết quả xét nghiệm tại bệnh viện dương tính với SARS-CoV-2 và gửi mẫu bệnh phẩm sang viện Viện Vệ sinh Dịch tễ Trung ương.  Các nhân viên y tế cùng làm với BN116 đã được đưa vào diện giám sát. Xét nghiệm lần đầu ngày 21/3 tất cả các nhân viên này âm tính với virus SARS-CoV-2. Hiện tại bệnh nhân đang được cách ly và điều trị tại Bệnh viện Bệnh nhiệt đới Trung ương cơ sở Đông Anh, tình trạng sức khoẻ ổn định. Xem thêm",1584934979.0,32000,1900,2400,0
310,-7845741394264275968,"THÔNG TIN CA NHIỄM COVID-19  CA BỆNH 154 (BN154): Bệnh nhân nữ, quốc tịch Việt Nam, 23 tuổi, có địa chỉ tại phường Hồng Hải, TP Hạ Long, Quảng Ninh, là du học sinh tại Anh từ năm 2018.  Ngày 22/3/2020, bệnh nhân bay  từ London (Anh) về tới Cần Thơ  trên chuyến bay của Vietnam Airlines số hiệu VN0050, số ghế 12C - chung chuyến bay với BN145. Khi nhập cảnh, bệnh nhân khai có triệu chứng sốt, ho, khó thở, buồn nôn và được chuyển tới khu cách ly tập trung tại Trường Quân sự TP Cầ...n Thơ. Ngày 24/3/2020, bệnh nhân có sốt nên được chuyển tới Bệnh viện Lao và Bệnh phổi Cần Thơ lấy mẫu xét nghiệm  và điều trị cách ly. CA BỆNH 155 (BN155): Bệnh nhân nữ, quốc tịch Việt Nam, 21 tuổi, có địa chỉ tại thôn Trung, thị trấn Ân Thi, tỉnh Hưng Yên, sinh viên trường Đại học Huddersfield  (Anh). Ngày 22/3/2020, bệnh nhân bay  từ London (Anh) về tới  Cần Thơ  trên chuyến bay của Vietnam Airlines số hiệu VN0050, số ghế 2K - chung chuyến bay với BN145. Khi nhập cảnh, bệnh nhân không có dấu hiệu triệu chứng bệnh và được chuyển tới khu cách ly tập trung tại Trường Quân sự tỉnh Bạc Liêu (ở thị xã Giá Rai). Tại khu cách ly bệnh nhân được lấy mẫu xét nghiệm. Tại thời điểm lấy mẫu và đến nay bệnh nhân chưa có biểu hiện  bệnh. Bệnh nhân và 01 người bạn chung phòng tại  khu cách ly tập trung hiện đã được chuyển tới Bệnh viện Đa khoa tỉnh Bạc Liêu cách ly, theo dõi. CA BỆNH 156 (BN156): Bệnh nhân nam, quốc tịch Việt Nam, 21 tuổi, có địa chỉ tại Phường 7, TP Trà Vinh, du học sinh tại Anh. Ngày 22/3/2020, bệnh nhân bay  từ London (Anh) về tới  Cần Thơ  trên chuyến bay của Vietnam Airlines số hiệu VN0050, số ghế 23G - chung chuyến bay với BN145.  Khi nhập cảnh, bệnh nhân không có dấu hiệu triệu chứng bệnh và được chuyển tới khu cách ly tập trung tại Trường Quân sự tỉnh Bạc Liêu. Tại khu cách ly bệnh nhân được lấy mẫu xét nghiệm. Tại thời điểm lấy mẫu và đến nay bệnh nhân chưa có biểu hiện bệnh. Bệnh nhân và 01 người bạn chung phòng tại  khu cách ly tập trung hiện đã được chuyển tới Bệnh viện Đa khoa tỉnh Bạc Liêu cách ly, theo dõi. CA BỆNH 157 (BN157): Bệnh nhân nữ, quốc tịch Anh, 31 tuổi, giáo viên  Eschool - Eclass, hiện ngụ tại đường Tôn Đản, phường 13, quận 4, TP. Hồ Chí Minh. Bệnh nhân có tiếp xúc với ca bệnh dương tính trong quán bar Buddha. Hiện bệnh nhân không có triệu chứng mắc bệnh, đang được cách ly theo dõi  tại Bệnh viện Dã chiến Củ Chi. CA BỆNH 158 (BN158): Bệnh nhân nam, quốc tịch Brazil, 45 tuổi , nghề nghiệp – kỹ thuật viên, hiện ngụ tại đường 42, quận 2, TP. Hồ Chí Minh. Bệnh nhân có tiếp xúc với ca bệnh dương tính trong quán bar Buddha  ngày 14/03/2020. Hiện bệnh nhân không có triệu chứng mắc bệnh,  đang được cách ly theo dõi tại Bệnh viện Bệnh Nhiệt đới TP. Hồ Chí Minh. CA BỆNH 159 (BN159): Bệnh nhân nam, quốc tịch Brazil, 33 tuổi, hiện ngụ tại phường Thạnh Mỹ Lợi, quận 2, TP. Hồ Chí Minh. Bệnh nhân có tiếp xúc ca bệnh dương tính trong quán bar Buddha ngày 14/3/2020. Hiện bệnh nhân không có triệu chứng mắc bệnh,  đang được cách ly theo dõi tại Bệnh viện Bệnh Nhiệt đới TP. Hồ Chí Minh. CA BỆNH 160 (BN160): Bệnh nhân nữ, quốc tịch Việt Nam, 30 tuổi, ngụ tại phường Lộc Phát, TP Bảo Lộc, tỉnh Lâm Đồng. Từ ngày 20/3/2020, bệnh bị  đau họng, ho khan, không sốt. 1 tháng trước bệnh nhân đã ở Madrid (Tây Ban Nha), có tiếp xúc với chị gái bị COVID-19. Ngày 22/3/2020 bay về Việt Nam theo hành trình Madrid  - Moscow trên chuyến bay SU2605; Moscow - TP. Hồ Chí Minh trên chuyến bay SU292. Bệnh nhân được đưa đi cách ly điều trị tại Bệnh viện Điều trị COVID-19 Cần Giờ.  CA BỆNH 161 (BN161): Bệnh nhân nữ, 88 tuổi , ngụ tại  Tân Quang, Văn Lâm, Hưng Yên. Từ ngày 17/3 bệnh nhân bị đau đầu, hôn mê, được đưa tới Bệnh viện Phố Nối, Hưng Yên chụp CT Scan với chẩn đoán chảy máu não, não thất. Bệnh nhân được chuyển tới Bệnh viện Bạch Mai nằm tại Phòng điều trị tự nguyên, Khoa Thần kinh, nằm cùng phòng với BN133 từ ngày 17-22/3/2020 . Sau 9 ngày điều trị, tình trạng bệnh nhân cải thiện, còn yếu nửa người trái. Ngày 24/3, bệnh nhân được Bệnh viện Bạch Mai lấy mẫu làm xét nghiệm và ngày 25/3 cho kết quả dương tính với SARS-COV-2. Bệnh nhân được chuyển sang Bệnh viện Bệnh Nhiệt đới Trung ương cơ sở 2.  CA BỆNH 162 (BN162): Bệnh nhân nữ, 63 tuổi, con dâu BN161, ngụ tại Thượng Thanh, Long Biên, Hà Nội. Bệnh nhân vào chăm sóc BN161. Tình trạng sức khỏe hiện tại: bình thường, không có triệu chứng. Ngày vào viện: 25/3/2020. Nơi điều trị: Bệnh viện Bệnh nhiệt đới Trung ương cơ sở 2. Kết quả xét nghiệm lần 1 của Bệnh viện Bạch Mai ngày 25/3: dương tính SARS-COV-2. Ngày 26/3/2020 xét nghiệm của Viện Vệ sinh dịch tễ Trung ương tái khẳng định kết quả này.  CA BỆNH 163 (BN163): Bệnh nhân nữ, 43 tuổi (cháu gái BN161), ngụ tại Thượng Thanh, Long Biên, Hà Nội. Nghề nghiệp: nhân viên cấp dưỡng tại Công ty xăng dầu khu vực 1. Bệnh nhân vào chăm sóc BN161. Tình trạng sức khỏe hiện tại: bình thường, không có triệu chứng. Ngày vào viện: 25/3/2020. Nơi điều trị: Bệnh viện Đức Giang. Kết quả xét nghiệm ngày 26/3 do Trung tâm Kiểm soát bệnh tật Hà Nội thực hiện : Dương tính SARS-COV-2. Ngày 26/3, bệnh nhân đã được chuyển sang điều trị tại Bệnh viện Bệnh Nhiệt đới Trung ương cơ sở 2 tại Kim Chung, Đông Anh Xem thêm",1585307331.0,31000,1500,2400,0
311,-8121156769546520576,"Lỗ nghìn tỷ, Vietnam Airlines vẫn sẽ đón đồng bào về nước tránh dịch.
“Chúng tôi không sợ virus, chỉ sợ không đón được đồng bào mình về!”

Đó là câu nói của Tiếp viên trưởng Phạm Hải Bằng khi thực hiện nhiệm vụ trên chuyến bay của Hãng hàng không quốc gia Việt Nam đón các công dân từ Vũ Hán trở về nước.

Khi biết chuyện, ông Lê Thanh Bình, một Việt kiều tại Ba Lan đã xúc động viết:

“Đất nước này… lạ thật cứ như mơ

Giữa tâm dịch… vẫn bất ngờ xông tới”.

Ngay trong những ngày đại dịch Covid -19, chúng ta đã có một chuyến bay xuyên tâm, mang hàng hóa viện trợ cho Trung Quốc và đón 30 đồng bào về nước. Những chuyến bay mang tầm thời đại… nhiên liệu đốt trong là tình người, đã làm cho cả thế giới biết rằng: Việt Nam chia sẻ, Việt Nam trách nhiệm với công dân của mình!

Lỗ nghìn tỷ, Vietnam Airlines vẫn sẽ đón đồng bào về nước tránh dịch.
Và một lần nữa, Vietnam Airlines đón công dân Việt Nam trở về từ châu Âu để tránh dịch. Bên cạnh đó, Vietnam Airlines cũng đã có kế hoạch dự phòng sẵn sàng đón người dân Việt trở về từ vùng dịch tại Mỹ, Canada và Úc khi có yêu cầu từ Chính phủ Việt Nam, Bộ Ngoại giao và các cơ quan liên quan.

Đây sẽ là một thử thách rất to lớn với Vietnam Airlines. Quãng đường rất dài, chi phí rất lớn, tốn kém rất nhiều. Nhưng chúng ta không thể thấy đồng bào bị nạn mà không cứu.

NLHCM",1584460868.0,30,2,3,0
312,-428699286554351616,"Với mũi tiêm cẩn thận vào cánh tay một người tình nguyện khoẻ mạnh, các nhà khoa học tại Viện nghiên cứu Kaiser Permanente Washington tại Seattle khởi sự cuộc nghiên cứu vaccine chống virus corona giai đoạn đầu vốn được trông chờ bấy lâu về một loại thuốc ngừa COVID-19 được phát triển trong một thời gian ngắn kỷ lục sau khi dịch bệnh bùng phát từ Trung Quốc và lây lan ra toàn cầu. Xem thêm: https://www.voatiengviet.com/a/vietnam-bat-bu…/5330482.html… Các tin khác: Bộ Ngoại gi...ao Trung Quốc ngày 16/3 nói chỉ trích của Mỹ về việc một nhà ngoại giao Trung Quốc nói rằng virus corona có thể do quân đội Mỹ phát triển là ""vô lý""; Đức đang tìm cách ngăn Mỹ thôi thuyết phục một công ty sản xuất vaccine nội địa của Đức đưa nghiên cứu của họ sang Mỹ, các chính trị gia Đức nhấn mạnh rằng không một quốc gia nào được độc quyền vaccine ngừa virus corona'; Bergamo là một trong những khu vực ở miền Bắc Italy có nhiều người bị nhiễm virus corona nhất cả nước, các bệnh viện ở đây đang vật lộn với số ca bệnh ngày càng tăng; Dân chúng ở thủ đô Paris, Pháp, hôm 16/3 xếp hàng cả tiếng đồng hồ bên ngoài siêu thị Carrefour , ngày đầu tuần sau khi chính phủ Pháp siết chặt các biện pháp ngăn chặn virus corona. Xem thêm",,7400,267,2500,0
313,7050444021058475008,"Nếu thực sự COVID-19 nguy hiểm đến mức chó mèo cũng có thể lây nhiễm như trường hợp “dương tính yếu” tại Hồng Kông (Trung Quốc), thì nhiều người hẳn sẽ bối rối là cách ly thú nuôi của mình thế nào đây? Liệu có phải rửa tay cho chúng hàng ngày và mua những loại rọ mõm kín hơn hay không? Chỉ biết chắc rằng, nếu có yêu cầu cách ly thì chó mèo nhất định sẽ hợp tác. Bởi chúng không biết khai báo gian dối và chắc chắn là… không biết livestream. Cùng Chuyển Động 24H nhìn lại những câu chuyện dở khóc dở cười xung quanh chủ đề “cách ly” của tuần này. Lưu ý: Để thưởng thức trọn vẹn hơn, quý vị nên vừa xem vừa ăn bánh mỳ. #ChuyenCachLy #ChoMeoKhongLivestream #ApologizeToVietnam #Review #BtvVietHoang",,23000,2300,5900,0
314,7050444021058475008,"Các đồng nghiệp của chúng tôi từ báo điện tử Zing.vn đã ghi lại được những phát biểu này. Một bệnh nhân người nước ngoài xúc động cảm ơn những bác sỹ tại bệnh viện Nhiệt đới TW đã điều trị cho bà khỏi bệnh. Bà là 1 trong 27 bệnh nhân kết thúc điều trị Covid-19 được ra viện sáng nay tại Hà Nội.  P/s: Hãy tin tưởng Việt Nam sẽ đẩy lùi được dịch Covid-19. Tất nhiên, đất nước cần sự chung tay của tất cả các bạn! #VietNamQuyetThangDaiDich #CamOnNhungNguoiHung #Covid19 #stayhome Video: Zing.vn",,39000,1600,8400,0
315,-7845741394264275968,"THÊM CA NHIỄM COVID-19  Tới 17h55 chiều nay (8/3), Việt Nam đã phát hiện thêm 8 ca mới: 4 ca ở Quảng Ninh, 2 ca ở Lào Cai, 2 ca ở Đà Nẵng. Tất cả những ca này đều là hành khách nước ngoài bay trên chuyến bay VN0054 từ London tới Nội Bài sáng 2/3/2020.  Như vậy, tới thời điểm này tổng số ca bệnh Covid-19 tại Việt Nam là 29, trong đó 16 ca đã được điều trị khỏi hoàn toàn và xuất viện. 13 ca còn lại đang được điều trị cách ly, tình trạng sức khoẻ ổn định.",1583665502.0,29000,2900,8000,0
316,5714598844689474560,"TÔI YÊU VIỆT NAM Chẳng nơi nào như nước Việt tôi đâu Khi hoạn nạn lại cùng nhau đoàn kết Dân một lòng, Đảng sát sao quyết liệt... Giặc ngoại xâm, giặc covid cũng thua Có nơi nào như nước Việt tôi chưa Bốn ngàn năm phất cao cờ chiến thắng Chín chục năm dân một lòng theo Đảng Bốn ngàn năm sáng lạng khắp năm châu Có nơi nào như nước Việt tôi không Đáp máy bay vào giữa lòng tâm dịch Dẫu hiểm nguy vẫn coi thường khinh địch Đem người về khỏi vùng dịch cách ly Ôi! Việt Nam một đất nước diệu kỳ Sát tâm dịch vẫn không hề nao núng Vẫn yêu thương,coi trọng những con người Vẫn bình tĩnh tự tin đến từng nơi dập dịch Có nơi nào như nước Việt tôi đây Ban lãnh đạo vẫn hàng ngày lo lắng Thương bộ đội phải dầm mưa dãi nắng Thương những tà áo trắng phải thâu đêm Có nơi nào đất nước được bình yên Từ mũi Cà Mau đến mọi miền đất nước Dẫu kẻ thù hay là con covid Phải cúi đầu khuất phục bởi chúng ta Chúng ta yêu Việt Nam một đất nước hiền hoà! (st) Xem thêm",1584082812.0,4300,853,4500,0
317,7050444021058475008,"Thêm Bệnh nhân thứ 7 tại Việt Nam dương tính với nCoV, đang được cách ly điều trị tại Bệnh viện Bệnh Nhiệt đới TP.HCM. Trong khi đó đã có trường hợp tử vong đầu tiên tại Philipines bên ngoài Trung Quốc. Đừng bỏ lỡ thông tin mới nhất về Corona trong bản tin đặc biệt của Chuyển Động 24h. (Cập nhật tới 12h00, 02/02/2020) #vtv24 #ToanCanhnCoV #Corona #yte24h",,30000,1700,23000,0
318,-4109794887966420992,"CÁC CHIẾN SĨ VỘI VÃ CHUẨN BỊ HÀNG TRĂM SUẤT CƠM TRONG KHU CÁCH LY TẠI TRUNG ĐOÀN 123 Tất bật chuẩn bị xuất cơm cho người dân ở khu cách ly Lạng Sơn Thượng tá Nguyễn Văn Quyền, Trung đoàn trưởng Trung đoàn 123 cho biết, tính đến 17h chiều 6/2, đơn vị tiếp nhận hơn 400 công dân trở về từ bên kia biên giới để cách ly, phòng chống dịch viêm đường hô hấp cấp do chủng mới virus corona gây ra.... Lực lượng hậu cần của Trung đoàn 123 làm việc liên tục để nấu ăn phục vụ cho hơn 400 công dân, giúp người dân đảm bảo sức khỏe trong quá trình cách ly tại đơn vị. Các công dân cách ly tại doanh trại được sinh hoạt theo chế độ quân đội: từ ăn uống đến sử dụng giường, chiếu... như các chiến sĩ. Mỗi công dân ở khu vực cách ly Trạm số 1 đặt tại Trung đoàn 123, Bộ chỉ huy quân sự tỉnh Lạng Sơn được 57 nghìn đồng tiền ăn một ngày chia làm ba bữa, bữa sáng 11 nghìn đồng, bữa trưa và tối đều 23 nghìn đồng. Đại úy Hoàng Thị Bạch, cán bộ quản lý, ban hậu cần Trung đoàn 123 cho biết: ""Từ khi có thị từ cấp trên, ban hậu cần có sự chuẩn bị thực đơn để đón tiếp công dân. Trong đó, đơn vị đã kiểm tra nguồn gốc thực phẩm kỹ càng qua nhiều khâu, có kiểm định của cơ quan phụ trách vệ sinh an toàn thực phẩm"". Đại úy Bạch cho biết thêm: ""Như trưa nay (6/2) ban đầu làm 340 suất nhưng đến sát giờ ăn lại tiếp tục tăng sĩ số lên 379 người và đến thời điểm 16h cùng ngày con số đã lên hơn 400 suất"". Một suất ăn có đầy đủ cơm, rau, canh và 2 món ăn mặn đảm bảo cho công dân có đủ sức khoẻ để đề phòng dịch bệnh. Khoảng 17h30 phút, các cán bộ chiến sĩ đã chuẩn bị xong hơn 400 xuất ăn sẵn sàng phục vụ công dân đang cách ly trong đơn vị. Chị Đoàn Thị Hằng (Thanh Hoá) cho biết: ""Tôi và con nhỏ đã đến nơi cách ly này được mấy hôm, ở đây các cán bộ chiến sĩ hỗ trợ rất tốt về nơi ăn nghỉ và một số đồ dùng sinh hoạt. Đặc biệt là ngày ba bữa cơm ngon, có đầy đủ thịt rau. Bữa ăn được đổi theo hàng ngày, có thịt, nem rau xanh, cháu nhỏ còn có cháo thịt băm. Tôi ở đây cách ly cũng thấy an toàn hơn trước khi trở về quê nhà. Tôi mong hai mẹ con có sức khoẻ ổn định không nhiễm bệnh để sớm trở về với gia đình. Các anh, các chị thực sự là chiến sĩ quân đội của nhân dân, vì nhân dân"". Người Việt Nam chúng tôi là thế! Hãy chia sẻ vì niềm tự hào ""Chúng ta là Người Việt Nam"" Xem thêm",1581049784.0,2700,447,2600,0
319,-5005199604534146048,"Dân so giá thịt lợn trên tivi, tiểu thương ế cả loạt

Giá thịt lợn hôm nay 30/4/2020: Người dân phản ứng gay gắt với giá cao khi so sánh giá nhập khẩu rẻ hơn đến 40%, tiểu thương ế cả loạt...

Dân so sánh giá thịt nhập khẩu, tiểu thương ế chỏng chơ
Theo khảo sát của PV Báo Giao thông, trong những ngày gần đây, giá thịt lợn luôn ở mức cao dù giá lợn hơi và giá lợn móc hàm đã giảm đến 10 nghìn đồng/kg.
Hôm nay 30/4, giá lợn hơi vẫn chững lại mức 82-84 nghìn đồng/kg, song thịt lợn móc hàm đã giảm thêm 2-3 nghìn đồng/kg đưa xuống mức 117-119 nghìn đồng/kg.
Tuy nhiên, nhiều tiểu thương đã phải thừa nhận, trong vài ngày gần đây khách hàng phản ứng rất dữ dội việc giá chợ chênh nhiều so với giá thịt nhập khẩu khiến cho việc bán hàng rơi vào tình cảnh ế chưa từng có…

Chia sẻ với PV Báo Giao thông, anh Tuấn, một tiểu thương chợ Cầu Giấy (Hà Nội) cho biết, cả 3 ngày hôm nay giá chợ vẫn luôn quanh mức 160-190 nghìn đồng/kg, có cửa hàng bán tới 200 nghìn đồng/kg khiến khách hàng phản ứng gay gắt.
“Bình thường mọi người chỉ tỏ vẻ không hài lòng, nhưng lần này mọi người nói thẳng là không mua vì vào siêu thị mua thịt đông lạnh nhập khẩu với giá bán chỉ 110-120 nghìn đồng/kg”, anh Tuấn cho hay.
Anh Tuấn cũng cho biết, những ngày qua, dù giá sàn tại chợ có cao nhưng anh vẫn bán với giá thấp hơn 10-20 nghìn đồng/kg ở mức 140-170 nghìn đồng/kg, tuy nhiên, sức bán còn khó hơn lúc thịt móc hàm có giá cao nhất 128-130 nghìn đồng/kg.
Cụ thể, các loại thịt được bán ở mức: Thịt mông 125.000-135.000 đồng/kg (điều chỉnh giảm 15 nghìn đồng/kg); Vai sấn 145.000-150.000 đồng/kg (điều chỉnh giảm 10-20 nghìn đồng/kg); Ba chỉ 160.000 đồng/kg (điều chỉnh giảm 10 nghìn đồng/kg)…
“Ngoài việc so sánh giá trên tivi, đa phần khách hàng đều cho biết mua thịt lợn nhập khẩu tại siêu thị để thay thế vì giá rẻ mà chất lượng cũng không khác xa thịt “nóng”.
Do đó, của hàng cũng không thể giữ được lượng khách quen luôn. Lượng hàng bán chỉ còn 35kg/ngày thay vì 80-90 kg/ngày trước đó”, anh Tuấn ngao ngán.
Cũng rơi vào tình trạng tương tự, chị Liễu (Mỹ Đình) thừa nhận, đã vài ngày nay, ngày nào cũng bị ế phân nửa, số thịt lợn bán được chủ yếu là phải giảm giá sâu hoặc nhờ người quen lấy hộ.
Theo chị Liễu, buôn bán thường theo giá sàn chung của chợ, có giảm thì cũng chỉ giảm chút đỉnh nên giá mặt bằng chung đang cao thì khó cạnh tranh được khi hàng nhập khẩu ùn ùn nhập về bán tại các siêu thị lớn…
Tại một lò mổ ở Mê Linh (Hà Nội), chủ cơ sở cho biết: Mỗi ngày chỉ mổ chưa đến 10 con lợn vẫn còn ế, lợn móc hàm phải phay ra từng loại bán lẻ cho tiểu thương điều mà trước đây chưa bao giờ làm. Đa số tiểu thương đều khó bán nên thường chọn thịt rời để giảm rủi ro khiến lò mổ cũng phải theo để giải phóng hàng.
Mục tiêu quý II sẽ cân bằng cung cầu thịt lợn
Đại diện Bộ Nông nghiệp và Phát triển nông thôn (Bộ NN&PTNT) cho biết, thời gian tới sẽ đẩy mạnh tái đàn nhằm bình ổn cung cầu thịt lợn sớm nhất, có thể vào quý II sẽ đạt được…
Đầu năm 2020, tổng đàn lợn nái sinh sản có 2,62 triệu con (không bao gồm 110 ngàn con lợn ông bà và cụ kỵ), dự kiến tăng trưởng đàn nái là 0,5%/tháng (6%/năm), đến cuối năm 2020 đạt khoảng 2,9 triệu con, trung bình tổng đàn nái cả năm 2020 là 2,76 triệu con. Với khả năng sản xuất bình quân 18 lợn con cai sữa/nái/năm, tỷ lệ lợn nuôi sống đến xuất chuồng là 90% và trọng lượng lợn hơi xuất chuồng bình quân 86kg/con (theo số liệu của Tổng cục Thống kê).
Do đó, ước tính, tổng sản lượng thịt lợn hơi xuất chuồng cả năm 2020 là 3,9 triệu tấn (tăng 18,4% so với năm 2019 và tăng 2,1% so với năm 2018).
""Tính theo từng quý: Quý I/2020 đạt 810 nghìn tấn; Quý II/2020 đạt 950 nghìn tấn; Quý III/2020 đạt 1,020 triệu tấn; Quý IV/2020 đạt 1,090 triệu tấn. Theo số liệu của Tổng cục Thống kê, nhu cầu thịt lợn trung bình trong năm 2018 (trước khi có bệnh DTLCP) là khoảng 920 nghìn tấn (chưa tính lượng thịt lợn xuất khẩu). Như vậy, cuối Quý II, đầu Quý III có khả năng cân bằng được cung cầu thịt lợn"", Bộ NN&PTNT nhận định.
Theo Báo Giao thông",1588225939.0,14,4,1,0
320,7050444021058475008,"Theo thông tin từ Sở Y tế Thái Nguyên, bệnh nhân 178 tên H.T.N., sinh năm 1976, trú tại xã Phú Thịnh, huyện Đại Từ, Thái Nguyên.  Bà N. nhập viện Đa khoa huyện Đại Từ hồi 16h50’ ngày 27/3 với các lý do đau đầu, chóng mặt. Qua khai thác ban đầu, bệnh nhân cho biết mình chỉ ở nhà, không đi đâu. Tuy nhiên sau đó bệnh nhân có biểu hiện sốt, đau họng. Đấu tranh khai thác kỹ yếu tố dịch tễ, phát hiện bệnh nhân đã làm thuê ở nhà ăn của Bệnh viện Bạch Mai trong 2 tháng nay (đưa cơm t...ới các khoa phòng trong Bệnh viện Bạch Mai). Kết quả xét nghiệm bệnh nhân có kết quả dương tính với SARS-CoV-2. Ngành Y tế Thái Nguyên đã xác định được 46 trường hợp F1, có tiếp xúc gần với bệnh nhân N bao gồm 8 bệnh nhân cùng phòng ở Khoa Nội và 12 cán bộ y tế tại Bệnh viện Đại Từ. 26 người còn lại là lái xe Limousine, những hành khách đi cùng xe, lái xe ôm, những người bán hàng cho bệnh nhân 178 trước khi bà vào viện. Các trường hợp F1 hiện đang được cách ly tại Bệnh viện đa khoa huyện Đại Từ, Bệnh viện Lao và bệnh phổi và Trung tâm Y tế huyện Phú Lương. Ngoài ra, ngành Y tế Thái Nguyên cũng đã xác định được 196 trường hợp F2 (tiếp xúc với người tiếp xúc gần). Những người này hiện đã được yêu cầu cách ly tại nhà và hướng dẫn tự phòng bệnh, tự theo dõi sức khỏe trong khi chờ kết quả xét nghiệm của người tiếp xúc vòng 1. Và sáng 29/3, trong cuộc họp trực tuyến về công tác phòng chống dịch Covid -19, Thủ tướng Chính phủ đã đồng ý việc Bộ Y tế, Bộ Công an phối hợp xử lý bệnh nhân 178 (khai báo vòng vo, thiếu trung thực) để răn đe giáo dục. Theo: vietnamnet Xem thêm",1585480111.0,53000,5500,4600,0
321,-3017444605791334912,"Thủ tướng Nguyễn Xuân Phúc: Từ 0h ngày 28-3 cấm tụ tập trên 20 người Phát biểu tại cuộc họp Thường trực Chính phủ về phòng, chống dịch bệnh COVID-19 sáng nay (26-3), Thủ tướng nêu rõ: Chúng ta có 2 tuần để hành động và virus sẽ lây lan nhanh hơn hành động của chúng ta nếu chúng ta không triển khai phòng chống kịp thời, quyết liệt. Sẽ xử lý nghiêm chính quyền địa phương nếu để xảy ra việc tập trung trên 20 người. Nguồn: https://plo.vn/…/thu-tuong-tam-dung-moi-cuoc-hoi-hop-tap-tr…",1585237184.0,4500,2000,12000,0
322,6570265313371844608,"“Có cháu bé đã lấy tiền mừng tuổi của mình để mua sắm khẩu trang, nước rửa tay sát khuẩn tặng mọi người. Cháu đã viết: Em viết bức thư này mong muốn các bạn đội viên, các anh chị đoàn viên và mọi người sẽ cùng chung tay góp sức phòng, chống dịch tốt nhất có thể. Hiếm có bài học giáo dục nào có tác động lan tỏa tinh thần cộng đồng như thế”, Thủ tướng nêu ra những gương tốt, việc tốt.  * Thời gian tổ chức vận động quyên góp dự kiến là 45 ngày, kể từ ngày Đoàn Chủ tịch Ủy ban Tr...ung ương Mặt trận Tổ quốc (UBTWMTTQ) Việt Nam ra lời kêu gọi (17/3-30/4/2020). Nhận ủng hộ qua: 1.Tài khoản tại ngân hàng: * Tên Tài khoản: UBTWMTTQ Tổ quốc Việt Nam Số tài khoản: 1483201009159 Ngân hàng Nông nghiệp và Phát triển Nông thôn Việt Nam, chi nhánh Thủ đô * Tên tài khoản: UBTWMTTQ Việt Nam Số tài khoản: 001.1.00.1932418 Ngân hàng: Sở Giao dịch Ngân hàng thương mại Cổ phần Ngoại thương Việt Nam 2. Tài khoản tại Kho bạc: - Tên tài khoản: UBTWMTTQ Việt Nam - Số tài khoản: 3713.0.10587784 - Tại Sở Giao dịch Kho bạc Nhà nước 3. Bằng tiền mặt và hiện vật: Phòng KH-TC (109,111), Văn phòng Cơ quan UBTWMTTQ Việt Nam (số 46 phố Tràng Thi, TP Hà Nội) Điện thoại: 0243 8256326; 02438256536. Đ/c Đinh Thị Thúy Ngân, Trưởng phòng Kế hoạch – Tài chính: 0904.321618. 4. Đón tiếp và làm bảng biển ủng hộ: Ban Phong trào Cơ quan UBTWMTTQ Việt Nam (số 46 phố Tràng Thi, TP Hà Nội) Điện thoại: 02438256327 Mọi thông tin chi tiết về tiếp nhận ủng hộ xin liên hệ đồng chí: Đồng chí Trần Văn Sinh, Trưởng ban Phong trào, Ủy ban Trung ương MTTQ Việt Nam, sđt: 0904.232095. Đồng chí Nguyễn Thị Hồng Thương, Phó Trưởng ban Phong trào, Ủy ban Trung ương MTTQ Việt Nam. SĐT: 0243.8256.327; DĐ: 0904.058.336, Email: hongthuong_tc@yahoo.com. Xem thêm tại: http://bit.ly/lephatdong Xem thêm",1584419834.0,18000,867,7200,0
323,-7845741394264275968,"BỘ Y TẾ KÊU GỌI NGƯỜI DÂN HỢP TÁC CHỐNG DỊCH COVID-19 Sau khi phát hiện ra 4 ca dương tính với SARS-COV-2 tại Bệnh viện Bạch Mai, bao gồm 2 nữ điều dưỡng (BN 86 và 87), 2 bệnh nhân điều trị tại Khoa Thần kinh (BN133 và 161), cùng 2 người thân tới chăm sóc BN161 (BN162 và 163),  Bệnh viện Bạch Mai đã tiến hành lấy mẫu xét nghiệm hơn 5.000 nhân viên y tế, bệnh nhân và người lao động trong bệnh viện. Kết quả sơ bộ cho thấy, phát hiện ra 2 mẫu dương tính với SARS-COV-2. Đó là hai... nhân viên đưa nước sôi của Công ty TNHH Trường Sinh. Đây là đơn vị chịu trách nhiệm cung cấp suất ăn và nước sôi cho bệnh viện. Bệnh viện Bạch Mai đã tiến hành phong tỏa khu vực nhà ăn. Hai nhân viên của Công ty Trường Sinh có kết quả dương tính với SARS-COV-2 đã được đưa đi cách ly theo dõi sức khỏe. Hiện nay Bệnh viện Bạch Mai đang thực hiện “nội bất xuất, ngoại bất nhập”. Bộ Y tế đề nghị tất cả bệnh nhân, người nhà bệnh nhân và những ai đã tới Bệnh viện Bạch Mai (Hà Nội) từ ngày 12/3/2020 đến nay thực hiện ngay các biện pháp sau: -       Liên lạc với cơ sở y tế gần nhất để được tư vấn và trợ giúp; -       Khai báo y tế qua ứng dụng NCOVI (tải về điện thoại di động từ ncovi.vn). Những người không có điện thoại di động có thể khai báo trực tuyến trên trang web tokhaiyte.vn. Thường xuyên cập nhật tình trạng sức khỏe của mình để được trợ giúp. -       Tự cách ly và theo dõi sức khỏe tại nhà riêng hoặc nơi lưu trú. Bộ Y tế đề nghị tất cả các cơ sở khám chữa bệnh trong cả nước thực hiện nghiêm những quy định về phòng và kiểm soát lây nhiễm bệnh COVID-19 theo Quyết định 468/QĐ-BYT ngày 19/2/2020; quan tâm chăm sóc sức khỏe cho các nhân viên y tế đang trực tiếp điều trị người bệnh, đặc biệt là những người đang làm việc tại các khoa bệnh nhiệt đới. Bộ Y tế kêu gọi chính quyền các địa phương và nhân dân thực hiện nghiêm những biện pháp mà Thủ tướng Chính phủ chỉ đạo được áp dụng từ 0h ngày 28/03/2020, đặc biệt người dân chỉ đi ra ngoài khi có việc thực sự cần thiết; khi ra ngoài cần luôn đeo khẩu trang và giữ khoảng cách 2m với người gần nhất. Bộ Y tế kêu gọi đồng bào và các bộ, ban, ngành, đoàn thể cùng chung tay phối hợp với ngành y tế đẩy lùi dịch bệnh COVID-19. Xem thêm",1585368593.0,20000,242,2100,0
324,-1284487462745840896,"Công văn khẩn số 70/UBND-VP của UBND huyện Xuân Trường về việc cách ly những người tiếp xúc trực tiếp với người trở về từ vùng có dịch của Hàn Quốc trên chuyến xe khách của Tấn Hưng ngày 28/02/2020 Cụ thể trên chuyến xe Tấn Hưng mang biển kiểm soát số 18B-00546 xuất phát từ thành phố Hồ Chí Minh về đến huyện Xuân Trường lúc 23h00 ngày 28/02/2020 có một số hành khách trở về từ Hàn Quốc, trong đó có người trở về từ vùng Gyeongsang, Hàn Quốc ( vùng có dịch Covid-19). Hành khách ...này đã tiếp xúc với các hành khách khác ở trên xe ( Có danh sách kèm theo ). 1 - Hùng ( Xóm 8 - Xuân Phong ) 2 - Thuần ( Xóm 5 - Xuân Bắc ) 3 - Sen ( Xóm 6 - Xuân Đài ) 4 - Trang - ( Xóm 17 - Xuân Hồng ) Nguồn: Cổng thông tin điện tử huyện Xuân Trường Link công văn gốc: http://xuantruong.namdinh.gov.vn/…/Cong-van-khan-so-70-UBND… Xem thêm",1582967470.0,1400,778,2100,0
325,8199653246677192704,"Cuộc họp diễn ra lúc gần nửa đêm, theo thông tin từ UBND TP Hà Nội. Trong diễn biến khác, theo quan sát, lực lượng chức năng tối nay đã dựng hàng rào chốt chặn khoảng 500 m phố Trúc Bạch (quận Ba Đình). Xe cứu thương cùng nhiều nhân viên y tế mặc trang phục bảo hộ xuất hiện ở đây. Khu phố này có nhiều nhà dân và trụ sở cơ quan.  Lúc 21h25, ông Hoàng Đức Thăng, Bí thư phường Trúc Bạch thông tin, trên địa bàn có một trường hợp phụ nữ trẻ vừa trở về từ châu Âu nghi nhiễm nCoV, t...rú ở phố Trúc Bạch. Cơ quan chức năng lập rào chắn, khoanh vùng khu phố này để thực hiện các biện pháp theo quy định. 👉 Cập nhật liên tục tại: http://bit.ly/39q6hgW #VnExpress Xem thêm",1583509075.0,8100,1500,2500,0
326,8109700311390798848,"🔥KIÊN TRÌ BẤM 7 HUYỆT NÀY TRÊN BÀN TAY GIÚP GIẢM NHANH ĐAU ĐẦU, ĐAU HỌNG, ĐAU BỤNG KINH,...HIỆU QUẢ! Nhấp từng ảnh để xem hướng dẫn chi tiết!👍👍 Bấm huyệt massage từ lâu được coi là phương pháp hiệu quả trong việc chăm sóc và bảo vệ sức khỏe.... Vùng bàn tay là nơi tập trung nhiều huyệt đạo liên kết trực tiếp tới các bộ phận khác nhau trong cơ thể. Nếu được thực hiện đúng kỹ thuật, xoa bóp bấm huyệt lòng bàn tay sẽ giúp tăng cường lượng máu lưu thông để giảm các cơn đau bụng, đau đầu, đau dạ dày… Dưới đây là 6 vị trí trên lòng bàn tay chúng ta có thể xoa bóp bấm huyệt để giảm đau nhanh chóng. ⚠️Trước khi thực hiện bạn cần lưu ý các điểm sau: - Xoa ấm hai lòng bàn tay trước khi bắt đầu - Sau đó, sử dụng các ngón tay và ngón cái của bàn tay kia mát xa nhẹ nhàng lên da và khu vực cần bấm huyệt. - Phụ nữ mang thai nên tham khảo ý kiến bác sĩ trước khi tiến hành xoa bóp các huyệt đạo trên bàn tay. #thuocdantoc #TDT #bamhuyet ----------------- 🤝Trung tâm Nghiên cứu và Ứng dụng Thuốc dân tộc chung tay cùng cộng đồng phòng chống đại dịch Corona 💥💥TẶNG MIỄN PHÍ 1000 SUẤT THẢO DƯỢC ĐÔNG Y GIÚP TĂNG SỨC ĐỀ KHÁNG TRỊ GIÁ 200.0000Đ 👍Xem chi tiết cách nhận tại đây: http://bit.ly/2S64RSI Xem thêm",1581084291.0,806,19,3100,0
327,-4018089797987081216,"NÓNG ! 15/3 sẽ là ngày đáng nhớ cho ko chỉ Việt Nam mà của toàn thế giới do những gì COVID-19 gây ra !!! - Rạng sáng 15/3, Pháp 🇫🇷 ra lệnh đóng cửa toàn bộ nhà hàng, rạp chiếu phim, cửa hàng,....trừ... siêu thị, trạm xăng, ngân hàng, tabac, presse báo chí và pharmacie. Phong tỏa 1 phần đất nước.  - Chủ tịch hiệp hội Y Tế Ý vùng 🇮🇹 vừa qua đời vì Corona Virus. Hưởng thọ 67 tuổi... - Vợ thủ tướng Canada 🇨🇦 đã dương tính Corona Virus . Ông cũng đang bị cách ly - Rạng sáng 14/3 vừa qua, Ba Lan 🇵🇱 chính thức đóng cửa đất nước và cảnh sát sẽ đi tuần khắp nước để chắc chắn rằng không ai ra đường - Bộ trưởng Nội vụ Úc 🇦🇺 dương tính Corona Virus ngày 13/3 - Bộ trưởng văn hoá Pháp 🇫🇷 đã nhiễm Corona Virus được 5 ngày - Tướng cao cấp Iran 🇮🇷 đã tử vong vì Corona Virus hôm kia, 13/3 - Thứ trưởng Iran nhiễm bệnh và Nghị sĩ Iran, cố vấn ngoại trưởng Iran cũng chết vì corona 2 tuần trước - Tây Ban Nha 🇪🇸 ngày 13/3 ban lệnh đóng cửa toàn bộ hàng quán ngay thủ đô nước này - Ông Donald Trump sáng 14/3 ban bố tình trạng khẩn cấp toàn đất nước Hoa Kỳ 🇺🇸 - Pháp 🇫🇷 đã đóng cửa các trường hoc vô thời hạn - Hàn Quốc 🇰🇷 và Trung Quốc 🇨🇳 đã tuyên bố đỉnh điểm dịch đã qua, chặn đứng được sự lây lan virus ở 2 đất nước này - Czechs vừa tuyên bố 2 giờ trước đóng cửa toàn bộ nhà nước, quán bar tại nước này - Việt Nam 🇻🇳 vừa tuyên bố 3 giờ trước, đóng cửa toàn bộ bar, khách sạn, nhà hàng, karaoke.. các tụ điểm vui chơi toàn quận 1. Từ chối các passport (hộ chiếu) châu Âu nhập cảnh vào VN. Hủy hàng loạt các chuyến bay tới VN sau ngày 15/3, trừ những chuyến đưa người Việt trở về quê hương. - Nga 🇷🇺 chặn cửa không cho Ba Lan 🇵🇱 và Na Uy 🇳🇴 vào để ngăn chặn Virus - Colombia 🇨🇴 chặn cửa Venezeula vào để ngăn chặn virus - Đan Mạch 🇩🇰 tuyên bố đóng cửa khẩu 4 tuần - Luật sư của tổng thống Brazil 🇧🇷 đã dương tính với virus nhưng tổng thống nước này vẫn bác bỏ ông bị dương tính ?! - Giới chức Hoa Kỳ 🇺🇸 ngày 15/3 tuyên bố Donald Trump negative (âm tính) với virus. Nhưng rất nhiều câu hỏi được đặt ra khi ông đã tiếp xúc trực tiếp, là F1 với hàng loạt các lãnh đạo đã nhiễm Covid-19 trước đó. - Tổng cộng 155,220 người bị virus trên toàn thế giới. 5,819 người chết - Rất nhiều đất nước tiên tiến trên thế giới không thể chữa khỏi 1 ca nhiễm Covid-19 nào như : Brazil, Phần Lan 🇫🇮, Qatar 🇶🇦, Iceland 🇮🇸, Ireland 🇮🇪, Ba Lan, Czech, Chile 🇨🇱... - Cũng trong 14/3, Ông Tim Cook tuyên bố đóng cửa hơn 400 stores trên toàn thế giới, để lại 42 stores tại China. - Virus Covid-19 đã tấn công đến lãnh thổ Châu Phi. Nâng tổng số 146 quốc gia bị nhiễm virus này. - Anh 🇬🇧 là nước duy nhất trên thế giới hiện tại hờ hững với virus và tự cho là có cách đối phó chống dịch khác biệt với thế giới. --->> Nước Anh sẽ phải hối hận cho hành động bảo vệ kinh tế, coi thường nhân dân của họ. Tổng hợp thông tin 14/3 từ Vương Ánh Vy, bổ sung một số thông tin 15/3 từ VFC - Du học Pháp. Xem thêm",1584230722.0,2300,396,4100,0
328,-7553647639326960640,"THỦ TƯỚNG YÊU CẦU: ""TỈNH NÀO Ở TỈNH ĐÓ, NHÀ NÀO Ở NHÀ ĐÓ""  Tại cuộc họp Thường trực Chính phủ vào chiều nay (30/3) với Ban Chỉ đạo quốc gia về phòng, chống dịch Covid-19, Thủ tướng Nguyễn Xuân Phúc nhấn mạnh thông điệp: Tinh thần là tỉnh nào ở tỉnh đó, huyện nào ở huyện đó, xã nào ở xã đó, thôn nào ở thôn đó, nhà nào ở nhà đó Theo người đứng đầu Chính phủ, tình trạng di chuyển qua lại các tỉnh còn quá đông, còn tình trạng ở một số nơi người dân di chuyển, ra đường nhiều, có t...hể gây nguy cơ lây nhiễm lớn. Do đó, trừ trường hợp đặc biệt, công vụ đặc biệt, hoặc là các bệnh viện, cửa hàng, siêu thị, cơ sở sản xuất phục vụ nhân dân, còn nói chung là ở nhà, làm việc trực tuyến. (*) Chí Hiếu (TN) Xem thêm",1585575000.0,7100,601,3100,0
329,-5701845965413953536,"[Thông báo khẩn đến hành khách đi trên chuyến bay QR970 ngày 10/3] Theo thông tin từ các cơ quan chức năng, Trung tâm Kiểm soát Bệnh tật Thành phố Hồ Chí Minh thông báo: ⚠️ Hiện đang có 01 trường hợp nguy cơ cao nhiễm COVID-19 tại Thành phố Hồ Chí Minh, đã đi trên chuyến bay QR970 của hãng Qatar Airways từ Doha về Thành phố Hồ Chí Minh, hạ cánh sân bay Tân Sơn Nhất ngày 10/3/2020.... 🔰 Nhằm đảm bảo thực hiện các biện pháp phòng chống dịch bệnh COVID-19 để bảo vệ sức khỏe cho từng cá nhân và cho cộng đồng, cơ quan chức năng của Thành phố Hồ Chí Minh kêu gọi những hành khách đã đi trên chuyến bay QR970 của hãng Qatar Airways ngày 10/3/2020 từ Doha về Thành phố Hồ Chí Minh khẩn trương liên hệ với cơ quan y tế địa phương gần nhất để được kiểm tra sức khỏe và hướng dẫn phòng ngừa lây nhiễm. ☘️ Ngoài ra, đề nghị tất cả những người có thể đã tiếp xúc với hành khách từng đi chuyến bay QR970 của hãng Qatar Airways ngày 10/3/2020 từ Doha về Thành phố Hồ Chí Minh, hiện đang có mặt ở Thành phố Hồ Chí Minh hoặc ở các tỉnh thành khác liên hệ với cơ quan y tế địa phương gần nhất để được kiểm tra sức khỏe và hướng dẫn phòng ngừa lây nhiễm. 📞 Mọi thông tin cần thông báo liên quan những trường hợp nêu trên xin liên hệ Đường dây nóng ngành y tế Thành phố Hồ Chí Minh: 0869.577.133. 📎📎 Đính kèm danh sách hành khách đi trên chuyến bay QR970 của hãng Qatar Airways ngày 10/3/2020 từ Doha về Thành phố Hồ Chí Minh. ♥️♥️♥️ According to the authorities, Center for Disease Control of Ho Chi Minh City announces: ⚠️ There is currently one high-risk case of COVID-19 infection in Ho Chi Minh City, having travelled on a QR970 flight of Qatar Airways on March 10, 2020 from Doha to Ho Chi Minh City. 🔰 In order to ensure the implementation of COVID-19 disease prevention measures to protect the health of individuals and the community, the authorities of Ho Chi Minh City call on passengers who have traveled on a QR970 flight on March 10, 2020 from Doha to Ho Chi Minh City urgently contact the nearest local health authority for health checks and infection prevention instructions. ☘️ In addition, it is recommended that everyone who may have been in contact with passengers who have been on a Qatar Airways QR970 flight from March 10, 2020 from Doha to Ho Chi Minh City, is currently present in Ho Chi Minh City. Contact the nearest local health authority of Ho Chi Minh City for a health check and infection prevention instruction. 📞 For information regarding these cases, please contact Center for Disease Control of Ho Chi Minh City Hotline: 0869.577.133. 📎📎 Attach the list of passengers on Qatar Airways QR970 flight on March 10, 2020 from Doha to Ho Chi Minh City. ----- #HCDC #Trung_tâm_Kiểm_soát_Bệnh_tật_TPHCM ♥️ Fanpage: https://www.facebook.com/ksbthcm/ 📣 Website: https://hcdc.vn hoặc http://www.t4ghcm.org.vn/ 🎵 Kênh Youtube: https://www.youtube.com/channel/UCBFB5n8sUer1oMgk1dZYasg Xem thêm",1584156980.0,975,128,2700,0
330,8415482009041504256,"ĐỒNG THÁP - NGHỈ HỌC ĐẾN HẾT NGÀY 29/3 -- Mặc dù đến thời điểm này, Đồng Tháp chưa có ca nhiễm Covid-19 nhưng để đảm bảo an toàn sức khỏe cho cộng đồng trước tình hình gia tăng số ca nhiễm trong nước, UBND Tỉnh quyết định cho học sinh tất cả các cấp, sinh viên các trường Cao đẳng, Đại học, trường Chính trị được nghỉ học bắt đầu từ ngày mai, 13/3/2020 đến hết ngày 29/3/2020.",1583985073.0,8000,2100,7000,0
331,-8121156769546520576,"Vì sao Việt Nam đề xuất mua bộ xét nghiệm SARS-CoV-2 từ Hàn Quốc?

Lý do rất đơn giản.

Bộ xét nghiệm của Hàn Quốc dựa trên phản ứng kháng nguyên kháng thể trong mẫu máu, cho kết quả chỉ trong 15 phút so với 2 tiếng của sản phẩm do Việt Nam chế tạo, phương thức sử dụng cũng rất đơn giản.

Bù lại thì tỷ lệ dương tính giả cũng... cao nhất trong các bộ kit thử SARS-CoV-2 trên thế giới. Tức là bộ kit này chỉ hiệu quả khi số ca nghi nhiễm quá lớn, cần xét nghiệm cực kỳ nhiều người trong thời gian càng ngắn càng tốt để phân loại và khoanh vùng dập dịch.

Đó cũng là lý do mà Hàn Quốc tổ chức các điểm xét nghiệm lưu động để mọi người dân có thể cung cấp mẫu và lấy kết quả sớm. Khi phát hiện dương tính thì mới liên lạc để xét nghiệm bằng cách phương pháp chuẩn xác hơn.

Trong khi đó, bộ kit thử SARS-CoV-2 của Việt Nam sử dụng phương pháp realtime RT-PCR, thời gian xét nghiệm lâu hơn (80-120 phút) nhưng kết quả thì gần như không trượt phát nào.

Realtime RT-PCR được Tổ chức Y tế Thế giới (WHO) coi là công nghệ vàng và khuyến khích sử dụng trong chế tạo kit xét nghiệm.

Tóm lại, Bộ Y tế mua kit thử của Hàn Quốc để chuẩn bị cho những tình huống xấu nhất trong tương lai và khả năng cao là nó sẽ không xảy ra. Còn thực tế thì chúng ta vẫn thừa sức tự sản xuất bộ xét nghiệm SARS-CoV-2 để phục vụ nhu cầu trong nước và xuất khẩu.

Rất tiếc cho các bạn người Hàn nói tiếng Việt và đám tự nhục, Việt Nam chúng tôi lại để các bạn phải chui vào hang rồi.

Và tất nhiên là Việt Nam luôn khẳng định chủ quyền không thể tranh cãi của Việt Nam với quần đảo Hoàng Sa và Trường Sa, cũng như tính chính nghĩa của cuộc chiến giải phóng người dân Campuchia khỏi thảm họa diệt chủng Khmer Đỏ.

- Quán bia tổng hợp -

#ComCom",1584406123.0,4,1,1,0
332,-7845741394264275968,"📌 THÔNG BÁO CA NHIỄM COVID-19  CA BỆNH SỐ 88 (BN88):  Bệnh nhân nữ, 25 tuổi, địa chỉ ở : KĐT Văn Quán, Phúc La, Hà Đông, Hà Nội. Bệnh nhân là du học sinh tại Anh, nhập cảnh về Nội Bài ngày 12/03/2020. Từ ngày 12/03 đến 16/03/2020, BN tự cách ly tại nhà. Đến ngày 16/03/2020, BN thấy khó thở tức ngực và thông báo cho Trung tâm kiểm soát bệnh tật Hà Nội. ... Trung tâm đã lấy mẫu bệnh phẩm xét nghiệm và cách ly bệnh nhân tại cơ sở y tế, sau đó xét nghiệm cho kết quả dương tính với SARS-CoV. Bệnh nhân và những người tiếp xúc gần đã được đưa đến Bệnh viện Bệnh nhiệt đới trung ương cơ sở Đông Anh và mẫu bệnh phẩm được gửi sang Viện Vệ sinh Dịch tễ Trung ương cho kết quả xác định dương tính SARS-CoV-2. Hiện tại, bệnh nhân đang được cách ly tại B Bệnh viện Bệnh nhiệt đới trung ương cơ sở Đông Anh, tình trạng sức khoẻ ổn định. CA BỆNH SỐ 89 (BN89):  Bệnh nhân nữ, quốc tịch Việt Nam, 22 tuổi, địa chỉ ở Quận 7, Hồ Chí Minh. Bệnh nhân từ New York, Boston, Hoa Kỳ đến Nhật Bản và từ Nhật Bản lên chuyến bay của hãng hàng không AirJapan (ANA) số hiệu NH 831, số ghế 28C và về tới sân bay Tân Sơn Nhất khuya ngày 17/3/2020.  Khi nhập cảnh, bệnh nhân chưa có triệu chứng bệnh và được lấy mẫu bệnh phẩm rạng sáng ngày 18/3/2020. Mẫu bệnh phẩm được Viện Pasteur Hồ Chí Minh kết luận dương tính với virus SARS-CoV-2. Hiện tại bệnh nhân được chuyển cách ly tại Bệnh viện Dã chiến Củ Chi. CA BỆNH SỐ 90 (BN90):  Bệnh nhân nữ,  quốc tịch Việt Nam, 21 tuổi, địa chỉ ở Quận Bình Thạnh, Hồ Chí Minh. Trong 1 tháng nay, bệnh nhân đến Barcelona - Tây Ban Nha thực tập ngành khách sạn.  Ngày 15/3/2020, bệnh nhân từ Barcelona - Tây Ban Nha đi Dubai trên chuyến bay của hãng hàng không Emirates số hiệu EK188, số ghế 30C. BN về tới sân bay Tân Sơn Nhất ngày 16/3/2020 trên chuyến bay của hãng hàng không Emirates số hiệu EK392, số ghế 36A.  Khi nhập cảnh, bệnh nhân sốt nhẹ, ho, chuyển khu cách ly tập trung của Hồ Chí Minh và lấy mẫu bệnh phẩm. Mẫu bệnh phẩm được Viện Pasteur Hồ Chí Minh kết luận dương tính với virus SARS-CoV-2. CA BỆNH SỐ 91 (BN91):  Bệnh nhân nam, quốc tịch Anh, 43 tuổi, trú tại Quận 2, Hồ Chí Minh. Nghề nghiệp: phi công hãng hàng không Vietnam Airlines.  Ngày 08/02/2020 là hành khách từ London - Anh về Việt Nam trên chuyến bay của hãng hàng không Vietnam Airlines số hiệu VN10, số ghế 5K.  Sau đó, Bệnh nhân chưa nhớ rõ lịch trình đi lại và các chuyến bay quốc tế, quốc nội. Ngày 16/3/2020, bệnh nhân là phi công trên chuyến bay VN272 từ Hồ Chí Minh - Hà Nội và VN607 chiều từ Hà Nội - Hồ Chí Minh trong cùng ngày.  Từ ngày 13/3/2020 đến 18/3/2020 bệnh nhân lưu trú tại Hồ Chí Minh và tới một số địa điẻm ăn uống, giải trí. Ngày 17/3/2020 , bệnh nhân khởi phát sốt, ho và đến chiều ngày 18/3/2020 tới Bệnh viện Bệnh Nhiệt đới Hồ CHí Minh khám, nhập viện với tình trạng X-Quang có tổn thương nhu mô phổi phải.  Bệnh viện Bệnh nhiệt đới Hồ Chí Minh xét nghiệm dương tính vào khuya ngày 18/3/2020.  Mẫu bệnh phẩm tại Viện Pasteur Hồ Chí Minh dương tính với virus SARS-CoV-2 vào ngày 20/3/2020. Hiện bệnh nhân tiếp tục được điều trị cách ly tại bệnh viện. Xem thêm",1584709776.0,34000,3600,3800,0
333,7878983332614171648,"HÃY Ở NHÀ VÌ HỌ! “Bạn ở nhà với gia đình bạn, để chúng tôi sớm được về với gia đình chúng tôi."" Nếu chỉ nhìn qua những bức ảnh trên báo chí, chúng ta sẽ không thể hình dung được trang phục bảo hộ của các y bác sĩ trực tiếp điều trị cho những ca bệnh Covid-19 dày và khó thở như thế nào. ... Họa sĩ Marianne Tan đã vẽ nên những bức tranh giản dị, mô tả lại quá trình các y bác sĩ mặc bộ trang phục này trước khi bước vào chiến tuyến chống lại dịch bệnh đang lấy đi hàng chục ngàn sinh mạng trên khắp thế giới. Xin gửi lời cảm ơn ""chiến sĩ"" những người đang chiến đấu ở tuyến đầu chống dịch. Hoạ sĩ: ThinkAnneThink Dịch: Chan La Cà #Vietnamnet #chungtaychốngdịch Xem thêm",1585384209.0,3100,79,3900,0
334,-7845741394264275968,"📌 THÔNG BÁO KHẨN TỪ BỘ Y TẾ: THÊM MỘT CHUYẾN BAY CÓ HÀNH KHÁCH MẮC COVID-19 Bộ Y tế thông báo chuyến bay TG 564 của Thai Airways từ Bangkok về Nội Bài ngày 15/3 đã có hành khách được xác định mắc COVID-19. Bộ Y tế đề nghị hành khách trên các chuyến bay nói trên liên hệ ngay với Trung tâm Kiểm soát bệnh tật tỉnh, thành phố để được hướng dẫn theo dõi sức khoẻ.... Các đại lý bán vé cho các hành khách trên có trách nhiệm thông báo cho các khách mua vé bay trên chuyến máy bay này. ***** 📌 EMERGENCY NOTICE OF THE MINISTRY OF HEALTH VIETNAM  The Ministry of Health Vietnam has announced that they have identified the following flight with passengers carrying COVID-19  TG 564 -  THAIAIRWAYS from BANGKOK to HANOI on 15/03/2020  The Ministry of Health recommends that ALL PASSENGERS on these flights immediately contact to the Centers for Disease Control of provinces and cities for instructions on health monitoring.  The ticket agents for these passengers are responsible for notifying passengers who have purchased flight tickets on these flights. Xem thêm",1584372862.0,20000,1000,2800,0
335,-5005199604534146048,"Thông Báo
Đúng 8h sáng ngày mai (22/04/2020) tại Trung tâm Văn hoá tỉnh Hà Tĩnh ( Đường Phan Đình Phùng) máy 'ATM gạo' sẽ phát gạo cho người nghèo ( 5kg/ người) Ai thiếu xin mời nhận, ai có vui lòng góp!
Hiện nay Hội Doanh nghiệp trẻ Hà Tĩnh đã và đang tiếp tục nhận gạo từ thiện tại Trung tâm Văn hoá tỉnh. Rất mong các nhà hảo tâm giúp đỡ 'LÁ LÀNH ĐÙM LÁ RÁCH'.
Những nhà hảo tâm đưa đến tận nơi thì càng tốt, nếu cần đến địa điểm nào lấy thì điện thoại cho Anh Nguyễn Tiến Trình ( 0934289777)",1587464797.0,3,0,,0
336,-5005199604534146048,"XIN ĐƯỢC GIẢM ÁN ĐỂ CÓ CƠ HỘI...VỀ VỚI NGƯỜI THÂN: Tòa phúc thẩm cho rằng hành vi của cựu bộ trưởng Nguyễn Bắc Son là sai phạm đặc biệt nghiêm trọng, có vai trò quan trọng nhất, là bị cáo đầu vụ và các lý do kháng cáo đã được cấp sơ thẩm xem xét nên tuyên y án chung thân.

Nói lời sau cùng trước khi tòa nghị án, cựu bộ trưởng Nguyễn Bắc Son nhiều lần nhắc đến sự ăn năn, hối hận, tin rằng sẽ được xã hội tha thứ và xin được giảm mức án để có cơ hội về với người thân.
-------------------------
🛑Chiều 27-4, HĐXX phiên tòa xét xử vụ án MobiFone mua cổ phần AVG đã đưa ra phán quyết với các bị cáo.

HĐXX đánh giá vụ án có tính chất đặc biệt nghiêm trọng, hành vi của các bị cáo gây thiệt hại thuộc sở hữu nhà nước hơn 6.000 tỉ đồng, làm chậm tiến độ cổ phần hóa MobiFone, ảnh hưởng niềm tin của nhân dân. Một số bị cáo nhận số tiền hối lộ rất lớn ""xưa nay chưa từng có"" nên cần có hình phạt nghiêm khắc để đảm bảo tính răn đe.

🛑Bị cáo Nguyễn Bắc Son với tư cách bộ trưởng là người trực tiếp thành lập, đánh giá dự án, định hướng cho MobiFone mua cổ phần AVG, đồng ý bản ghi nhớ, ký quyết định thành lập tổ thẩm định, thống nhất giá mua 95% cổ phần là hơn 8.900 tỉ đồng, thương vụ phải được triển khai ngay trong năm 2015.

Tại tòa, bị cáo Son thừa nhận hành vi phạm tội như cáo trạng truy tố và bản án sơ thẩm đã tuyên. Ông Son là người có chức vụ quyền hạn cao nhất, có vai trò quyết định trong thực hiện dự án MobiFone mua 95% cổ phần AVG bất chấp quy định của pháp luật. Hành vi của ông Son và đồng phạm gây thiệt hại 6.500 tỉ đồng.

🛑 Quá trình thực hiện dự án, bị cáo Son nhiều lần trao đổi với Phạm Nhật Vũ, có mục đích tư lợi chỉ đạo cấp dưới thực hiện dự án. Sau khi MobiFone chuyển tiền cho AVG, bị cáo Son đã nhận được 3 triệu USD tiền hối lộ từ Phạm Nhật Vũ.

Bản án phúc thẩm xác định Tòa cấp sơ thẩm đánh giá bị cáo Son có vai trò quan trọng nhất, đầu vụ nên phải chịu hình phạt cao nhất. Tòa cấp sơ thẩm xử phạt bị cáo 16 năm tù tội vi phạm quy định về quản lý vốn đầu tư công gây hậu quả nghiêm trọng là không nặng, hình phạt chung thân tội nhận hối lộ là thỏa đáng.

Bản án cũng nhận định không có cơ sở cho rằng bị cáo Son có hành vi ngăn chặn giảm thiểu thiệt hại. Quá trình điều tra bị cáo nhận tội nhưng không khai báo rõ hành vi phạm tội, gây khó khăn cho cơ quan điều tra làm rõ tội nhận hối lộ.

🛑Bởi vậy không có căn cứ áp dụng thêm các tình tiết giảm nhẹ cho cựu bộ trưởng như quan điểm của các luật sư nêu ra trong phần tranh tụng.

Theo HĐXX, không có căn cứ giảm nhẹ hình phạt cho bị cáo Son trong cả hai tội. Tòa phúc thẩm tuyên y án 16 năm tù về tội vi phạm quy định về quản lý vốn đầu tư công gây hậu quả nghiêm trọng và mức án chung thân về tội nhận hối lộ.

Tuổi trẻ",1588005164.0,44,30,,0
337,-5462441170727867392,"💥 ""GHEN CÔ VY"" TIẾP TỤC GÂY BÃO SÓNG TRUYỀN HÌNH PHÁP 💥 ÂM NHẠC VIỆT NAM PHỦ SÓNG TOÀN CẦU TRONG ĐẠI DỊCH Sau khi gây bão tại Việt Nam với hàng loạt video thử thách #ghencovychallenge trên các trang mạng xã hội, bài hát ""Ghen Cô Vy"" (viết lại lời từ bản hit ""Ghen"" của Erik và Min - nêu cách phòng chống virus nCoV) đã ""vươn tầm thế giới"" khi được xuất hiện trên sóng truyền hình Mĩ (kênh HBO) với show ""Last Week Tonight with John Oliver"" và nhận được sự quan tâm của đông đảo từ... cộng đồng quốc tế. Bài hát còn thu hút sự quan tâm của truyền thông nhiều quốc gia khác như Anh, Tây Ban Nha, Ý... Ngày 03/03/2020, ""Ghen Cô Vy"" một lần nữa được kênh truyền hình BFMTV - kênh tin tức số 1 nước Pháp - nhắc tới và thậm chí còn được tôn vinh là ""Bài hát của năm""! Các MC không ngừng lắc lư và bình luận đầy thích thú xen lẫn với sự thán phục về cách phòng chống dịch đầy thông minh của người Việt Nam. Hãy cùng thưởng thức video và chờ xem bài hát này sẽ còn phủ sóng tới mức nào nhé!  LIKE page VFE - Vietnam France Exchange ngay để nhận những thông tin thú vị về nước Pháp mỗi ngày nhé! <3  #VFE #VFEGroup  ➖➖➖➖➖➖➖➖➖➖➖ ✅ VFE HIỆN LÀ TỔ CHỨC UY TÍN SỐ 1 VIỆT NAM VỀ DU HỌC PHÁP VÀ ĐÀO TẠO TIẾNG PHÁP  ✅ ĐĂNG KÝ NHẬN TƯ VẤN MIỄN PHÍ TỪ VFE: https://forms.gle/w9SAeVQuFHufjmy28 Mọi thông tin xin liên hệ: ☎️ Hotline: 1900 2612 hoặc 0963 984 988 📧 Email: contact@vfegroup.vn 🌐 Website: https://VFEgroup.vn Xem thêm",,28000,998,6500,0
338,-7845741394264275968,"THÔNG TIN CA NHIỄM COVID- 19: THÊM 3 NGƯỜI Ở BÌNH THUẬN DƯƠNG TÍNH VỚI COVID- 19  Theo thông tin từ Sở Y tế tỉnh Bình Thuận, sau khi bệnh nhân số 34 (BN34) được xác định mắc bệnh COVID-19, Trung tâm kiểm soát bệnh tật tỉnh Bình Thuận đã tiến hành điều tra dịch tễ, khoanh vùng, khử khuẩn và tiến hành cách ly các đối tượng tiếp xúc với bệnh nhân số 34. Ngày 11/3/2020 tiến hành lấy 15 mẫu gửi Viện Pasteur Nha Trang xét nghiệm. Kết quả có 3 người dương tính SARS-CoV-2, cụ thể như... sau: BN 36: Bệnh nhân nữ, 64 tuổi, quê quán Phan Thiết, tỉnh Bình Thuận, giúp việc cho Bệnh nhân số 34. Bệnh nhân có biểu sốt. Hiện đang được cách ly và điều trị tại Bệnh viện đa khoa tỉnh. BN 37: Bệnh nhân nữ, 37 tuổi, quê quán huyện Hàm Thuận Bắc, tỉnh Bình Thuận, là nhân viên của Bệnh nhân số 34. Bệnh nhân có biểu sốt. Đang được cách ly và điều trị tại Bệnh viện đa khoa tỉnh. BN 38: Bệnh nhân nữ, 28 tuổi, quê quán thành phố Phan Thiết, tỉnh Bình Thuận, là con dâu của Bệnh nhân số 34. Bệnh nhân có biểu sốt, ho. Hiện đang được cách ly và điều trị tại Bệnh viện đa khoa tỉnh. Xem thêm",1583921494.0,30000,2800,4800,0
339,-6638968212843512832,"Trảng Dài Biên Hoà - Miễn Phí 100% Tiền Phòng Trọ Trong 2 Tháng Cho Công Nhân Trong Mùa Dịch Covid-19 Hãy Chia Sẽ Để Cùng Lan Toả Đi Những Hơi Ấm Trong Thời Khắc Khó Khăn Này... Đây hoàn toàn là sự thật một chủ nhà trọ tại khu vực khu phố 3, phường Trảng Dài - Biên Hoà, vừa có một hành động vô cùng thiết thực và ý nghĩa, nhận thấy những công nhân đang thuê trọ của mình sau khi phải nghỉ việc vì một số cơ sở, doanh nghiệp nơi họ đang làm việc buộc phải đóng cửa và cắt giảm nhân sự do đại dịch, mỗi ngày những người công nhân này đã phải rất chật vật với việc mưu sinh hằng ngày, nay trong hoàn cảnh đã khó lại càng thêm khổ, nên đã quyết định GIẢM 100% Tiền Thuê trong 2 tháng để động viên và hỗ trợ mọi người cùng nhau vượt qua đại dịch",1585501342.0,732,139,2300,0
340,7050444021058475008,Việt Nam tiếp tục ghi nhận ca bệnh dương tích với nCoV. Cận cảnh Bệnh viện dã chiến Hỏa Thần Sơn ở Trung Quốc được xây dựng thần tốc trong 10 ngày. Nghe chuyên gia Sự kiện & Bình luận kể chuyện ăn tỏi để chống chọi với dịch SARS thời xưa... #vtv24 #ToanCanhnCoV #Corona #yte24h,,19000,824,5900,0
341,-428699286554351616,"Hôm 03/02 tại thành phố Vũ Hán, khu bệnh xá 1.000 giường được hoàn thành chỉ trong vòng 10 ngày của Trung Quốc có tên Hỏa Thần Sơn đã mở cửa đón những bệnh nhân đầu tiên. Xem thêm: https://www.voatiengviet.com/a/tu-vong-vi-vir…/5269633.html… Các tin khác: Trung Quốc hôm 03/02 cho biết đã có 361 người chết vì đợt bùng phát virus corona mới tại đại lục, với thêm 2,829 ca nhiễm mới được xác nhận trong 24 giờ qua, nâng tổng số ca bệnh tại Trung Quốc lên 17.205; Philippines cấm nh...ập cảnh tất cả công dân ngoại quốc đến từ Trung Quốc, sau khi có hai ca nhiễm virus corona được xác nhận ở Philippines, trong đó có một ca tử vong đầu tiên bên ngoài Trung Quốc; Tổng giám đốc Tổ chức Y tế Thế giới (WHO) loan báo cần có một hệ thống mới để chống lại các đợt bùng phát dịch bởi điều nguy hiểm là thế giới không có sự chuẩn bị cho một đại dịch toàn cầu; Nhật Bản phái một tàu chiến để bảo vệ các nguồn cung cấp dầu cho quốc gia thông qua các hải lộ trọng yếu và căng thẳng ở Trung Đông. Xem thêm",,12000,493,2500,0
342,2544831554344403968,"#SHARE & #TAG các bạn để thông báo nhé các em! Tin tức đang được cập nhật tiếp trong Nhóm kín: https://fb.com/groups/HocSinhTPHCM/ ---- Cuối giờ chiều 14-2, UBND TP.HCM đã họp và đồng ý với đề xuất của Sở GD-ĐT TP.HCM, cho học sinh các cấp trên địa bàn nghỉ học đến hết tháng 2, cụ thể là hết ngày 29-2. Trước đó, để đảm bảo an toàn cho người học và giúp nhà trường có thời gian chuẩn bị các điều kiện phòng, chống dịch COVID-19 (dịch bệnh do virus corona chủng mới - 2019-nCoV), ...hầu hết các tỉnh, thành phố đã cho trẻ mầm non, học sinh phổ thông nghỉ học đến hết ngày 16-2. Ngày 13-2, sau khi xin ý kiến về mặt chuyên môn của Bộ Y tế, Bộ GD-ĐT cũng đã có công văn gửi giám đốc Sở GD-ĐT các tỉnh, thành phố; thủ trưởng các đại học, học viện; các trường đại học, trường cao đẳng sư phạm và trung cấp sư phạm về việc tăng cường các biện pháp phòng, chống dịch bệnh COVID-19 khi học sinh, sinh viên đi học trở lại. (Theo Báo Tuổi trẻ) Xem thêm",1581680819.0,7000,2200,5600,0
343,-7845741394264275968,"📌 THÔNG TIN CA NHIỄM COVID-19 Bộ y tế vừa thông báo thêm một ca dương tính với Covd - 19 tại Huế. Ca bệnh này là người nước ngoài và cùng trên chuyến máy bay với bệnh nhân nữ số 17 tại Hà Nội. Được biết, trước khi xác định dương tính bệnh nhân đã có 3 ngày đêm ở Hà Nội, sau đó đi Hải Phòng bằng tàu du lịch và trở về sân bay Nội Bài đáp chuyến bay đi Huế, trên chuyến bay VN 1547. Xuống sân bay bệnh nhân đã được lái xe và hướng dẫn viên đưa về một nhà khách tại phường Phú Hội, ...thành phố Huế. Bệnh nhân đang được cách ly và điều trị tại Bệnh viện Trung ương Huế. Hiện tình trạng sức khỏe ổn định, bệnh nhân không sốt, không ho, không khó thở. Riêng trên chuyến bay đã có 11 người dương tính với Covid - 19. Trong đó, có 2 người Việt Nam và 9 người nước ngoài. Như vậy, đến thời điểm này Việt Nam ghi nhận 30 trường hợp mắc tại 10 tỉnh, thành phố. Trong đó, 16 bệnh nhân đã được điều trị khỏi và xuất viện, 3 tỉnh là: Khánh Hòa, Thanh Hóa và Vĩnh Phúc đã không còn bệnh nhân. Xem thêm",1583670133.0,33000,3900,6200,0
344,7050444021058475008,"Nếu như ở thời kỳ đầu, những ca nhiễm mới COVID-19 chủ yếu xuất hiện ở Trung Quốc, thì tình hình bây giờ đã có sự thay đổi. Các đợt bùng phát mới liên tục xuất hiện bên ngoài lãnh thổ nước này khi Hàn Quốc, Iran, Italia và nhiều quốc gia khác ghi nhận những ca nhiễm mới.  Ứng phó với COVID-19: Nỗ lực toàn cầu, câu chuyện của Tiêu Điểm hôm nay.",,21000,476,2900,0
345,-6334932266829473792,"Phó vi phạm đến mức đề nghị xem xét kỷ luật, tại sao trưởng vẫn trúng BCH?

http://antt.vn/ha-tinh-pho-chu-tich-huyen-va-nhieu-can-bo-bi-de-nghi-xem-xet-ky-luat-295097.htm

Trước đó 2 ngày, ông Nờ am đã được bầu vào Ban chấp hành Đảng bộ huyện Nghi Xuân nhiệm kỳ 2020 - 2025.

https://baohatinh.vn/xay-dung-dang/danh-sach-36-uy-vien-ban-chap-hanh-dang-bo-huyen-nghi-xuan-nhiem-ky-2020-2025/194140.htm",1593048297.0,9,0,1,0
346,-6302576057325897728,"KHẨN CẤP Bà con nhân dân Việt Yên - Bắc Giang chú ý! Thông báo để bà con nhân dân nắm được và để biết, bà con cũng KHÔNG NÊN HOANG MANG, hạn chế di chuyển nếu không cần thiết.... Hãy tin tưởng và phối hợp cùng các cơ quan chức năng để có đủ thông tin nhằm kiểm soát tốt tình hình. Có hiểu biết đúng về dịch bệnh, cơ chế lây truyền, sự phát triển của virus (thời gian ủ bệnh, phát bệnh, triệu chứng...)  có biện pháp tự đảm bảo an toàn cho bản thân và cộng đồng! Việt Nam nhất định chiến thắng đại dịch! #VietYenFanpage #ViệtYênBắcGiang #ViệtYên #BắcGiang #Covid19 Xem thêm",1585104755.0,1000,263,2700,0
347,7050444021058475008,"Chiều 23/3, phát biểu kết luận cuộc họp của Thường trực Chính phủ về phòng, chống dịch Covid-19, Thủ tướng nhấn mạnh, trong 10- 15 ngày tới sẽ quyết định thất bại hay thành công trong chống dịch Covid-19. Do đó, các cấp, các ngành, hệ thống chính trị cần phải tiếp tục quyết liệt, chặt chẽ hơn nữa, nêu cao tinh thần trách nhiệm trước Đảng, trước nhân dân. “Phải thành công chứ không thất bại. Chúng ta quyết không để lây lan lũy thừa, nhiều người mắc, người chết tại Việt Nam”, T...hủ tướng nhấn mạnh. Từ đó, Thủ tướng yêu cầu đóng cửa các dịch vụ không cần thiết để hạn chế tối đa việc tụ tập đông người. Đề nghị các cơ sở thờ tự không tụ tập đông người và yêu cầu các địa phương nghiêm khắc nhắc nhở vấn đề này.  “Việt Nam kiên trì nguyên tắc chống dịch: Ngăn chặn, phát hiện, cách ly, khoanh vùng dập dịch”, Thủ tướng nói và yêu cầu xử lý nghiêm các trường hợp không cách ly, không khai báo, gây hậu quả thì xử lý hình sự. Theo: Tienphong.vn Xem thêm",1584970200.0,39000,1300,2400,0
348,-4598421287642213888,"Không chỉ cách ly như các khu có người nhiễm COVID-19 thông thường, bệnh viện Bạch Mai còn có nhiệm vụ chăm sóc hàng nghìn bệnh nhân đang điều trị, nhiều trong số họ bệnh rất nặng. Giờ người nhà không được vào, chính các y bác sĩ, nhân viên bệnh viện vừa chữa bệnh, vừa chăm sóc thay người nhà bệnh nhân. NHƯNG... ""Chúng tôi quyết chiến và quyết thắng. Tất cả cán bộ, nhân viên Bạch Mai vững tin với niềm tin chiến thắng"".... Đó là lời NHẮN GỬI từ GS.TS Nguyễn Quang Tuấn, Giám đốc Bệnh viện Bạch Mai, thay lời các nhân viên của Bệnh viện. Xem thêm",,11000,1100,3500,0
349,-7845741394264275968,"Sở GD-ĐT Hà Nội vừa trình UBND Thành phố đề xuất tiếp tục cho học sinh nghỉ học đến hết ngày 16/2 để phòng ngừa dịch bệnh do virus Corona.  Trong thời gian học sinh nghỉ học, các cơ sở giáo dục tiếp tục tiến hành vệ sinh, phun khử trùng trường lớp vào cuối tuần này.  Dự kiến UBND Thành phố Hà Nội sẽ có ý kiến chính thức về đề xuất này trong ngày mai (7/2) để sớm công bố cho phụ huynh học sinh.",1580980901.0,12000,1400,5400,0
350,-5005199604534146048,"Cục Cảnh sát giao thông (Bộ Công an) cho biết, lực lượng cảnh sát giao thông toàn quốc sẽ tiếp nhận hình ảnh, clip ghi lại các hành vi vi phạm pháp luật về giao thông để xử lý theo quy định.

Mọi trường hợp vi phạm pháp luật được người dân chụp ảnh, ghi hình hoặc đăng trên báo chí, mạng internet có thể chuyển cho lực lượng chức năng xác minh, làm rõ phương tiện và truy tìm người điều khiển, thời gian, địa điểm vi phạm để xử lý.

 Để gửi hình ảnh hoặc clip, người dân có thể liên lạc qua các số điện thoại của Cục Cảnh sát giao thông (069.2342593 - 069.2342608 - 0995676767) hoặc liên hệ phòng cảnh sát giao thông, công an các địa phương../.

Nguồn: Cục CSGT",1588499150.0,26,2,1,0
351,7050444021058475008,"Corona đang phát huy một khả năng, đó là phép thử.  Phép thử của sự ích kỉ, ai ích kỉ lộ rõ ngay Phép thử của lối sống, ai sống thế nào sẽ lộ rõ luôn. Phép thử của sự tò mò, thêu dệt, kì thị, đổ lỗi... lộ ra hết trong những ngày này. Nhưng đó cũng là phép thử của lòng tốt, của sáng kiến, của trách nhiệm, của tinh thần vì cộng đồng.... Phép thử của sự kiên cường, lạc quan và bền bỉ, của lòng tin và tinh thần đồng đội. Đó là thứ thuốc hiệu quả kháng Corona hay bất cứ dịch bệnh nào trên trái đất này. (nhà báo Tạ Bích Loan) Xem thêm",1583990663.0,59000,1000,4000,0
352,-6011831914279107584,"< “GHEN CÔ VY” CỦA VIỆT NAM LÊN SÓNG KÊNH HBO> 📍24h qua, cộng đồng mạng đã hào hứng chia sẻ trích đoạn người dẫn chương trình John Oliver của kênh truyền hình HBO hết lời khen ngợi “bài ca chống virus Corona” của Việt Nam. Ông thậm chí còn phấn khích nhảy theo “Ghen Cô Vy” với biểu cảm hết sức dễ thương ❤ John Oliver gọi đây là “sự sáng tạo tuyệt vời của các nhạc sỹ”, khác xa với những người “ngủ quên trong âm nhạc”😱😱😱 Nói thật, tự hào hơn cả chuyện 1 bài hát rất nhiều luôn 🇻...🇳🇻🇳🇻🇳 #vtv6 #Theheso #covid19 #proudofVietNam Xem thêm",,20000,365,3000,0
353,-2207543216783755008,"Miền Bắc sắp mát rồi, nhưng lại lo mưa nhiều và to làm ngập lụt nhiều nơi, ảnh hưởng đến cuộc sống của người dân, đặc biệt miền Bắc lại đang trong thời kỳ thu hoạch lúa.
https://moitruong.net.vn/ap-thap-nhiet-doi-vao-bien-dong-mien-bac-mua-lon/",1591956461.0,,0,,0
354,6570265313371844608,"[English below] Có thể ngày mai, ngày kia, Việt Nam sẽ xuất hiện thêm ca nhiễm mới. Nhưng hãy vững tin Việt Nam sẽ chiến thắng! ---... Perhaps tomorrow or the next few days, Viet Nam may have new cases of COVID-19. However, we can be confident Viet Nam will win! Xem thêm",,11000,371,3600,0
355,6570265313371844608,"MỌI NGƯỜI DÂN HẠN CHẾ TỐI ĐA RA KHỎI NHÀ Khi buộc phải ra ngoài thì phải đeo khẩu trang và giữ khoảng cách an toàn (2m). Đồng thời giữ gìn vệ sinh cá nhân (rửa tay bằng xà phòng dưới vòi nước chảy hoặc bằng dung dịch sát khuẩn). Thực hiện ăn chín, uống sôi. Tiến hành khai báo y tế tự nguyện. Đây là kêu gọi được Ban Chỉ đạo (BCĐ) phòng chống COVID-19 đưa ra hôm nay (25/3). Thảo luận về diễn biến tình hình dịch bệnh trên thế giới và trong khu vực, BCĐ nhận định, nhìn chung tron...g giai đoạn 1, các quốc gia phòng, chống dịch bệnh tốt đều cố gắng kéo dài nhất thời gian dịch bệnh lây lan dưới mốc 100 ca nhiễm bệnh. Tương tự khi dịch bệnh bước sang giai đoạn 2 phải cố gắng kéo dài nhất thời gian tiệm cận mốc 1.000 ca nhiễm COVID-19. Lãnh đạo Bộ Y tế cho biết, về năng lực xét nghiệm, hiện mỗi ngày, Việt Nam có thể xét nghiệm từ 8.000-10.000 mẫu. Chúng ta đang chuẩn bị các điều kiện để nâng cao năng lực xét nghiệm thời gian tới. Trong giai đoạn hiện tại, cơ bản chúng ta có đủ máy móc, vật tư, trang thiết bị bảo hộ… để phục vụ điều trị cho người bệnh, đồng thời tiếp tục chuẩn bị để sẵn sàng ứng phó với tình hình mới. Theo Thứ trưởng Bộ Công an Nguyễn Văn Sơn, hiện các địa phương cũng đang khẩn trương tiến hành “đi từng ngõ, gõ từng nhà” để rà soát sàng lọc người nghi ngờ. Cuối giờ chiều nay sẽ có số liệu tổng hợp. Đại diện Bộ Quốc phòng khẳng định, quân đội đã chuẩn bị đủ địa điểm cách ly. Nhìn chung điều kiện sinh hoạt, ăn ở tại nơi cách ly tập trung khá tốt, thậm chí còn cao hơn điều kiện sinh hoạt của bộ đội. Bộ Quốc phòng đề nghị bà con yên tâm, không tiếp tế thực phẩm, đồ dùng sinh hoạt cho thân nhân trong các khu cách ly để tránh lây nhiễm. Quân đội khẳng định sẽ tiếp tục thực hiện phương châm “chống dịch như chống giặc”, sẵn sàng đi đầu trong mọi tình huống để phòng chống dịch, bảo vệ bình yên cho nhân dân. Hiện Bộ Y tế đã hoàn thiện phác đồ điều trị bệnh nhân mắc COVID-19, dự kiến sẽ ban hành trong ngày mai (26/3), sau đó sẽ tập huấn phổ biến cho các tuyến. --- Ảnh: Phó Thủ tướng Vũ Đức Đam, Trưởng BCĐ chủ trì cuộc họp trực tuyến của BCĐ. Xem thêm",1585133309.0,25000,753,2900,0
356,7050444021058475008,"Số 116, nam, bác sĩ 29 tuổi, BV Nhiệt đới TW 20 ngày liên tục khám sàng lọc, điều trị cho bệnh nhân dương tính Covid 19, cấp cứu cho bệnh nhân nặng 20 ngày liên tục ở khu cách ly cho nhân viên y tế trong bệnh viện, không một bữa cơm nhà Chúng tôi không biết gì về anh ngoài những thông tin này, nhưng thấy cổ nghèn nghẹn. Anh là một trong những người mang bộ áo trắng, áo xanh, không biết tên, biết mặt nhưng hết lòng chăm sóc bệnh nhân kể từ những ngày đầu bùng dịch cho đến lúc ...này. Giờ đây, con virus vô tình không trừ một ai, khiến anh đã thấm mệt. Anh hãy tạm nghỉ ngơi và tiếp tục kiên cường chiến đấu với virus nhé.  Sẽ có những đồng nghiệp tận tâm chăm sóc anh. Những người dân như chúng tôi chỉ biết cầu mong anh và các anh chị đồng nghiệp của anh ở tuyến đầu khoẻ mạnh, kiên cường để tiếp tục công việc mà các siêu nhân cũng phải ngả mũ thán phục như của các anh chị! Fighting! Chúng ta nhất định phải thắng! (Theo FB Vũ Minh Hường) #covid19 #chungtanhatdinhphaithang Xem thêm",1584952941.0,50000,2500,3500,0
357,7050444021058475008,"10 ngày tới được cho là giai đoạn có tính chất quyết định đối với sự thành bại của cuộc chiến phòng chống đại dịch COVID-19 ở Việt Nam. Trong lúc này, một trong những giải pháp quan trọng nhất để phòng dịch lây lan đó là ""hạn chế tiếp xúc xã hội"". #VietNamQuyetThangDaiDich #socialdistancing #hanchetiepxucxahoi",,41000,946,18000,0
358,-7845741394264275968,"Thứ nhất: Hạn chế ra ngoài. Thứ hai: Khoảng cách, khẩu trang. Thứ ba: Rửa tay thường xuyên.... Thứ tư: Vệ sinh nhà cửa. Thứ năm: Khai báo y tế. “Chúng ta làm tốt các hướng dẫn, chấp hành nghiêm các chỉ thị, nhất định chúng ta sẽ đẩy lùi và chiến thắng dịch bệnh”, Phó thủ tướng Vũ Đức Đam nêu 5 'bí quyết' chống đại dịch Covid-19  Tại cuộc họp Ban Chỉ đạo quốc gia phòng, chống dịch bệnh Covid-19 chiều 25/3, Phó thủ tướng Vũ Đức Đam kêu gọi mỗi người dân phải có trách nhiệm với sức khoẻ, thậm chí là tính mạng của mình, của những người xung quanh và trách nhiệm với cộng đồng, đất nước, thực hiện thật tốt các hướng dẫn của cơ quan chuyên môn. Xem thêm",1585157597.0,26000,275,2700,0
359,7050444021058475008,"Việt Nam đã có ca nhiễm COVID-19 thứ 17 tại Hà Nôi, các cơ quan chức năng đang vào cuộc nhanh chóng và quyết liệt. Tuy nhiên những hành động thiếu bình tĩnh, nghe theo những tin đồn sai lệch của một số bộ phận người dân sẽ làm tình hình thêm nhiều nguy cơ rủi ro. #ythucchongdich #chungtaydayluicovid19",,31000,1700,7800,0
360,-7845741394264275968,"📌📌📌 Thông tin tiếp nhận ủng hộ phòng, chống dịch Covid-19: Đồng chí Trần Văn Sinh, Trưởng ban Phong trào, Ủy ban Trung ương MTTQ Việt Nam, sđt: 0904.232095. Đồng chí Nguyễn Thị Hồng Thương, Phó Trưởng ban Phong trào, Ủy ban Trung ương MTTQ Việt Nam. SĐT: 0243.8256.327; DĐ: 0904.058.336, Email: hongthuong_tc@yahoo.com.... Việc tiếp nhận thông qua 2 hình thức: 1. Tiếp nhận ủng hộ qua tài khoản tại Ngân hàng: Tên Tài khoản: Ủy ban Trung ương Mặt trận Tổ quốc Việt Nam Số tài khoản: 1483201009159 Ngân hàng Nông nghiệp và Phát triển Nông thôn Việt Nam, chi nhánh Thủ đô 2. Tiếp nhận ủng hộ bằng tiền mặt: Phòng Kế hoạch – Tài chính (109, 111), Văn phòng Cơ quan Ủy ban Trung ương MTTQ Việt Nam.  Địa chỉ: 46 Tràng Thi, Hà Nội Điện thoại: 0243 8256326; 02438256536. Đ/c Đinh Thị Thúy Ngân, Trưởng phòng Kế hoạch – Tài chính: 0904.321618. (Đề nghị mọi người ghi rõ nội dung: Ủng hộ phòng chống dịch Covid-19) ----------- 👉 hãy lan toả thông điệp này để chung tay đẩy lùi dịch Covid-19. Xem thêm",1584426715.0,37000,810,10000,0
361,7050444021058475008,"Ban chỉ đạo phòng chống dịch COVID- 19 TP Hà Nội thông báo Sau khi có quyết định của Chủ tịch Thành phố về việc tạm thời đóng cửa các địa điểm vui chơi, kinh doanh (trừ xăng xầu, thực phẩm và các mặt hàng thiết yếu), người dân nếu phát hiện cơ sở nào còn mở cửa hoặc có dấu hiệu tụ tập đông người hãy chụp ảnh và gửi thông tin vào app Hanoi Smart City. Ban chỉ đạo sẽ xử lý nghiêm để đảm bảo hạn chế lây lan dịch trong cộng đồng.  Vì một Hà Nội an toàn hãy thay đổi hành vi, hạn chế tối đa việc ra ngoài đường, tập trung đông người.",1585186611.0,57000,2600,5500,0
362,-3697240950723570176,Thu Trang - cô gái 25 tuổi đến từ Thanh Hóa - là một trong số những người Việt Nam đầu tiên phát hiện nhiễm Covid-19 và cũng là bệnh nhân đầu tiên phục hồi được xuất viện. Trang và gia đình đã trải qua hành trình 10 ngày chiến đấu với Covid-19 như thế nào? Nguồn: Chương trình Khoảnh Khắc (Ban Thanh Thiếu niên VTV6 thực hiện),,17000,433,3300,0
363,6570265313371844608,"THÔNG TIN CA BỆNH 100-106 Theo kết quả xét nghiệm nhận được lúc 20h ngày 22/3/2020 từ Viện Pasteur TPHCM, đã xác định được thêm 7 bệnh nhân mắc COVID-19 tại TPHCM và khu vực Đồng bằng Sông Cửu Long CA BỆNH 100 (BN100): Nam, 55 tuổi, quốc tịch Việt Nam, địa chỉ ở Quận 8, TPHCM. Tiền sử bệnh đái tháo đường và viêm khớp. ... Ngày 03/3/2020, bệnh nhân từ Kuala Lumpur - Malaysia về Việt Nam trên chuyến bay của hãng hàng không AsiaAir số hiệu AK524. Bệnh nhân được hướng dẫn tự cách ly tại nhà. Tuy nhiên trong thời gian từ ngày 04/3/2020 đến ngày 17/3/2020, bệnh nhân có đi lễ 5 lần/ngày tại Thánh đường Hồi giáo Jamiul Anwar - số 157B/9 Dương Bá Trạc, Phường 1, Quận 8, TPHCM.  Ngày 18/3/2020, mặc dù bệnh nhân chưa có dấu hiệu bệnh, nhưng được Trung tâm Y tế Quận 8 lấy mẫu giám sát theo nhóm đối tượng dự lễ hội từ Malaysia.  Viện Pasteur TPHCM kết luận mẫu bệnh phẩm dương tính với vi rút SARS-CoV-2 vào ngày 22/3/2020.  Hiện bệnh nhân được cách ly tại Bệnh viện Bệnh Nhiệt đới TPHCM. Tại khu cách ly Đồng Tháp: Phát hiện được 4 trường hợp dương tính với SARS-COV-2  đều là hành khách trên chuyến bay của Hãng Hàng không Vietnam Airlines số hiệu VN0050 từ Anh về  sân bay Cần Thơ sáng ngày 18/3/2020.  Khi nhập cảnh, các trường hợp đều chưa có triệu chứng bệnh và được đưa về khu cách ly tập trung của Đồng Tháp. 4 trường hợp dương tính bao gồm: CA BỆNH 101 (BN101): Nữ, quốc tịch Việt Nam, 26 tuổi, địa chỉ ở Tp.Vũng Tàu, Bà Rịa-Vũng Tàu. Số ghế trên chuyến bay là 26F. CA BỆNH 102 (BN102): Nữ, quốc tịch Việt Nam, 9 tuổi, địa chỉ ở Quận Hoàn Kiếm, Hà Nội. Số ghế trên chuyến bay là 20D. CA BỆNH 103 (BN103): Nam, quốc tịch Việt Nam, 22 tuổi, địa chỉ ở Quận Phú Nhuận, TPHCM. Số ghế trên chuyến bay là 12F. CA BỆNH 104 (BN104): Nữ, quốc tịch Việt Nam, 33 tuổi, địa chỉ ở Quận 12, TPHCM. Số ghế trên chuyến bay là 27D. Tại khu cách ly Trà Vinh: phát hiện 2 trường hợp dương tính với SARS-COV-2,  đều là hành khách trên chuyến bay của hãng hàng không AirAsia số hiệu AK575 từ Malaysia về tới sân bay Cần Thơ sáng ngày 18/3/2020.  Khi nhập cảnh, các trường hợp đều chưa có triệu chứng bệnh, được đưa về khu cách ly tập trung của Trà Vinh. 2 trường hợp dương tính gồm: CA BỆNH 105 (BN105): Nữ, quốc tịch Việt Nam, 35 tuổi, địa chỉ ở huyện Chợ Mới, An Giang. Số ghế trên chuyến bay là 6E. CA BỆNH 106 (BN106): Nữ, quốc tịch Việt Nam, 20 tuổi, địa chỉ ở huyện Châu Phú, An Giang. Số ghế trên chuyến bay là 6C. Xem thêm",1584883706.0,12000,2200,3500,0
364,6032799937485521920,"<< CẬP NHẬT >> ĐÃ TÌM THẤY NGƯỜI TRỐN KHỎI KHU CÁCH LY COVID-19 Ở BẾN CẦU ——————————— Trưa nay (29.3), bằng các biện pháp nghiệp vụ, cơ quan chức năng đã tìm được Lê Văn Vũ, người đã trốn khỏi nơi cách ly tập trung tại xã Lợi Thuận, huyện Bến Cầu, tỉnh Tây Ninh vào sáng cùng ngày. Theo thông tin ban đầu, Lê Văn Vũ sau khi trốn khỏi khu cách ly đã quá giang một chiếc xe 7 chỗ ngồi (trên xe chỉ có một mình tài xế) để đi đến Quận Tân Phú, TP.Hồ Chí Minh.... Trong khi còn đang chờ xe trên đường, Vũ đã được cơ quan chuyên môn liên lạc, vận động, nên đồng ý trở lại khu cách ly. Hiện Lê Văn Vũ đã được cơ quan chức năng đưa về khu cách ly tập trung tại Trường mẫu giáo Tiên Thuận (điểm Tiên Thuận, xã Tiên Thuận, huyện Bến Cầu, tỉnh Tây Ninh bằng xe chuyên dụng. https://baotayninh.vn/tay-ninh-da-tim-thay-nguoi-tron-khoi-… Xem thêm",1585457428.0,587,734,2600,0
365,-8936299431894836224,"THÔNG BÁO! Vào lúc 12h đêm thứ 6 ngày 27/3/2020 ( Tức 00h thứ 7 ngày 28/3).  Đức Thánh Cha Phanxicô sẽ ban Phép lành toàn xá Urbi et Orbi  Theo truyền thống Giáo hội, trong những dịp trọng đại, Đức Thánh Cha sẽ ban phép lành Urbi et Orbi (cho thành Roma và toàn thế giới).... Trong năm, có hai dịp Đức Thánh Cha ban phép lành Urbi et Orbi là Lễ Giáng Sinh và Lễ Phục Sinh lúc 12 giờ trưa giờ Roma. Trong hoàn cảnh nguy cấp của đại dịch Corona Virus. Đức Thánh Cha muốn bày tỏ lòng thương xót của Thiên Chúa cho các tín hữu và toàn thế giới, nên ngài ban phép lành đặc biệt này cho mọi người. Kính mong mọi người không bỏ qua giây phút hồng phúc này để lãnh nhận ơn Toàn Xá. ● Page Tin Công Giáo 24h sẽ phát trực tiếp sự kiện này; quý vị nhấn nút like theo dõi Page để nhận thông báo mới nhất, xin cảm ơn! Xem thêm",1585192315.0,14000,1000,8600,0
366,-7845741394264275968,"THÔNG TIN CA NHIỄM COVID-19: Việt Nam ghi nhận thêm 9 ca bệnh CA BỆNH 124 (BN124): Bệnh nhân nam, 52 tuổi, quốc tịch Brazil, trú tại Quận 2, TP. Hồ Chí Minh. Bệnh nhân làm việc tại công ty TNHH giày Gia Định, có 2 chi nhánh tại huyện Vĩnh Cửu, Đồng Nai và Quận 2, TP. Hồ Chí Minh. Hàng ngày, bệnh nhân đi làm ở cả 2 chi nhánh công ty, ngoài ra tới một số nơi như quán ăn (TP. Biên Hoà, Đồng Nai), quán cà phê, trung tâm thương mại Vincom Quận 2 và không sử dụng khẩu trang.  Ngày ...14/3/2020, bệnh nhân có đến quán Bar Buddha. Ngày 22/3/2020, bệnh nhân được chuyển cách ly tại Quận 9, lấy mẫu xét nghiệm với tình trạng sức khoẻ ổn, chưa ghi nhận triệu chứng bệnh. Viện Pasteur TP. Hồ Chí Minh kết luận mẫu bệnh phẩm dương tính với virus SARS-CoV-2. Hiện bệnh nhân được chuyển cách ly theo dõi và điều trị tại Bệnh viện Dã chiến Củ Chi. CA BỆNH 125 (BN125): Bệnh nhân nữ, quốc tịch Nam Phi, 22 tuổi, trú tại Quận 7, TPHCM. Nghề nghiệp - chuyên gia. Sau khi nghe thông báo của ngành y tế TP. Hồ Chí Minh về việc tìm kiếm người có liên quan đến quán Bar Buddha - Quận 2 (nơi đến của các ca bệnh số 91, 97, 98), ngày 22/3/2020, bệnh nhân tới Trung tâm y tế Quận 7 khai báo đã từng đến quán Bar trên từ 21h30 ngày 14/3/2020 đến 03h00 ngày 15/3/2020 và sau đó được cách ly, lấy mẫu, với tình trạng sức khỏe ổn định, chưa ghi nhận triệu chứng bệnh. Bệnh nhân ở nhà trong thời gian từ 15/3/2020 đến khi được cách ly.  Viện Pasteur TP. Hồ Chí Minh xét nghiệm và kết luận mẫu bệnh phẩm dương tính với virus SARS-CoV-2. Hiện bệnh nhân đang được cách ly tại khu cách ly điều trị huyện Cần Giờ. CA BỆNH 126 (BN126): Bệnh nhân nam, quốc tịch Nam Phi, 28 tuổi, trú tại Quận 7, TP Hồ Chí Minh. Nghề nghiệp - Giáo viên. Bệnh nhân là bạn với BN125. Ngày 22/3/2020, sau khi nghe thông báo của ngành y tế TP. Hồ Chí Minh, bệnh nhân đến Trung tâm y tế Quận 7 khai báo đã từng đến quán Bar trên từ 21h30 ngày 14/3/2020 đến 03h00 ngày 15/3/2020 và sau đó được cách ly, lấy mẫu, với tình trạng sức khỏe ổn định, chưa ghi nhận triệu chứng bệnh. Trong thời gian từ 15/3/2020 đến khi cách ly, bệnh nhân có hai lần tới nhà BN125.  Viện Pasteur TP. Hồ Chí Minh xét nghiệm và kết luận mẫu bệnh phẩm dương tính với virus SARS-CoV-2. Hiện bệnh nhân đang được cách ly tại khu cách ly điều trị huyện Cần Giờ. CA BỆNH 127 (BN127): Bệnh nhân nam, quốc tịch Việt Nam, dân tộc Kinh, 23 tuổi, trú tại Quận Tân Phú, TP. Hồ Chí Minh. Nghề nghiệp - nhân viên phục vụ bàn (theo ca 21h00 - 04h00) tại quán Bar Buddha - Quận 2.  Ngày 16/3/2020, bệnh nhân khởi bệnh với triệu chứng sốt, đi khám tại phòng khám BS.Trần Hồng Đào - Quận Tân Phú, TP. Hồ Chí Minh, được cho thuốc uống và hết sốt đến nay. Ngày 17-20/3/2020, bệnh nhân ở nhà, không đi làm và có đi một số quán ăn uống. Ngày 21/3/2020, bệnh nhân tới khai báo tại trạm y tế về tình trạng tiếp xúc ở quán Bar Buddha và được hướng dẫn tự cách ly tại nhà. Ngày 22/3/2020, bệnh nhân được chuyển cách ly tập trung quận Tân Phú, lấy mẫu xét nghiệm và không ghi nhận lại triệu chứng bệnh. Viện Pasteur TP. Hồ Chí Minh xét nghiệm và kết luận mẫu bệnh phẩm dương tính với virus SARS-CoV-2. Hiện bệnh nhân được chuyển Bệnh viện Dã chiến Củ Chi theo dõi và cách ly. CA BỆNH 128 (BN128): Bệnh nhân nam, 20 tuổi, địa chỉ ở Lê Chân, TP. Hải Phòng. Bệnh nhân là du học sinh tại Anh, nhập cảnh về Nội Bài ngày 20/03/2020 trên chuyến bay VN0054. Sau khi nhập cảnh, bệnh nhân đã được Trung tâm Kiểm soát bệnh tật Hà Nội sàng lọc và lấy mẫu bệnh phẩm xét nghiệm ngày 22/03/2020. Kết quả sàng lọc của bệnh nhân là dương tính với SARS-CoV-2.  Ngày 23/3/2020, mẫu bệnh phẩm đã được gửi sang Viện Vệ sinh Dịch tễ Trung ương xét nghiệm, hôm nay cho kết quả dương tính với SARS-CoV-2.  Hiện tại, bệnh nhân đang được cách ly tại Bệnh viện Bệnh nhiệt đới Trung ương cơ sở Đông Anh, tình trạng sức khoẻ ổn định. CA BỆNH 129 (BN129): Bệnh nhân nam, 20 tuổi, địa chỉ ở Nghĩa Tân, Hà Nội. Bệnh nhân là du học sinh tại Anh, nhập cảnh về Nội Bài ngày 20/03/2020 trên chuyến bay VN0054. Sau khi nhập cảnh, bệnh nhân đã được Trung tâm Kiểm soát bệnh tật Hà Nội sàng lọc và lấy mẫu bệnh phẩm xét nghiệm ngày 22/03/2020.  Kết quả sàng lọc của bệnh nhân là dương tính với SARS-CoV-2. Ngày 23/3/2020, mẫu bệnh phẩm đã được gửi sang Viện Vệ sinh Dịch tễ Trung ương, hôm nay cho kết quả khẳng định với SARS-CoV-2.  Hiện tại, bệnh nhân đang được cách ly tại Bệnh viện Bệnh nhiệt đới Trung ương cơ sở Đông Anh, tình trạng sức khoẻ ổn định. CA BỆNH 130 (BN130): Bệnh nhân nam, 30 tuổi, địa chỉ ở Quận Bình Chánh, TP. Hồ Chí Minh. Bệnh nhân là du khách từ Tây Ban Nha, quá cảnh tại Nga và nhập cảnh về Nội Bài ngày 22/03/2020 trên chuyến bay SU290. Sau khi nhập cảnh, bệnh nhân đã được đưa về khu cách ly của tỉnh Bắc Giang và lấy mẫu làm xét nghiệm.  Ngày 23/3/2020, mẫu bệnh phẩm đã được gửi sang Viện Vệ sinh Dịch tễ Trung ương, đến nay cho kết quả khẳng định với SARS-CoV-2.  Hiện tại, bệnh nhân đang được cách ly tại Bệnh viện Bệnh nhiệt đới Trung ương cơ sở Đông Anh, tình trạng sức khoẻ ổn định. CA BỆNH 131 (BN131): Bệnh nhân nam, 23 tuổi, địa chỉ ở Quận Bình Chánh, TP. Hồ Chí Minh. Bệnh nhân là du khách từ Tây Ban Nha, quá cảnh tại Nga và nhập cảnh về Nội Bài ngày 22/03/2020 trên chuyến bay SU290. Sau khi nhập cảnh, bệnh nhân đã được đưa về khu cách ly của tỉnh Bắc Giang và lấy mẫu làm xét nghiệm. Ngày 23/3/2020, mẫu bệnh phẩm đã được gửi sang Viện Vệ sinh Dịch tễ Trung ương xét nghiệm và cho kết quả dương tính với SARS-CoV-2.  Hiện tại, bệnh nhân đang được cách ly tại Bệnh viện Bệnh nhiệt đới Trung ương cơ sở Đông Anh, tình trạng sức khoẻ ổn định. CA BỆNH 132 (BN132): Bệnh nhân nữ, 25 tuổi, địa chỉ ở Quận Long Biên, Hà Nội. Bệnh nhân là du khách từ Tây Ban Nha, quá cảnh tại Nga và nhập cảnh về Nội Bài ngày 22/03/2020 trên chuyến bay SU290. Sau khi nhập cảnh, bệnh nhân đã được đưa về khu cách ly của tỉnh Bắc Giang và lấy mẫu làm xét nghiệm.  Ngày 23/032020, mẫu bệnh phẩm đã được gửi sang Viện Vệ sinh Dịch tễ Trung ương xét nghiệm và cho kết quả khẳng định với SARS-CoV-2.  Hiện tại, bệnh nhân đang được cách ly tại Bệnh viện Bệnh nhiệt đới Trung ương cơ sở Đông Anh, tình trạng sức khoẻ ổn định. Xem thêm",1585058182.0,34000,3500,4000,0
367,-7553647639326960640,"THỰC HIỆN CÁCH LY TOÀN XÃ HỘI 15 NGÀY  Hôm nay (31/3), Thủ tướng ban hành Chỉ thị số 16 về thực hiện các biện pháp cấp bách phòng, chống dịch Covid-19. Theo chỉ thị, thực hiện cách ly toàn xã hội trong vòng 15 ngày kể từ 0 giờ ngày 1/4/2020 trên phạm vi toàn quốc theo nguyên tắc gia đình cách ly với gia đình, thôn bản cách ly với thôn bản, xã cách ly với xã, huyện cách ly với huyện, tỉnh cách ly với tỉnh, phân xưởng, nhà máy sản xuất phải bảo đảm khoảng cách an toàn, đeo khẩu... trang, thực hiện khử trùng, diệt khuẩn theo quy định. Yêu cầu mọi người dân ở tại nhà, chỉ ra ngoài trong trường hợp thật sự cần thiết như mua lương thực, thực phẩm, thuốc men, cấp cứu, làm việc tại nhà máy, cơ sở sản xuất, cơ sở kinh doanh dịch vụ, hàng hóa thiết yếu không bị đóng cửa.  Thực hiện nghiêm việc giữ khoảng cách tối thiểu 2m khi giao tiếp; không tập trung quá 2 người ngoài phạm vi công sở, trường học, bệnh viện và tại nơi công cộng. Xem thêm",1585631535.0,6800,959,3700,0
368,5494116179896058880,"Bắt đầu từ ngày mai (13/2/2020), tỉnh Vĩnh Phúc sẽ tiến hành cách ly khu vực có dịch ở xã Sơn Lôi, xã có nhiều ca nhiễm nhất trên địa bàn huyện Bình Xuyên; đồng thời lập 8 chốt để khoanh vùng, cách ly khu vực có dịch trên địa bàn huyện để ngăn chặn sự lây lan của virus Corona. Đối tượng cách ly là toàn bộ nhân dân, công nhân, người thuê trọ trên địa bàn xã. #VTV3 #Coronavirus #SonLoi #BinhXuyen #VinhPhuc #Cachly #nCoV",,13000,1000,6000,0
369,-7845741394264275968,"📌THÔNG TIN CA BỆNH TỪ 142 ĐẾN 148  Trong 24 giờ qua, Việt Nam ghi nhận thêm 14 trường hợp mắc mới, nâng tổng số ca mắc COVID-19 của Việt Nam lên 148. Trong số 14 ca mắc mới, có 10 ca được cách ly ngay sau khi nhập cảnh và 01 ca là thầy thuốc bị lây bệnh từ bệnh nhân đang được điều trị cách ly (11 ca này không có nguy cơ lây lan ra cộng đồng); 03 ca có thời gian sống trong cộng đồng. CA BỆNH 142 (BN142): Bệnh nhân nam, 26 tuổi, địa chỉ:  huyện Bình Chánh, TP.Hồ Chí Minh, là du... học sinh tại Hoa Kỳ. Ngày 08/3/2020 bệnh nhân khởi hành từ Texas (Mỹ), quá cảnh tại Đài Loan, sau đó đáp chuyến bay của Hãng hàng không Eva Air số  hiệu BR395, số ghế 38A và nhập cảnh Việt Nam ngày 10/3/2020 tại Cảng Hàng không Quốc tế Tân Sơn Nhất. Sau khi nhập cảnh, bệnh nhân đã đến thăm người nhà tại Bệnh viện Bình Dân,  Lãnh sự quán Hoa Kỳ và cũng đã tiếp xúc một số cán bộ làm công tác khai báo tạm trú tại xã Tân Túc, huyện Bình Chánh. Ngày 23/3/2020 bệnh nhân đã được lấy mẫu bệnh phẩm và hiện đang cách ly, điều trị tại Bệnh viện dã chiến Cần Giờ. CA BỆNH 143 (BN143): Bệnh nhân nữ, 58 tuổi, quốc tịch Nam Phi, địa chỉ: phường Tân Sơn Nhì, quận Tân Phú, TP. Hồ Chí Minh. Bệnh nhân khởi hành từ Seattle (Washington, Hoa Kỳ), quá cảnh tại Đài Loan, sau đó đáp chuyến bay Hãng hàng không Eva Air số hiệu BR395, số ghế 48A,  nhập cảnh Việt Nam ngày 21/3/2020 tại Cảng Hàng không quốc tế Tân Sơn Nhất. Sau khi nhập cảnh, bệnh nhân được cách ly tập trung tại ký túc xá Đại học quốc gia TP.Hồ Chí Minh. Bệnh nhân đã tiếp xúc với người thân xác định mắc bệnh COVID-19 trước khi về Việt Nam. Ngày 22/3/2020 bệnh nhân có sốt, ho, khó thở, được chuyển đến cách ly và điều trị tại Bệnh viện dã chiến Củ Chi. Hiện bệnh nhân đã giảm sốt, còn ho ít. CA BỆNH 144 (BN144): Bệnh nhân nam, quốc tịch Việt Nam, 22 tuổi, trú tại Phường 14, quận Phú Nhuận, TP. Hồ Chí Minh. Bệnh nhân từ Anh về Việt Nam trên chuyến bay của Vietnam Airlines VN0050, số ghế 24D, ngày 22/3/2020. Từ khi nhập cảnh đến nay bệnh nhân không có triệu chứng, sức khoẻ ổn định, đang được cách ly tại khu cách ly tập trung tỉnh Trà Vinh. CA BỆNH 145 (BN145): Bệnh nhân nam, quốc tịch Việt Nam, 34 tuổi, trú tại phường Sơn Kỳ, quận Tân Phú, TP. Hồ Chí Minh. Nghề nghiệp là thợ làm móng. Bệnh nhân đáp chuyến bay VN0050 của Hãng hàng không VietnamAirlines, số ghế 28A, về tới sân bay Cần Thơ ngày 22/3/2020. Khi nhập cảnh, bệnh nhân chưa có dấu hiệu triệu chứng bệnh và được chuyển đến khu cách ly tập trung tại trường Quân sự địa phương - TP. Cần Thơ. Tại điểm cách ly tập trung phát hiện bệnh nhân có ho nên chuyển Bệnh viện Lao và bệnh viện phổi cách ly, điều trị, lấy mẫu. Hiện bệnh nhân còn ho. CA BỆNH 146 (BN146): Bệnh nhân nữ, 17 tuổi, địa chỉ ở: Xã Nghi Thiết, huyện Nghi Lộc, tỉnh Nghệ An. Bệnh nhân đi từ Thái Lan về ngày 20/03/2020, trước đó có tiếp xúc gần với ca dương tính xác định tại Đà Nẵng. Sau khi nhập cảnh, bệnh nhân đã được Trung tâm Kiểm soát bệnh tật tỉnh Hà Tĩnh đưa về khu cách ly của tỉnh và lấy mẫu làm xét nghiệm. Hiện tại, bệnh nhân đang được cách ly tại Bệnh viện Đa khoa Cầu Treo tỉnh Hà Tĩnh, tình trạng sức khoẻ ổn định. CA BỆNH 147 (BN147): Bệnh nhân nam, 19 tuổi, địa chỉ ở: Yên Hoà, Cầu Giấy, Hà Nội. Bệnh nhân là du học sinh từ Anh, đáp chuyến bay VN0054 của Vietnam Airlines về Nội Bài ngày 21/03/2020. Sau khi nhập cảnh, bệnh nhân đã được đưa về khu cách ly của Hà Nội và lấy mẫu làm xét nghiệm sàng lọc và cho kết quả dương tính với COVID-19. Hiện tại, bệnh nhân đang được cách ly tại Bệnh viện Bệnh Nhiệt đới Trung ương cơ sở Đông Anh, tình trạng sức khoẻ ổn định. CA BỆNH 148 (BN148): Bệnh nhân nam, 58 tuổi, quốc tịch Pháp, địa chỉ: Ô Chợ Dừa, Đống Đa, Hà Nội. Bệnh nhân là du khách từ Pháp đến Việt Nam ngày 12/03/2020 trên chuyến bay VN0018. Từ 12/03-19/03, bệnh nhân có đi đến nhiều điểm ở Hà Nội. Ngày 19/03/2020, bệnh nhân được Trung tâm Y tế Đống Đa lấy mẫu xét nghiệm, sau đó bệnh nhân tự cách ly tại nhà. Ngày 24/03/2020, bệnh nhân có kết quả dương tính với COVID-19, sau đó bệnh nhân được đưa vào cách ly tại Bệnh viện Bệnh Nhiệt đới Trung ương cơ sở Đông Anh. Hiện tại, bệnh nhân đang được cách ly tại Bệnh viện Bệnh Nhiệt đới Trung ương cơ sở Đông Anh, tình trạng sức khoẻ ổn định. Bộ Y tế khuyến cáo: 1. Người dân không ra đường, nếu không có việc thực sự cần thiết. Những người trên 60 tuổi cần ở nhà toàn bộ thời gian. 2. Thông báo cho chính quyền và công an sở tại về những người nhập cảnh vào Việt Nam (kể cả công dân Việt Nam và nước ngoài) từ 8/3/2020 đến nay không thực hiện cách ly. 3. Các địa phương chấp hành nghiêm quy định tạm thời dừng hoạt động tại các điểm vui chơi, giải trí; xử phạt nghiêm khắc đối với những trường hợp vi phạm. Xem thêm",1585179608.0,37000,1300,3600,0
370,-428699286554351616,"Việc buôn bán ở chợ tại Sài Gòn trong mùa dịch virus corona từ Trung Quốc lây lan sang dường như có phần trầm lắng, ế ẩm. Đã bước qua rằm tháng Giêng vậy mà hoạt động ở nhiều chợ khá quạnh hiu, nhiều quầy sạp đóng cửa. Theo lời bà Vân, người dân không mấy quan tâm chuyện về đồn đoán cần trữ hàng hóa mùa dịch. Xem thêm: https://www.voatiengviet.com/a/dich-corona-co…/5278509.html…",,5500,132,2200,0
371,7166379080937963520,"“GHEN CÔ VY” và VŨ ĐIỆU RỬA TAY  "" Ghen cô vy”, một ca khúc cổ động phòng chống dịch Covid – 19 đang là một hiện tượng trên mạng xã hội. Sau khi ca khúc ""Ghen cô vy"" cùng điệu nhảy Vũ điệu rửa tay của Việt Nam được John Oliver giới thiệu trong chương trình “Tuần trước, Tối nay cùng John Oliver” trên kênh truyền hình HBO của Mỹ, nhiều người trên thế giới bắt đầu truy tìm đến video gốc để xem, và  tạo nên hiệu ứng rất vui tươi vừa hiệu quả truyền thông, giúp mọi người có thêm kiến thức phòng chống dịch Covid – 19.",,14000,288,3000,0
372,-4598421287642213888,"COVID-19 đang tạo nên một tình huống chưa từng có từ nhiều năm trở lại đây, đến mức mà Tổng thống Pháp gọi là ""như thời chiến"": hàng loạt quốc gia tuyên bố đóng cửa để ngăn chặn sự lây lan của dịch bệnh này. Rất rất nhiều người tìm cách hồi hương, nhưng trước đó, chờ đợi họ là hàng chục tiếng đứng chờ ở biên giới hoặc nhiều giờ trên máy bay.",,10000,342,2900,0
373,-3017444605791334912,"VIỆT NAM LÀ NƯỚC DUY NHẤT LÀM ĐƯỢC MÀ CÁC NƯỚC KHÁC THÌ KHÔNG Cả 3 tháng nay, ở mỗi góc phố, thôn quê, mỗi căn nhà, mỗi xóm nhỏ... các chính trị gia, các nhà khoa học, các em học sinh của đất nước Việt Nam đến các nước ở Châu Á, Châu Âu, Châu Mĩ đều lo lắng, phòng ngừa Covid-19. Tuy nhiên, ở đất nước Việt Nam nhỏ bé có những điều thật kỳ diệu, khó nơi nào có được, đất nước đã tiên phong trong phòng chống dịch nCovid-19 với nhiều cách làm độc đáo, sáng tạo. Chẳng khác gì chiến... thắng Điện Biên Phủ năm 1954 chấn động địa cầu, tạo ra làn sóng đấu tranh giành độc lập của các nước thuộc địa trên toàn thế giới. Là người còn trẻ, quan sát những ngày qua, tôi thấy Việt Nam có quá nhiều điều tiên phong, đi đầu đáng để tự hào, mà giờ đây nhiều nước phải học tập, đó là: 1. Việt Nam là nước duy nhất trên thế giới đưa chuyên cơ sang tâm điểm của dịch bệnh Covid-19 về nước. Trong khi các nước lớn thờ ơ, ngó lơ người dân của ho. 2. Việt Nam là nước duy nhất hỗ trợ 100% chi phí khám, chữa bệnh, ăn uống, sinh hoạt... cho người bệnh và người bị cách ly tập trung. 3. Việt Nam là nước duy nhất trên thế giới có phác đồ điều trị sớm và hiệu quả cho các bệnh nhân bị nhiễm bệnh. 4. Việt Nam là nước duy nhất trên thế giới điều trị khỏi cho 100% bệnh nhân. 16/16 người đã ra viện, gồm cả người già và trẻ sơ sinh. 5. Việt Nam là nước duy nhất trên thế giới mà người dân tin vào Chính phủ, họ không hoang mang, hoảng loạn như Trung Quốc, Nhật Bản, Hàn Quốc, châu Âu, Mĩ. 6. Việt Nam là nước mà khẩu trang khan hiếm không có bán ở các cửa hàng thuốc, nhưng lại có khẩu trang miễn phí phát cho người dân. 7. Việt Nam là nước duy nhất có Quân đội đã cho những người lính vào rừng chịu sương gió, để người dân thuộc diện cách ly được ở những nơi khang trang, chu đáo nhất. 8. Việt Nam duy nhất là nước đã dập dịch thành công mà hơn 10 ngày nay không có ca nhiễm mới. 9. Nhiều chủ trương, chính sách được ban hành khẩn cấp, kịp thời hợp lòng dân như: Cho học sinh, sinh viên nghỉ học, thành lập nhiều bệnh viện dã chiến trên toàn quốc, cách ly 14 ngày với tất cả những người từ vùng dịch nhập cảnh vào Việt Nam... Và điều cuối cùng, Việt Nam đã bị nhiều kẻ ganh tị khi phòng chống dịch thành công. Nhiều kẻ sống ký gửi bằng đồng Đô la, cơ hội chính trị luôn mồm gào thét, nói xấu cách làm của Chính phủ, chúng ăn không nói có, ngậm máu phun người, chúng bán rẻ cả mạng sống của người Việt khi cầu mong cho Việt Nam như Vũ Hán, chúng tung tin đồn nhảm có nhiều người chết, nhiều bác sĩ bị nhiễm bệnh nCovid-19, chúng muốn gây mất ANTT để vụ lợi cá nhân. Nhưng hơn ai hết, người dân Việt Nam hiểu chính phủ của họ, họ có lòng yêu nước chân chính, họ biết phân biệt trắng đen, họ đoàn kết, chia sẻ và quyết tâm vì một nước Việt Nam giàu mạnh./. St Xem thêm",1582648125.0,4500,1300,3100,0
374,167270023309151904,"THÊM 2 NGƯỜI DƯƠNG TÍNH VỚI SARS-COV-2 NGUY CƠ GIEO RẮC TỚI CÁC TỈNH. Theo Chủ tịch UBND TP.Hà Nội Nguyễn Đức Chung, hiện đã phát hiện thêm ít nhất 2 người liên quan đến Khoa Thần kinh Bệnh viện Bạch Mai, dương tính với SARS-CoV-2 (gây bệnh Covid-19). “Khả năng lây nhiễm Covid-19 hiện nay đang rất, rất lớn; không loại trừ những ngày tới sẽ có thêm nguồn lây nhiễm phát hiện ở cộng đồng, phát hiện ở Bệnh viện Bạch Mai”, Chủ tịch UBND TP.Hà Nội Nguyễn Đức Chung cảnh báo trong ph...iên họp Ban Chỉ đạo phòng, chống dịch Covid-19 TP.Hà Nội chiều nay, 25.3. Theo ông Chung, Bệnh viện Bạch Mai đang là một điểm nguy cơ mà truyền thông cần phải cảnh báo để người dân được biết và đề phòng. So với kinh nghiệm trên thế giới, hiện trên địa bàn thành phố hoàn toàn có đủ các yếu tố để có thể phát sinh ổ dịch: có sinh hoạt tôn giáo; quán bar, quán cà phê; hội thảo, hội nghị, bệnh viện, viện dưỡng lão… ""Đặc biệt, tôi muốn nhấn mạnh việc lây nhiễm tại Bệnh viện Bạch Mai có cả 2 yếu tố: yếu tố đông người và yếu tố bệnh nhân nặng nằm ở đây”, ông Chung nói. Theo Chủ tịch UBND TP.Hà Nội, sau khi phát hiện bệnh nhân thứ 86 và 87 là 2 điều dưỡng của Bệnh viện Bạch Mai, tại đây đã phát sinh thêm 1 trường hợp mới được kết luận là bệnh nhân thứ 133 - dù chưa biết nguồn lây nhiễm từ đâu, nhưng đã vào điều trị tại Khoa Thần kinh Bệnh viện Bạch Mai. Đến nay, Bệnh viện Bạch Mai đã đồng loạt lấy mẫu bệnh nhân và nhân viên y tế của Khoa Thần kinh, Khoa Tim mạch, Bệnh viện Nhiệt đới để xét nghiệm. Tuy hơn 150 trường hợp y, bác sĩ ở Viện Tim mạch đã cho kết quả xét nghiệm ban đầu âm tính, nhưng trong số các bệnh nhân ở Khoa Thần kinh đã phát hiện 1 bệnh nhân 88 tuổi ở huyện Văn Lâm, tỉnh Hưng Yên, dương tính với SARS-CoV-2. Bệnh nhân này nằm cùng phòng với bệnh nhân Covid-19 thứ 133. Ngoài ra, 1 người khác là con dâu của bệnh nhân này ở Thượng Thanh, quận Long Biên, Hà Nội đến thăm, cũng đã dương tính với SARS-CoV-2. “Riêng Bệnh viện Bạch Mai đã có 5 trường hợp dương tính. Bệnh viện này có đầy đủ yếu tố: dưỡng lão, bệnh nhân nặng, đông người qua lại… có nguy cơ cao trở thành ổ dịch. Tôi đã trao đổi với Giám đốc bệnh viện, nếu trước kia, mỗi ngày bệnh viện có 6.000 - 8.000 người qua lại, thì những ngày qua đã giảm 50%. Điều này nghĩa là vẫn còn 3.000 - 3.500 người qua lại bệnh viện. Cần thông tin rộng rãi các trường hợp này để người dân cảnh giác”, ông Chung nói. Thêm 11 ca mới, Việt Nam có 134 bệnh nhân nhiễm virus corona Được biết, hiện Hà Nội đã phối hợp chặt chẽ với Bệnh viện Bạch Mai phân chia công việc rõ ràng. Toàn bộ việc lấy mẫu, cách ly ở bên trong bệnh viện do Bạch Mai chủ trì; còn lấy mẫu, xác minh xét nghiệm ở bên ngoài do các quận, huyện thực hiện. Chúng ta cũng đã tìm ra rất nhiều F1, F2 và cách ly tại nhà. “Ổ bệnh này có thể gieo rắc đến các tỉnh”, ông Chung cảnh báo, bởi hiện nay đã có bệnh nhân ở Lai Châu, Hưng Yên dương tính, và không loại trừ khả năng gieo rắc đến các tỉnh lân cận khác, vì ở đây có rất nhiều bệnh nhân ngoại tỉnh ra vào. Do đó, ông Chung đề nghị phải hết sức cảnh giác, nghiêm túc trong thực hiện các biện pháp phòng dịch liên quan đến Bệnh viện Bạch Mai. Nguồn: thanhnien https://thanhnien.vn/…/them-2-nguoi-duong-tinh-sars-cov-2-t… Xem thêm",1585149980.0,2700,1000,2600,0
375,-7845741394264275968,"THÔNG BÁO VỀ CA NHIỄM COVID- 19  Theo thông tin từ Viện Pasteur Nha Trang, bệnh nhân nam, 58 tuổi,  quốc tịch Anh, là hành khách đi trên chuyến bay VN0054,  lưu trú tại thành phố Hội An, tỉnh Quảng Nam, được xác định là bệnh nhân thứ 33 (BN33) mắc COVID-19 ở Việt Nam. Mẫu bệnh phẩm của bệnh nhân được Trung tâm Kiểm soát bệnh tật Quảng Nam gửi xét nghiệm, đã có kết quả dương tính với SARS-CoV-2.",1583828202.0,27000,1500,2100,0
376,7050444021058475008,"CA MẮC COVID-19 THỨ 18 TẠI VIỆT NAM Bộ Y tế vừa công bố thêm một trường hợp dương tính với covid 19. Đây là ca bệnh thứ 18 trên cả nước tính đến thời điểm này. Bệnh nhân là nam giới, sinh năm 1993, quê ở Thái Bình. Trước đó có ở khu vực thành phố Daegu, Hàn Quốc. Ngày 29/2 bệnh nhân bắt đầu xuất hiện ho khan, rát họng, không sốt. Bệnh nhân không uống thuốc, chỉ tự theo dõi mà không đi ra ngoài cho đến khi xuất cảnh về Việt Nam.... Sáng 4/3, bệnh nhân cùng em gái từ Hàn Quốc về Việt Nam, hạ cánh tại sân bay Vân Đồn trên chuyến bay VJ981. Sau khi làm thủ tục nhập cảnh, bệnh nhân được đưa về khu cách ly tập trung của trường Quân sự, Quân đoàn 1, tổ 19 phường Tân Bình, thành phố Tam Điệp, tỉnh Ninh Bình. Và được chuyển vào khu cách ly dành cho người có nguy cơ cao. Trưa nay (7/3), bệnh nhân được chuyển đến khu cách ly khoa truyền nhiễm, bệnh viện đa khoa tỉnh Ninh Bình để theo dõi và điều trị. Xem thêm",1583569915.0,50000,4200,5900,0
377,-5005199604534146048,"Cảm ơn cuộc đời vì những điều tử tế...

🛑 Người trong ảnh là Hà! Bé trong video bị quay lén với đôi mắt buồn hiu, lặng mình giữa biển người khi nghe tiếng chị gái phát từ cái loa ở cây ATM gạo: ""Mời em áo đen ra ngoài.""
Họ tưởng em giàu có mà vẫn đến giành gạo của người khó khăn, vì em mặc áo sơmi đen có phần tươm tất.

Khi giọng nói đó phát ra, tất cả mọi người cùng cùng hướng ánh mắt ""khinh bỉ"" vào em...

Còn em thì không biết nói gì, không hiểu vì sao mình bị mời ra ngoài, trong khi đây là cây ATM gạo từ thiện, ai cũng có thể lấy 1 phần, và đa số rất nhiều gạo trong đây đều đến từ các nhà hảo tâm gửi đến với tinh thần thiện nguyện: ""Giữa những ngày dịch ai cũng khó khăn, nên cho đi mà không cần nhận lại, nên cho đi mà đừng toan tính thiệt hơn."" - bạn của Vũ, một người đã góp hơn 500kg gạo vào cây ATM này bộc bạch.

Em lặng mình để lại túi nilon rỗng đúng vị trí ban đầu, rồi rời đi. Nghiệt ngã thay, ống kính của camera vẫn chĩa về hướng em, như 1 tội đồ, kèm theo đó là giọng nói mỉa mai: "" Sau khi cố gắng nhưng không nhận được gạo, thanh niên tiến đến xe máy ra về ...""

🛑Nhưng cuộc đời còn nhiều lắm yêu thương, đó là câu chuyện buồn của thì quá khứ.

Hôm qua, Hà nhận được nhiều sự giúp đỡ của những tấm lòng hảo tâm, từ nhiều mạnh thường quân tốt bụng. Giờ em ăn cả tháng cũng không hết vì quá nhiều quà từ mọi người. Em cũng từ chối thêm rất nhiều sự giúp đỡ khác và xin nhường lại những cho những hoàn cảnh khó khăn hơn em.

Cũng xin cảm cô gái đã mời em ra khỏi cây ATM gạo, cảm ơn người quay phim. Để từ đó, con người hiểu rằng, ngoài sự xấu xa nhỏ nhen, cuộc đời còn nhiều điều tuyệt vời hơn thế!

🛑 Lời kết, hãy soi vào lương tri của các bạn bằng một ngọn nến, dù ngọn nến đó chóng tắt nhưng bạn có thể làm được 2 việc: xoá đi sự tối tăm trong lương tri mình và dùng ánh sáng yếu ớt đó để sưởi ấm cái lương tri đang bị nguội lạnh ấy của bạn. Vậy đi, thưa các anh các chị muốn trở thành người nổi tiếng trên mạng xã hội ạ cùng những quan toà vô hình đang nhân danh đủ kiểu trong cuộc sống này!

Cảm ơn những nhà hảo tâm! Tinh thần yêu thương thật sự tuyệt vời và ấm lòng người.

Hình ảnh em tại nhà ngày hôm qua, với rất nhiều yêu thương từ các nhà hảo tâm từ cộng đồng Facebook chia sẻ.

Tôi xin che mắt em, giữ lại nụ cười luôn nở trên môi, mong em bình an và thành công trong cuộc sống.

Yêu thương ❤ Chia sẻ ❤ Lan tỏa ❤

FB: Hoàng Nguyên Vũ",1587729574.0,3,0,,0
378,-7845741394264275968,"📌 CA MẮC COVID-19 THỨ 18 TẠI VIỆT NAM  Bộ Y tế vừa công bố thêm một trường hợp dương tính với covid 19. Đây là ca bệnh thứ 18 trên cả nước tính đến thời điểm này. Bệnh nhân là nam giới, sinh năm 1993, quê ở Thái Bình. Trước đó có ở khu vực thành phố Daegu, Hàn Quốc. Ngày 29/2 bệnh nhân bắt đầu xuất hiện ho khan, rát họng, không sốt. Bệnh nhân không uống thuốc, chỉ tự theo dõi mà không đi ra ngoài cho đến khi xuất cảnh về Việt Nam.... Sáng 4/3, bệnh nhân cùng em gái từ Hàn Quốc về Việt Nam, hạ cánh tại sân bay Vân Đồn trên chuyến bay VJ981.  Sau khi làm thủ tục nhập cảnh, bệnh nhân được đưa về khu cách ly tập trung của trường Quân sự, Quân đoàn 1, tổ 19 phường Tân Bình, thành phố Tam Điệp, tỉnh Ninh Bình. Và được chuyển vào khu cách ly dành cho người có nguy cơ cao. Trưa nay (7/3), bệnh nhân được chuyển đến khu cách ly khoa truyền nhiễm, bệnh viện đa khoa tỉnh Ninh Bình để theo dõi và điều trị. ➡️ Trường hợp bệnh nhân thứ 18 này được theo dõi sát sao, cách ly nghiêm ngặt. Vì vậy không có lý do để lo lắng. Xem thêm",1583569118.0,54000,6200,10000,0
379,-7845741394264275968,"📌Bắt đầu từ hôm nay (19/3), quý vị có thể nhắn tin ủng hộ phòng chống dịch COVID-19.  Để nhắn tin ủng hộ, quý vị soạn tin nhắn với cú pháp CV, dấu cách ""n"". Trong đó ""n"" là số lần ủng hộ. Mỗi lần là 20.000 đồng. Sau đó gửi tới số 1407. Ví dụ, nếu quý vị muốn ủng hộ 400.000 đồng, thì nhắn tin CV dấu cách 20, gửi đến 1407. Thời gian tiếp nhận ủng hộ đến hết ngày 18/6. Ảnh: Do Duc Hoang",1584578807.0,30000,482,5900,0
380,-428699286554351616,"Thành phố Vũ Hán của Trung Quốc đang có kế hoạch chuyển đổi 8 tòa nhà lớn, bao gồm trung tâm triển lãm và phòng tập thể dục, thành các bệnh viện tạm thời, truyền thông nhà nước đưa tin. Xem thêm: https://www.voatiengviet.com/a/viem-phoi-cap-…/5271866.html… Các tin khác: Người đứng đầu Tổ chức Y tế Thế giới (WHO) hôm 05/02 cho biết số ca nhiễm virus corona trong 24 giờ qua đã lên mức kỷ lục; Một tàu du lịch chở 1.800 người bị Đài Loan từ chối cho cập cảng đã tới Hong Kong hôm ...04/02, nơi tất cả mọi người trên tàu sẽ bị cách ly cho đến khi hoàn tất xét nghiệm kiểm tra virus corona; Một hành khách bị cách ly trên một chiếc tàu du lịch ở Nhật Bản hôm 5/2 cho biết mọi người trên tàu không được ra khỏi cabin phòng ngủ của họ trong vòng hai tuần tới; Hàn Quốc khử trùng một khu chợ bán thực phẩm ở Seoul hôm 05/02 trong bối cảnh lo ngại về sự bùng phát virus corona tăng cao. Xem thêm",,32000,963,11000,0
381,1513798657617392896,"Thông tin về tình hình phòng chống dịch Covid-19 trên địa bàn huyện An Phú Chiều ngày 18/3/2020 hàng chục chuyến xe cấp cứu hú còi, chạy tốc độ cao từ các cửa khẩu đến Đại đội BB5 xã Phước Hưng và Trung tâm Giáo dục nghề nghiệp - Giáo dục thường xuyên huyện An Phú. Đó là những chuyến xe chở người nhập cảnh vào Việt Nam.  Để bảo vệ sức khỏe cho nhân dân, huyện An Phú thực hiện nghiêm chỉ đạo của Thủ tướng cách ly tập trung 14 ngày đối với những người từ các nước có dịch ...để được hỗ trợ theo dõi sức khỏe, được ăn uống miễn phí..dù nơi ở buổi đầu không quen, không sang trọng, thức ăn không hợp khẩu vị..mong bà con ở trong khu cách ly thông cảm. Chúng tôi đang rất cần bà con nhân dân chung tay phòng chống dịch: cung cấp thông tin khi phát hiện người lạ, người nước ngoài đến gần nhà mình, cần lương thực, thực phẩm, khẩu trang (y tế và vải) để hỗ trợ những người đang cách ly, hạn chế dịch bệnh lây lan. Tính tới thời điểm này, huyện An Phú chưa có ca mắc. Chúng tôi sẽ cố gắng thực hiện đồng bộ các giải pháp để bảo vệ sức khỏe bà con. Vì vậy, bà con đừng hoang mang lo lắng nhé.  Ngày hôm qua đã cách ly 130 người, ngày hôm nay sẽ tiếp tục cách ly, sẽ mở thêm khu cách ly mới tại Trường THPT Lương Thế Vinh cũ. Ai không muốn xa nhà 14 ngày thì đừng qua lại biên giới trong thời gian này nhé. Ai cố tình nhập cảnh trái phép (kể cả những người qua casino, trường gà) sẽ bị xử lý nghiêm.  Chúng tôi xin thông tin đến bà con. Kính chúc bà con sức khỏe! ĐOÀN BÌNH LÂM - Phó Trưởng Ban Chỉ đạo Phòng chống dịch bệnh Covid-19 huyện An Phú Xem chi tiết tại Cổng thông tin điện tử huyện An Phú, tại đây: http://bit.ly/33tAjhx Xem thêm",1584574804.0,1000,338,2500,0
382,6570265313371844608,"THÔNG BÁO CÁC CA BỆNH - Ca thứ 77 (BN77): Nữ, 25 tuổi, địa chỉ ở Nhân Chính, Hà Nội (HN). Là du học sinh tại Anh, nhập cảnh về Nội Bài ngày 17/3/2020 trên chuyến bay QR976. Sau khi nhập cảnh, bệnh nhân đã được Trung tâm kiểm soát bệnh tật (CDC) HN sàng lọc và lấy mẫu bệnh phẩm xét nghiệm. Kết quả là dương tính với SARS-CoV-2. Tối ngày 18/3, mẫu bệnh phẩm đã được gửi sang Viện Vệ sinh Dịch tễ Trung ương (VVSDTTƯ). Bệnh nhân đang được cách ly tại Bệnh viện Bệnh Nhiệt đới Trung ...ương (BVBNĐ TƯ) cơ sở Đông Anh, tình trạng sức khoẻ ổn định. - Ca thứ 78 (BN78): Nam, 22 tuổi, địa chỉ ở Bắc Từ Liêm, HN. Là du học sinh tại Anh, nhập cảnh về Nội Bài ngày 17/3/2020 trên chuyến bay EK394. Sau khi nhập cảnh, bệnh nhân đã được CDC HN sàng lọc và lấy mẫu bệnh phẩm xét nghiệm. Kết quả là dương tính với SARS-CoV-2. Tối ngày 18/03, mẫu bệnh phẩm đã được gửi sang VVSDTTƯ. Bệnh nhân đang được cách ly tại BVBNĐ TƯ cơ sở Đông Anh, tình trạng sức khoẻ ổn định. - Ca thứ 79 (BN79): Nữ, 48 tuổi, địa chỉ ở Đông Hải, Bạc Liêu. Bệnh nhân sống tại Anh gần 2 năm nay. Ngày 14/3/2020, bệnh nhân từ London - Anh đi Dubai trên chuyến bay của hãng hàng không Emirates, số hiệu EK4, số ghế 72J và sau đó về Việt Nam (VN) ngày 15/3/2020 trên chuyến bay của hãng hàng không Emirates, số hiệu EK392, số ghế 33 Khi nhập cảnh, bệnh nhân chưa có triệu chứng bệnh, chuyển cách ly tập trung tại Quận 12. Ngày 16/3/2020, bệnh nhân có sốt, ho và được chuyển đến Bệnh viện Dã chiến Củ Chi lúc 18h00 cùng ngày. X-Quang phổi lúc nhập viện có tổn thương như mô tạng kẽ và được lấy mẫu xét nghiệm. BVBNĐ Thành phố Hồ Chí Minh (TPHCM) xét nghiệm dương tính vào khuya ngày 17/3/2020. Mẫu bệnh phẩm xét nghiệm tại Viện Pasteur TPHCM kết quả dương tính với SARS-CoV-2 vào 13h00 ngày 18/3/2020. Bệnh nhân đang được tiếp tục điều trị, cách ly tại Bệnh viện Dã chiến Củ Chi. - Ca thứ 80 (BN80): Nam, 18 tuổi, địa chỉ ở Đông Hải, Bạc Liêu, con của BN79. Bệnh nhân sống cùng mẹ tại Anh gần 2 năm nay. Ngày 14/3/2020, bệnh nhân cùng mẹ từ London - Anh đi Dubai trên chuyến bay của hãng hàng không Emirates, số hiệu EK4, số ghế 72J và sau đó về VN ngày 15/3/2020 trên chuyến bay của hãng hàng không Emirates, số hiệu EK392, số ghế 33J. Khi nhập cảnh, bệnh nhân chưa có triệu chứng bệnh, chuyển cách ly tập trung tại Quận 12 và được lấy mẫu bệnh phẩm. Mẫu bệnh phẩm xét nghiệm tại Viện Pasteur TPHCM kết quả dương tính với virus SARS-CoV-2 vào 14h00 ngày 18/3/2020. - Ca thứ 81 (BN81): Nam, 20 tuổi, địa chỉ ở Konplông, Kon Tum. Ngày 14/3/2020, bệnh nhân từ Paris - Pháp lên chuyến bay của hãng hàng không Air France, số hiệu AF258, số ghế 44L và về tới VN ngày 15/3/2020. Khi nhập cảnh, bệnh nhân chưa có triệu chứng bệnh, chuyển cách ly tập trung tại Quận 12 và được lấy mẫu bệnh phẩm. Mẫu bệnh phẩm xét nghiệm tại Viện Pasteur TPHCM kết quả dương tính với virus SARS-CoV-2 vào 01h00 ngày 19/3/2020. - Ca thứ 82 (BN82): Nữ, 16 tuổi, địa chỉ ở Quận 5, TPHCM. Ngày 14/3/2020, bệnh nhân cùng mẹ từ London - Anh đi Dubai trên chuyến bay của hãng hàng không Emirates, số hiệu EK30, số ghế 12B và sau đó về VN ngày 15/3/2020 trên chuyến bay của hãng hàng không Emirates, số hiệu EK364, số ghế 7K. Khi nhập cảnh, bệnh nhân chưa có triệu chứng bệnh, chuyển cách ly tập trung tại Quận 12 và được lấy mẫu bệnh phẩm. Mẫu bệnh phẩm xét nghiệm tại Viện Pasteur TPHCM kết quả dương tính với virus SARS-CoV-2 vào 01h00 ngày 19/3/2020. - Ca thứ 83 (BN83): Nữ, 50 tuổi, quốc tịch Hoa Kỳ, trú tại Quận Bình Thạnh, TPHCM. Trong 14 ngày trước nhập cảnh, bệnh nhân đi Phuket - Thái Lan và từ Istanbul - Thổ Nhĩ Kỳ lên chuyến bay của hãng hàng không Turkish Airline, số hiệu TK162, số ghế 14K về tới VN ngày 15/3/2020. Khi nhập cảnh, bệnh nhân không ho, không sốt, không khó thở, chuyển cách ly tập trung tại Quận 12 và được lấy mẫu bệnh phẩm. Mẫu bệnh phẩm xét nghiệm tại Viện Pasteur TPHCM kết quả dương tính với virus SARS-CoV-2 vào 01h00 ngày 19/3/2020. - Ca thứ 84 (BN84): Nam, 21 tuổi, địa chỉ ở Đống Đa, HN. Là du học sinh tại Anh, nhập cảnh về Nội Bài ngày 18/3/2020 trên chuyến bay VN0054. Sau khi nhập cảnh, bệnh nhân đã được CDC HN sàng lọc và lấy mẫu bệnh phẩm xét nghiệm. Kết quả là dương tính với SARS-CoV-2. Ngày 19/03, mẫu bệnh phẩm đã được gửi sang VVSDTTƯ. Bệnh nhân đang được cách ly tại BVBNĐ TƯ cơ sở Đông Anh, tình trạng sức khoẻ ổn định. - Ca thứ 85 (BN85): Nam, 20 tuổi, địa chỉ ở Ba Đình, HN. Là du học sinh tại Anh, nhập cảnh về Nội Bài ngày 18/03/2020 trên chuyến bay VN0054. Sau khi nhập cảnh, bệnh nhân đã được CDC HN sàng lọc và lấy mẫu bệnh phẩm xét nghiệm. Kết quả là dương tính với SARS-CoV-2. Ngày 19/3, mẫu bệnh phẩm đã được gửi sang VVSDTTƯ. Bệnh nhân đang được cách ly tại BVBNĐ TƯ cơ sở Đông Anh, tình trạng sức khoẻ ổn định. Xem thêm",1584636203.0,15000,2300,4500,0
383,-7845741394264275968,"📌THÔNG TIN CÁC CA BỆNH 50, 51, 52, 53 Chiều ngày 14/3/2020, Bộ Y tế nhận được thông tin kết quả xét nghiệm của Viện Vệ sinh dịch tễ trung ương và Viện Pasteur thành phố Hồ Chí Minh về 04 ca bệnh COVID-19, cụ thể như sau: I. THÔNG TIN CA BỆNH... 1. Bệnh nhân số 50 (BN50): Bệnh nhân, nam, 50 tuổi, địa chỉ phố Núi Trúc, Ba Đình, Hà Nội. Bệnh nhân đi công tác tại Paris và về nước ngày 09/3/2020 Ngày 11/3/2020 BN có sốt nóng, ho khan, không tức ngực khó thở.  Ngày 13/3/2020 bệnh nhân vào Bệnh viện Bệnh nhiệt đới trung ương cơ sở Đông Anh, được xét nghiệm và chẩn đoán dương tính với SARS-CoV-2. Tối ngày 13/3/2020 mẫu bệnh phẩm bệnh của nhân được gửi sang Viện Vệ sinh Dịch tễ Trung ương. Kết quả dương tính với SARS-CoV-2.  Hiện tại, bệnh nhân đang được cách ly tại Bệnh viện Bệnh nhiệt đới trung ương cơ sở Đông Anh, cơ sở Đông Anh, tình trạng sức khoẻ ổn định.. 2. Bệnh nhân số 51 (BN51):  Bệnh nhân, nữ, 22 tuổi, địa chỉ Xuân Đỉnh, Bắc Từ Liêm, Hà Nội. Bệnh nhân là du học sinh ở Châu Âu, từ ngày 23/02/2020– 12/3/2020 có đi qua nhiều nước. Ngày 12/03/2020 bệnh nhân có ho sốt và từ  ngày 11/03/2020 bệnh nhân có sốt nóng, ho khan, không tức ngực khó thở. Sáng ngày 13/03/2020 bệnh nhân bay về Nội Bài trên chuyến bay QR968 và được chở thẳng vào Bệnh viện bệnh nhiệt đới trung ương cơ sở Đông Anh, được xét nghiệm và chẩn đoán dương tính SARS-CoV-2. Tối ngày 13/03/2020 mẫu bệnh phẩm bệnh nhân được gửi sang Viện Vệ sinh Dịch tễ Trung ương. Kết quả dương tính với SARS-CoV-2.  Hiện tại, bệnh nhân đang được cách ly tại Bệnh viện Bệnh nhiệt đới trung ương cơ sở Đông Anh, tình trạng sức khoẻ ổn định. 3. Bệnh nhân số 52 (BN52) Bệnh nhân nữ, 24 tuổi, địa chỉ Khu 4B, phường Hồng Hải, Hạ Long, Quảng Ninh. Bệnh nhân là hành khách trên chuyến bay từ London về Việt Nam ngày 9/3/2020. Ngày 09/03/2020 bệnh nhân về Nội Bài và bắt taxi thẳng về nhà tại Hạ Long, sau đó bệnh nhân tự cách ly tại nhà, sau đó chuyển vào khu cách ly tập trung của tỉnh. Ngày 13/03/2020, bệnh nhân được lấy mẫu và làm xét nghiệm tại Quảng Ninh cho kết quả dương tính. Sáng ngày 14/03/2020, mẫu bệnh phẩm được gửi lên Viện Vệ sinh dịch tễ trung ương. Kết quả dương tính với SARS-CoV-2.  Hiện tại, bệnh nhân đang được cách ly tại bệnh viện dã chiến cơ sở số 2 tại tỉnh Quảng Ninh, tình trạng sức khoẻ ổn định. 4. Bệnh nhân số 53 (BN53) Ngày 13/3/2020, Bệnh viện Bệnh nhiệt đới thành phố Hồ Chí Minh tiếp nhận 01 trường hợp bị viêm phổi nghi nhiễm vi rút SARS-CoV -2. Đây là bệnh nhân nam, 53 tuổi, quốc tịch Cộng hoà Czech, tiền sử chưa ghi nhận bất thường. Trong thời gian ở Cộng hoà Czech, bệnh nhân có tiếp xúc với người Ý. Ngày 10/3/2020, bệnh nhân nhập cảnh vào Cảng hàng không quốc tế Tân Sơn Nhất trên chuyến bay QR970, quá cảnh tại sân bay Doha (Quatar). Sau khi vào Việt Nam, bệnh nhân lưu trú tại Quận 1, thành phố Hồ Chí Minh. Bệnh khởi phát bệnh vào ngày 13/3/2020 với biểu hiện ho khan, mệt mỏi. Bệnh nhân đến khám tại Bệnh viện Y học cổ truyền thành phố Hồ Chí Minh, chụp X Quang có dấu hiệu thâm nhiễm 1/3 dưới đáy phổi, được chuyển đến cách ly tại Bệnh viện Bệnh nhiệt đới thành phố Hồ Chí Minh. Tại đây, bệnh nhân được xét nghiệm dương tính SARS-CoV-2, sau đó mẫu bệnh phẩm được chuyển về Viện Pasteur thành phố Hồ Chí Minh. Kết quả xét nghiệm khẳng định dương tính với SARS-CoV-2. Xem thêm",1584176615.0,38000,6700,9800,0
384,7050444021058475008,"Bản tin Toàn cảnh phòng chống dịch COVID-19 của VTV24 trở lại với nhiều thông tin nóng:  - Phát hiện thêm 4 ca dương tính với COVID-19, 24h qua, Việt Nam đã và đang ứng phó thế nào để ngăn chặn dịch bệnh? - Còn bao nhiêu ẩn số trong cộng đồng tiềm ẩn nguy cơ lây nhiễm bệnh từ các ca nhiễm COVID-19 mới được phát hiện cần sớm được cách ly?... - Thực hư thông tin Bộ trưởng Bộ kế hoạch và Đầu tư đi cùng chuyến bay với bệnh nhân nhiễm COVID 19 và có nguy cơ lây bệnh? - Trốn tránh việc cách ly và những hành động mất bình tĩnh của một số người dân – rốt cục sẽ đẩy cả cộng đồng vào tâm bão COVID-19! Hãy cùng chúng tôi trao đổi, lên tiếng thông qua việc tương tác khi xem bản tin này, cùng với sự tham gia của các văn nghệ sĩ! ...  Cùng những thông tin cập nhật về cuộc chiến với COVID-19 trên toàn thế giới! Xem thêm",,25000,1700,4900,0
385,-3697240950723570176,Trong lúc dịnh bệnh Covid-19 đang diễn ra ngày càng phức tạp trên thế giới thì Việt Nam không được chủ quan mà phải hành động mạnh mẽ hơn và có hiệu quả hơn để bảo đảm cuộc sống bình an của nhân dân. Đây là yêu cầu của Thủ tướng Nguyễn Xuân Phúc tại cuộc họp giữa Thường trực Chính phủ với Ban Chỉ đạo phòng chống dịch và lãnh đạo các bộ và địa phương vào chiều 24/2.,,8700,532,3200,0
386,-428699286554351616,"Trong cuộc phỏng vấn đặc biệt với VOA, Giáo sư Nguyễn Văn Tuấn, chuyên gia dịch tễ học, Viện Nghiên cứu Y khoa Garvan (Úc), nhận định rằng con số bệnh nhân bị nhiễm virus corona (Covid-19) trên thực tế có thể cao hơn rất nhiều so với con số bệnh nhân nhập viện do Trung Quốc báo cáo. GS Tuấn nhận định Việt Nam đang thực hiện tốt các quy trình y tế dự phòng, nhưng “hơi mạnh tay” như việc cách ly người về từ Vũ Hán, truy tìm khách Trung Quốc, xây hàng loạt các bệnh viện dã chiến… Nhưng việc Việt Nam báo cáo chỉ có hơn chục ca bị nhiễm corona khiến dư luận hoài nghi. Ông dự báo Covid-19 có thể biến thể thành một virus khác mà buộc nhân loại phải sống chung với nó.",,15000,931,5300,0
387,-7845741394264275968,"Hôm nay (31/3), Thủ tướng ban hành Chỉ thị số 16 về thực hiện các biện pháp cấp bách phòng, chống dịch COVID-19. Cụ thể, nội dung như sau:  1. Thực hiện cách ly toàn xã hội trong vòng 15 ngày kể từ 0 giờ ngày 01 tháng 4 năm 2020 trên phạm vi toàn quốc theo nguyên tắc gia đình cách ly với gia đình, thôn bản cách ly với thôn bản, xã cách ly với xã, huyện cách ly với huyện, tỉnh cách ly với tỉnh, phân xưởng, nhà máy sản xuất phải bảo đảm khoảng cách an toàn, đeo khẩu trang, thực... hiện khử trùng, diệt khuẩn theo quy định. Yêu cầu mọi người dân ở tại nhà, chỉ ra ngoài trong trường hợp thật sự cần thiết như mua lương thực, thực phẩm, thuốc men, cấp cứu, làm việc tại nhà máy, cơ sở sản xuất, cơ sở kinh doanh dịch vụ, hàng hóa thiết yếu không bị đóng cửa, dừng hoạt động và các trường hợp khẩn cấp khác; thực hiện nghiêm việc giữ khoảng cách tối thiểu 2m khi giao tiếp; không tập trung quá 2 người ngoài phạm vi công sở, trường học, bệnh viện và tại nơi công cộng.  Thủ tướng Chính phủ yêu cầu toàn thể nhân dân tự giác chấp hành các yêu cầu, các biện pháp phòng chống dịch, tích cực tham gia khai báo y tế tự nguyện, thực hiện đầy đủ các biện pháp tự bảo vệ mình, gia đình mình và tham gia có trách nhiệm với các hoạt động phòng, chống dịch của các cơ quan chức năng và cộng đồng; người đứng đầu doanh nghiệp, cơ sở sản xuất, cơ sở kinh doanh hàng hóa, dịch vụ chịu trách nhiệm áp dụng các biện pháp phòng, chống dịch tại cơ sở mình, bảo đảm sức khỏe, an toàn cho người lao động.   2. Bộ Y tế, Bộ Công an, Ủy ban nhân dân thành phố Hà Nội, Ủy ban nhân dân thành phố Hồ Chí Minh phải thần tốc, cương quyết, dồn mọi nguồn lực và bằng mọi giải pháp xử lý triệt để các “ổ dịch” tại Bệnh viện Bạch Mai (Hà Nội), Quán bar Buddha (thành phố Hồ Chí Minh); tranh thủ từng giờ, từng phút để truy vết, áp dụng các biện pháp phù hợp đối với tất cả các trường hợp có nguy cơ, tiếp xúc với người bệnh, người qua lại “ổ dịch”; tiếp tục kêu gọi người dân đã qua lại các “ổ dịch” này khai báo y tế và yêu cầu liên hệ để được xét nghiệm. Yêu cầu Bộ Công an phối hợp với ngành y tế lập danh sách những người liên quan đến các hoạt động của Công ty Trường Sinh có nguy cơ lây nhiễm để theo dõi y tế, giám sát, cách ly, xử lý nhanh triệt để các nguồn lây dịch bệnh.   Ủy ban nhân dân các tỉnh, thành phố có liên quan phối hợp chặt chẽ với các Bộ và 2 Thành phố thực hiện tốt nhiệm vụ này. Thực hiện cách ly tại gia đình, khai báo y tế để phân loại, xét nghiệm và cách ly tập trung nếu cần thiết đối với người đã qua lại Bệnh viện Bạch Mai từ ngày 12 tháng 3 năm 2020; giao chính quyền cơ sở tổ chức giám sát chặt chẽ tại từng gia đình.  Bộ Công an và Uỷ ban nhân dân cấp tỉnh tiếp tục khẩn trương thực hiện rà soát, kiểm tra y tế, cập nhật tình hình sức khỏe của những người đã nhập cảnh từ ngày 8 tháng 3 năm 2020 nhưng chưa áp dụng cách ly; lập danh sách những người đã tiếp xúc trực tiếp, tiếp xúc gần để phân loại sàng lọc, áp dụng biện pháp cách ly phù hợp (cách ly tập trung, tại nhà, cơ sở lưu trú).   3. Các cơ quan, đơn vị nhà nước bố trí cho cán bộ, công chức, viên chức sử dụng công nghệ thông tin làm việc tại nhà; chỉ những trường hợp thật sự cần thiết như trực chiến đấu, trực cơ quan, cung ứng hàng hóa dịch vụ thiết yếu, xử lý tài liệu mật và các nhiệm vụ cần thiết khác theo yêu cầu mới đến làm việc tại công sở; tăng cường tổ chức họp trực tuyến. Người đứng đầu chịu trách nhiệm về việc cán bộ, nhân viên lây nhiễm dịch bệnh do không chấp hành nghiêm quy định phòng, chống dịch tại công sở.  4. Bộ Giao thông vận tải, Ủy ban nhân dân các tỉnh, thành phố chỉ đạo cơ bản dừng hoạt động vận chuyển hành khách công cộng. Hạn chế tối đa việc di chuyển từ địa bàn, khu vực này sang địa bàn, khu vực khác; dừng việc di chuyển từ vùng có dịch đến các địa phương khác, trừ trường hợp đặc biệt vì lý do công vụ và các trường hợp cung cấp lương thực, thực phẩm, nhu yếu phẩm cần thiết, xe đưa đón công nhân, chuyên gia của các doanh nghiệp, chuyên chở nguyên vật liệu sản xuất.  5. Giao Bộ Y tế:  a) Chỉ đạo các bệnh viện thực hiện các quy trình và quản lý chặt chẽ, tránh lây nhiễm chéo trong bệnh viện; kiểm soát chặt chẽ, yêu cầu kê khai y tế bắt buộc đối với bệnh nhân, người nhà, người chăm sóc bệnh nhân; mỗi một bệnh nhân chỉ được một người chăm sóc; dừng việc thăm bệnh nhân tại các cơ sở y tế. Có quy định chặt chẽ về tiếp nhận bệnh nhân, không để một cá nhân lây nhiễm làm ảnh hưởng đến hoạt động của toàn bộ bệnh viện.  b) Đề xuất cụ thể cơ chế, chính sách hỗ trợ doanh nghiệp trong nước sản xuất trang thiết bị, dụng cụ y tế, đặc biệt là máy thở, máy theo dõi bệnh nhân, máy truyền dịch, máy lọc máu, báo cáo Phó Thủ tướng Chính phủ Trịnh Đình Dũng chỉ đạo.  c) Báo cáo Thủ tướng Chính phủ các phương án, kịch bản và khả năng ứng cứu đối với trường hợp khẩn cấp về dịch vào chiều ngày 31 tháng 3 năm 2020.  d) Tổ chức, sắp xếp việc tiếp tục khám chữa bệnh tại Bệnh viện Bạch Mai (Hà Nội), bảo đảm an toàn cho cán bộ, nhân viên y tế và nhân dân theo đề nghị của Ban Chỉ đạo và Bộ Y tế.  đ) Xem xét, xử lý các kiến nghị của Ủy ban nhân dân thành phố Hà Nội, hỗ trợ, tạo điều kiện cho Hà Nội kiểm soát dịch bệnh trên địa bàn. 6. Bộ Y tế tổng hợp và định kỳ công bố 2 lần/ngày kết quả xét nghiêm dương tính ở các địa phương, bảo đảm chính xác. 7. Tạm thời đóng cửa các cửa khẩu chính, cửa khẩu phụ dành cho người qua lại từ 00 giờ ngày 01 tháng 4 năm 2020 trên tuyến biên giới với Lào và Campuchia. Kiểm soát chặt chẽ việc nhập cảnh qua các cửa khẩu quốc tế trên các tuyến biên giới đường bộ; tất cả người nhập cảnh từ Lào, Campuchia đều phải cách ly tập trung 14 ngày.  8. Bộ Quốc phòng chỉ đạo tổ chức, sắp xếp, mở rộng các cơ sở cách ly tập trung, tách bạch các trường hợp mới cách ly và đang cách ly, không để lây chéo; tăng cường quản lý đường mòn, lối mở trên các tuyến biên giới.  9. Bộ Công an tăng cường chỉ đạo việc bảo đảm an ninh trật tự, phòng chống tội phạm, nhất là đối với vùng nông thôn.  10. Bộ Tài chính chỉ đạo Tổng cục Hải quan xử lý các vướng mắc trong xuất khẩu khẩu trang vải; yêu cầu các doanh nghiệp kinh doanh bảo hiểm không giới thiệu và triển khai gói bảo hiểm liên quan đến bảo hiểm đối với bệnh COVID-19.  11. Các Bộ, ngành, địa phương và các cơ quan báo chí tiếp tục đẩy mạnh thông tin, tuyên truyền ủng hộ chủ trương bảo vệ sức khỏe của nhân dân, chấn chỉnh một số báo rút tít gây hoang mang, hiểu nhầm. Người chịu trách nhiệm phòng, chống dịch không phát ngôn gây hoảng loạn trong nhân dân.  12. Bộ Công Thương, Ủy ban nhân dân các địa phương chú ý bảo đảm hàng hóa, lương thực, thực phẩm thiết yếu cho nhân dân. Xem thêm",1585632856.0,29000,3000,13000,0
388,7050444021058475008,"Mẹ liệt sĩ 78 tuổi đạp xe lên xã ủng hộ tiền chống dịch Covid-19 “Tôi là Lê Thị Niệm, sinh năm 1942, tại xã Trung Thành, có nghe lời kêu gọi của Thủ tướng Nguyễn Xuân Phúc 'Chống dịch như chống giặc'. Trong Chiến tranh, gia đình tôi đã hy sinh chồng + con + chị. Trong hòa bình năm 1983, 1984 Nhà nước khó khăn về kinh tế, gia đình tôi cũng hy sinh bán thóc mua công trái. Ngày nay dịch lại đến, tôi tuy đã già rồi không làm được gì, nay con cháu biếu quà, tôi lại cống hiến cho N...hà nước số tiền là 1.000.000 đồng (một triệu đồng). Tuy chưa nhiều nhưng tấm lòng của tôi, mong được ban Lãnh đạo các cấp nhận cho tôi”. Đây là những dòng thư của cụ bà mẹ liệt sĩ 78 tuổi ở thôn Côn Sơn, xã Trung Thành, huyện Nông Cống, tỉnhThanh Hóa. Cụ đã đạp xe lên UB xã và gửi lại bức thư cùng số tiền 1 triệu đồng để ủng hộ phòng chống dịch COVID-19. Xác nhận thông tin trên, ông Đỗ Gia Xuân – Bí thư xã Trung Thành, huyện Nông Cống chia sẻ: “Khoảng 17h ngày 23/3/2020, khi tôi đang chuẩn bị về thì cụ Lê Thị Niệm đến. Cụ đưa cho tôi một phong bì rồi bảo: Nghe lời kêu gọi của Chính Phủ, tôi không có nhiều, chỉ có 1 triệu đồng tiền con cháu mừng tuổi… để góp chút công sức cùng Nhà nước chống dịch. Dù tôi xin ghi nhận tấm lòng của cụ và sẽ nhận một ít để lấy tinh thần, số tiền còn lại xin gửi cụ để dưỡng già nhưng cụ Niệm một mực từ chối. Lúc đấy, tôi thấy khóe mắt mình bỗng cay cay”. Được biết, cụ Lê Thị Niệm hiện ở một mình trong căn nhà cấp 4 ở thôn Côn Sơn. Từ ngày chồng hy sinh, cụ vẫn ở vậy một mình nuôi nấng các con trưởng thành. Theo: tienphong.vn Xem thêm",1585099458.0,40000,1400,2600,0
389,6570265313371844608,"CA THỨ 17 TẠI VIỆT NAM Bệnh nhân có kết quả dương tính với virus SARS-CoV-2 là nữ, 26 tuổi, làm quản lý khách sạn, địa chỉ thường trú tại phường Trúc Bạch, quận Ba Đình, TP. Hà Nội. Theo Trung tâm Kiểm soát Bệnh tật Hà Nội, bệnh nhân này xuất cảnh ngày 15/2 bay sang London (Anh), ngày 18/2 bay sang Milan (tỉnh Lombardy, Italia) du lịch. Tại thời điểm này, tại tỉnh Lombardy chưa ghi nhận dịch COVID-19 bùng phát. Ngày 20/2, bệnh nhân quay trở về Anh. Ngày 25/2, bệnh nhân sang P...aris, Pháp du lịch 1 ngày.  Ngày 29/2, bệnh nhân bắt đầu có biểu hiện ho, nhưng không đi khám. Đến ngày 1/3, bệnh nhân bị thêm đau mỏi người, không rõ sốt. Sau đó bệnh nhân lên máy bay trở về Việt Nam trên chuyến bay có số hiệu VN0054 của Hãng Hàng không Quốc gia Việt Nam (Vietnam Airlines) và hạ cánh xuống sân bay Nội Bài lúc 4h30 sáng ngày 2/3. Do bệnh nhân lúc này không sốt, không khai báo tình trạng sức khỏe của mình nên đã được nhập cảnh.  Bệnh nhân được lái xe riêng của gia đình đưa về nhà riêng tại phường Trúc Bạch, quận Ba Đình. Kể từ khi về nước, bệnh nhân biết mình bị bệnh nên đã chủ động tự cách ly tại phòng riêng, hạn chế tiếp xúc với người trong gia đình, không đi đâu ra khỏi nhà, chủ động đeo khẩu trang kể cả khi ở trong nhà.  Bệnh nhân bắt đầu có biểu hiện sốt nhẹ ngày 2/3. Ngày 5/3 bệnh nhân xuất hiện sốt liên tục (38 độ C) kèm theo ho nhiều, có đờm, mệt mỏi. Bệnh nhân đi khám tại Bệnh viện Hồng Ngọc cơ sở 55 Yên Ninh, Ba Đình, được chẩn đoán viêm phổi (phim chụp XQ có hình ảnh đám mờ ở đáy phổi phải). Do có tiền sử đi từ nước ngoài về, nên bệnh nhân được chuyển đến bệnh viện Bệnh nhiệt đới Trung ương cơ sở Kim Chung để theo đõi điều trị. Lúc 18h ngày 5/3, bệnh nhân nhập viện Bệnh nhiệt đới Trung ương cơ sở Kim Chung, đang được cách ly, theo dõi sức khỏe nghiêm ngặt tại phòng áp lực âm của bệnh viện.  Ngay sau khi ghi nhận thông tin về ca nghi nhiễm, lãnh đạo Sở Y tế Hà Nội, lãnh đạo Trung tâm Kiểm soát bệnh tật Hà Nội, Chủ tịch UBND quận Ba Đình và các lực lượng của ngành y tế và quận Ba Đình đã trực tiếp xuống khu vực nhà bệnh nhân để chỉ đạo thực hiện  công tác phòng chống dịch.  Cụ thể, lập sơ đồ khoanh vùng khu vực có bệnh nhân, lập chốt tại 2 đầu khu phố Trúc Bạch, đóng cửa các hàng quán tại khu vực. Trung tâm Kiểm soát bệnh tật Hà Nội cử 3 đội đáp ứng nhanh phối hợp với đội đáp ứng nhanh của Trung tâm Y tế quận Ba Đình và các đơn vị liên quan tiến hành điều tra dịch tễ lập danh sách những người tiếp xúc gần với bệnh nhân và những người tiếp xúc với người tiếp xúc gần tại khu vực nhà bệnh nhân đang sinh sống; tại Bệnh viện Hồng Ngọc (55 Yên Ninh) nơi bệnh nhân đến khám ban đầu; tại Bệnh viện Bệnh nhiệt đới cơ sở 2 và hồi cứu quá trình nhập cảnh tại sân bay Nội Bài của bệnh nhân.  Theo đó, các đội phản ứng nhanh đã làm rõ những thông tin về chuyến bay VN0054 có tổng cộng 201 hành khách và 4 phi công và 12 tiếp viên. Hiện Vietnam Airlines đang phối hợp để rà soát, kiểm soát. Tại nhà riêng của bệnh nhân có 8 người tiếp xúc gần là bố và bác bệnh nhân, 5 người tạp vụ và 1 lái xe riêng. Hiện tại sức khỏe của những người này đều bình thường, không ai có biểu hiện sốt, ho. Tại Bệnh viện Hồng Ngọc, có 17 người tiếp xúc với bệnh nhân. Hiện tại sức khỏe của những người này đều bình thường, không ai có biểu hiện sốt, ho, đã được cách ly tại Bệnh viện Bệnh nhiệt đới Trung ương. Sở Y tế Hà Nội đã tổ chức phun khử khuẩn bằng Cloramin B tại nhà bệnh nhân và khu vực lân cận, Bệnh viện Hồng Ngọc và nhà những người tiếp xúc gần. Toàn bộ những người tiếp xúc gần đã được chuyển tới Bệnh viện Bệnh nhiệt đới Trung ương cơ sở 2 để  cách ly tập trung và lấy mẫu xét.  Còn lại những người tiếp xúc gần với những người có tiếp xúc gần với bệnh nhân được thống kê lập danh sách và yêu cầu thực hiện cách ly y tế tại nơi ở theo quy định. Bộ Y tế cũng đã đề nghị Bộ Ngoại giao làm việc các cơ quan ngoại giao của Anh, Pháp để thông tin về lịch trình, nơi ở để họ có biện pháp kiểm soát. Xem thêm",1583513056.0,7400,1100,2100,0
390,-8121156769546520576,"MỌI NGƯỜI DÂN HẠN CHẾ TỐI ĐA RA KHỎI NHÀ

Khi buộc phải ra ngoài thì phải đeo khẩu trang và giữ khoảng cách an toàn (2m). Đồng thời giữ gìn vệ sinh cá nhân (rửa tay bằng xà phòng dưới vòi nước chảy hoặc bằng dung dịch sát khuẩn). Thực hiện ăn chín, uống sôi. Tiến hành khai báo y tế tự nguyện. Đây là kêu gọi được Ban Chỉ đạo (BCĐ) phòng chống COVID-19 đưa ra hôm nay (25/3).

Thảo luận về diễn biến tình hình dịch bệnh trên thế giới và trong khu vực, BCĐ nhận định, nhìn chung trong giai đoạn 1, các quốc gia phòng, chống dịch bệnh tốt đều cố gắng kéo dài nhất thời gian dịch bệnh lây lan dưới mốc 100 ca nhiễm bệnh. Tương tự khi dịch bệnh bước sang giai đoạn 2 phải cố gắng kéo dài nhất thời gian tiệm cận mốc 1.000 ca nhiễm COVID-19.

Lãnh đạo Bộ Y tế cho biết, về năng lực xét nghiệm, hiện mỗi ngày, Việt Nam có thể xét nghiệm từ 8.000-10.000 mẫu. Chúng ta đang chuẩn bị các điều kiện để nâng cao năng lực xét nghiệm thời gian tới. Trong giai đoạn hiện tại, cơ bản chúng ta có đủ máy móc, vật tư, trang thiết bị bảo hộ… để phục vụ điều trị cho người bệnh, đồng thời tiếp tục chuẩn bị để sẵn sàng ứng phó với tình hình mới.

Theo Thứ trưởng Bộ Công an Nguyễn Văn Sơn, hiện các địa phương cũng đang khẩn trương tiến hành “đi từng ngõ, gõ từng nhà” để rà soát sàng lọc người nghi ngờ. Cuối giờ chiều nay sẽ có số liệu tổng hợp.

Đại diện Bộ Quốc phòng khẳng định, quân đội đã chuẩn bị đủ địa điểm cách ly. Nhìn chung điều kiện sinh hoạt, ăn ở tại nơi cách ly tập trung khá tốt, thậm chí còn cao hơn điều kiện sinh hoạt của bộ đội.

Bộ Quốc phòng đề nghị bà con yên tâm, không tiếp tế thực phẩm, đồ dùng sinh hoạt cho thân nhân trong các khu cách ly để tránh lây nhiễm. Quân đội khẳng định sẽ tiếp tục thực hiện phương châm “chống dịch như chống giặc”, sẵn sàng đi đầu trong mọi tình huống để phòng chống dịch, bảo vệ bình yên cho nhân dân.

Hiện Bộ Y tế đã hoàn thiện phác đồ điều trị bệnh nhân mắc COVID-19, dự kiến sẽ ban hành trong ngày mai (26/3), sau đó sẽ tập huấn phổ biến cho các tuyến.

Ảnh: Phó Thủ tướng Vũ Đức Đam, Trưởng BCĐ chủ trì cuộc họp trực tuyến của BCĐ.",1585147476.0,,0,1,0
391,-7845741394264275968,"Đã có 3 người Việt Nam bị viêm đường hô hấp cấp do virus nCoV. Cả 03 bệnh nhân đều có chung tiền sử dịch tễ: cùng 5 người Việt Nam khác được Công ty TNHH Nihon Plast của Nhật Bản cử sang Trung Quốc tập huấn tại thành phố Vũ Hán, tỉnh Hồ Bắc cách đây 02 tháng; và cùng trở về Việt Nam ngày 17/01 vừa rồi trên cùng chuyến bay CZ8315 của hãng Southern China. Thông tin cụ thể về các bệnh nhận như sau: ..",,12000,1800,14000,0
392,-7806960591495877632,"TIN MỚI, NÓNG:  Ngay chiều nay 1/3/2020, sở Y tế tỉnh BRVT đã tiếp nhận 2 trường hợp đầu tiên: là 2 sinh viên người BRVT vừa từ Hàn Quốc trở về, trong đó có 1 sinh viên ở vùng tâm dịch: tỉnh Deagu – Hàn Quốc. Cũng theo thông tin của Ban chỉ đạo phòng chống dịch bệnh Covid-19, sở y tế đã chuẩn bị 2 xe chuyên dùng 16 chỗ tiếp nhận các trường hợp về từ Hàn Quốc ngay tại sân bay Tân Sơn Nhất. Ekip tiếp nhận gồm: bác sỹ, điều dưỡng, lái xe và đồ phòng hộ. Sau khi tiếp nhận, các trường hợp được đưa đến thẳng khu vực cách ly y tế tập trung.",,2400,1000,2800,0
393,5862459106918963200,"Vĩnh Phúc chiến thắng,Sơn Lôi,Bình Xuyên chiến thắng. 💌 Chúc mừng em nhé Nguyễn Thị Nam !  Một trong những bệnh nhân đầu tiên được ra viện của trung tâm điều trị Covid - 19 Bình Xuyên tỉnh Vĩnh Phúc !  Bình Xuyên đang chiến thắng nCoV rồi nhé !các y bác sĩ giỏi quá.  Nút chia sẻ của mọi người đâu rồi nhỉ,mạnh tay vì cộng đồng đi ạ ☺️... Ảnh : Thanh Thu Xem thêm",1582019618.0,5300,1500,5600,0
394,-7845741394264275968,"Thêm 1 bệnh nhân người Việt Nam mắc Covid - 19, nâng tổng số ca mắc tại Việt Nam lên 32 người.  Bệnh nhân nữ thứ 32, 24 tuổi, quốc tịch Việt Nam, đang sống lại London, Anh. Tối ngày 27/2/2020 bệnh nhân có gặp mặt, cùng dự tiệc và đi chơi với bệnh nhân thứ 17 của Việt Nam tại London, cùng với một nhóm bạn. Ngày 02/3/2020 bệnh nhân khởi phát bệnh với các triệu chứng ho khan, không sốt, đi khám tại bệnh viện ở London và được cho điều trị ngoại trú. Ngày 07/3/2020 bệnh nhân vẫn c...òn ho nhiều, không sốt, đồng thời nghe thông tin người bạn ở Việt Nam gặp ở London (ca nhiễm thứ 17 của Việt Nam) bị nhiễm COVID-19 nên bệnh nhân đến khám bệnh trở lại và khai rõ tiền sử tiếp xúc. Bệnh viện ở London yêu cầu cách ly tại nhà, không thực hiện xét nghiệm. Bệnh nhân được người nhà thuê máy bay riêng, có phòng cách ly trên máy bay, đưa bệnh nhân bay từ Anh về Việt Nam, hạ cánh lúc 08h15 tại sân bay Tân Sơn Nhất ngày 09/3/2020.  Tại thời điểm kiểm tra ngày 09/3/2020 thân nhiệt bệnh nhân đo được 37,5 độ C, ho khan, không khó thở. Ngành y tế Thành phố Hồ Chí Minh đã tổ chức thu dung và đưa ngay bệnh nhân đến Bệnh viện Dã chiến Củ Chi để cách ly và lấy mẫu xét nghiệm COVID-19 ngày 09/3/202. Bệnh nhân hiện tỉnh, sinh hiệu ổn, còn ho khan nhiều, họng đỏ nhẹ, không sốt, thở êm và tự thở được, được chuyển về cách ly tại BV Bệnh Nhiệt đới TPHCM lúc 20h30 ngày 9/3/2020. Kết quả xét nghiệm tại Bệnh viện Bệnh nhiệt đới Thành phố Hồ Chí Minh dương tính với SARS-CoV-2 bằng phương pháp Real-Time RT-PCR lúc 19h30 ngày 09/3/2020. Xem thêm",1583814966.0,48000,4500,5300,0
395,-668287906032589696,"🔥 ➕ Bộ Y tế thông tin: người phụ nữ 51 tuổi, quốc tịch Việt Nam, được xác định là bệnh nhân thứ 34 mắc bệnh Covid-19 (KQ: DƯƠNG TÍNH) tại Việt Nam hiện đang điều trị cách ly tại Bệnh viện Đa khoa tỉnh Bình Thuận. Ngày 22/2/2020, bệnh nhân bay từ Việt Nam sang New York (Mỹ), quá cảnh tại sân bay Incheon (Hàn Quốc). Đến ngày 29/2/2020, bệnh nhân bay từ Washington (Mỹ) về Việt Nam, quá cảnh tại sân bay Quatar và sáng ngày 2/3/2020 nhập cảnh vào Việt Nam tại cửa khẩu Cảng Hàng kh...ông Quốc tế Tân Sơn Nhất. Sáng 9/3/2020, bệnh nhân nhập viện. Kết quả xét nghiệm dương tính với SARS-CoV-2. VOV.VN Xem thêm",1583836023.0,3800,1800,5100,0
396,1543548005049796096,"# **Rộn ràng mùa vải chín. Phấn chấn niềm vui cùng bà con. Mong cho mưa thuận gió hòa, mùa màng bội thu, giá cả ổn định để bà con đỡ khổ.**
# Những ngày đầu tháng 6, người dân hai huyện Thanh Hà (Hải Dương) và Lục Ngạn (Bắc Giang) đang hối hả thu hoạch vải thiều. Năm nay được đánh giá là vụ vải đạt nhiều thắng lợi khi năng suất và giá bán đều tăng. Hàng chục nghìn tấn vải đã được ký kết xuất khẩu sang các thị trường khó tính như: EU, Mỹ, Hàn Quốc, Ô-xtrây-li-a, Xin-ga-po… Đây được coi là cơ hội và thời cơ để đưa quả vải thiều từng bước chinh phục thị trường mới.
# **Thắng lợi ""kép""**
# Những ngày này, người trồng vải thiều ở Hải Dương đang hưởng hai niềm vui là vải vừa được mùa, vừa được giá, vải thu hoạch tới đâu tiêu thụ hết tới đó và không bị tư thương ép giá. Phó Chủ tịch UBND xã Vĩnh Lập (huyện Thanh Hà) Lê Văn Ðại cho biết, trên địa bàn xã có 85 ha trồng vải theo quy trình VietGAP, chủ yếu là vải trà sớm. Năm nay, sản lượng vải quả của xã ước đạt hơn 800 tấn với giá bán vải sớm trung bình từ 40 đến 42 nghìn đồng/kg, ước tính thu về khoảng 35 tỷ đồng từ vụ này. Với thu nhập từ trồng vải cao gấp khoảng 10 lần so với trồng lúa, xã Vĩnh Lập đang lập dự án đề nghị huyện cho phép chuyển đổi hơn 50 ha đất trũng sang trồng vải.
# Trưởng phòng Nông nghiệp và Phát triển nông thôn huyện Thanh Hà Nguyễn Thị Lan cho biết: ""Hiện nay, toàn huyện có 3.500 ha trồng vải, phần lớn là các giống vải sớm. Nhờ việc đầu tư chăm sóc theo đúng quy trình, sự quan tâm của các cấp, ngành, doanh nghiệp trong việc xây dựng thương hiệu, xúc tiến thương mại cho nên chất lượng quả ngày càng nâng cao, việc tiêu thụ cũng dễ dàng hơn trước. Ðến nay, nhân dân Thanh Hà đã cơ bản thu hoạch xong trà vải sớm và bắt đầu thu hoạch vải chính vụ. Ðiều đáng mừng là vải đầu vụ giá bán rất cao, có ngày lên tới 60 đến 65 nghìn đồng/kg. Với sản lượng vải quả toàn huyện ước đạt khoảng 30 nghìn tấn, nông dân trên địa bàn thu về hơn 800 tỷ đồng"". Theo thống kê, sản lượng vải quả tại Hải Dương năm nay dự kiến đạt 45.000 tấn, cao hơn 20.000 tấn so với vụ vải năm 2019. Toàn bộ vùng trồng vải trong tỉnh, nông dân đều được đào tạo, tập huấn và thực hành sản xuất theo quy trình VietGAP, GlobalGAP đáp ứng yêu cầu vệ sinh an toàn thực phẩm. Trong đó, diện tích vải được chứng nhận VietGAP hơn 500 ha, sản lượng ước gần 4.000 tấn.
# Năm 2020, hơn 28.000 ha vải thiều của tỉnh Bắc Giang dự kiến sẽ cho sản lượng đạt hơn 160.000 tấn, tăng 10.000 tấn so với năm 2019. Do tác động của dịch Covid-19, Bắc Giang đã nỗ lực đa dạng hóa thị trường, trong đó vừa tập trung đầu ra ở thị trường trong nước, vừa chú trọng đẩy mạnh xuất khẩu sang các thị trường nước ngoài. Hiện nay, vải thiều Bắc Giang đã xây dựng được thương hiệu ổn định và được bảo hộ tại 10 quốc gia. Diện tích vải thiều trồng theo tiêu chuẩn VietGAP, GlobalGAP chiếm 15.000 ha, đạt hơn 50% và đang ngày càng được mở rộng, hướng tới đạt 100% diện tích. Ðến nay, 50% sản lượng vải được tiêu thụ trong nước, 50% được xuất khẩu, chủ yếu là xuất khẩu quả tươi sang Trung Quốc và một số được xuất khẩu sang các thị trường như: Mỹ, EU, Hàn Quốc, Ô-xtrây-li-a... Nhằm bảo đảm cho việc tiêu thụ ổn định, năm nay Bắc Giang đã chỉ đạo các địa phương và cơ quan chức năng tập trung kết nối với các siêu thị, chợ đầu mối ở các địa phương trong nước, nên vải thiều sớm được tiêu thụ thuận lợi. Chủ tịch UBND huyện Lục Ngạn La Văn Nam cho biết: ""Năm nay chúng tôi đặc biệt quan tâm công tác xúc tiến thương mại. Nhờ chủ động xây dựng phương án từ sớm, nên việc tiêu thụ tương đối thuận lợi, giá vải bình quân 25.000 đồng/kg"".
# **Thâm nhập thị trường mới**
# Chi cục trưởng Chi cục Bảo vệ thực vật tỉnh Hải Dương Lương Thị Kiểm chia sẻ ""lô hàng vải thiều đầu tiên của Thanh Hà xuất khẩu đi Xin-ga-po ngày 26-5 theo đường hàng hải đã cập cảng ngày 4-6. Theo thông tin từ đối tác, quả vải sau khi cập cảng vẫn giữ được chất lượng tốt, bảo đảm cho việc tiêu thụ, mở ra hướng xuất khẩu vải quả với số lượng lớn qua đường biển tới các thị trường nước ngoài. Ngoài ra, những lô hàng vải quả xuất khẩu sang thị trường Mỹ, Ô-xtrây-li-a sắp cập bến. Trong những ngày tới, các công ty xuất khẩu sẽ đàm phán với đối tác để ký kết xuất khẩu vải quả sang Nhật Bản"".
# Hiện nay, tại Hải Dương vùng sản xuất vải theo tiêu chuẩn quốc tế và tiêu chuẩn GlobalGAP bảo đảm xuất khẩu đi các thị trường khó tính như EU, Mỹ, Ô-xtrây-li-a, Nhật Bản có tổng diện tích 220 ha, sản lượng ước khoảng 1.500 tấn. Trong đó có 19 vùng sản xuất vải đã được cấp mã số vùng trồng xuất khẩu đi Mỹ, Ô-xtrây-li-a, EU, với diện tích 170 ha, sản lượng ước khoảng 1.300 tấn. Bên cạnh đó, trên địa bàn có 64 vùng trồng vải, bảy vùng trồng nhãn với diện tích gần 10.000 ha đăng ký vùng trồng đủ tiêu chuẩn xuất khẩu đi Trung Quốc. Ðiều đáng nói là các mẫu quả vải trong vùng xuất khẩu không có các chất cấm và dư lượng các thuốc bảo vệ thực vật cho phép đều dưới ngưỡng quy định.
# Ngày 6-6 vừa qua, Bắc Giang tổ chức hội nghị trực tuyến xúc tiến tiêu thụ vải thiều năm 2020 với tất cả các tỉnh, thành phố trong nước và các điểm cầu ở tỉnh Quảng Tây và Vân Nam (Trung Quốc). Ðồng thời khai trương sàn giao dịch điện tử ""Vải thiều Bắc Giang"". Phó Chủ tịch UBND tỉnh Bắc Giang Lại Thanh Sơn cho biết, sản xuất vải thiều hằng năm của tỉnh cho thu về từ 4.000 đến 4.500 tỷ đồng, chiếm từ 25 đến 28% giá trị ngành trồng trọt của toàn tỉnh. Với sự chuẩn bị chu đáo của địa phương và sự hỗ trợ của các bộ, ngành liên quan, Bắc Giang đang hướng tới kịch bản khả quan khi sản lượng vải thiều xuất khẩu năm nay khả năng đạt khoảng 80.000 tấn, chiếm 50% sản lượng.
# Do ảnh hưởng của dịch Covid-19 cho nên việc xuất khẩu vải thiều đi Nhật Bản năm nay chưa đạt được mục đích dù phía nước bạn đã đồng ý nhập khẩu quả vải tươi từ năm 2020. Vì vậy, Bắc Giang chủ trương đưa sản phẩm chất lượng cao vào chuỗi dịch vụ du lịch, các kênh phân phối bán lẻ của các siêu thị lớn trong nước và các nước ASEAN. Ðồng thời, tiếp tục khuyến cáo các hộ trồng vải, cơ sở chế biến sẵn sàng đáp ứng đủ các điều kiện cho thị trường xuất khẩu.
# Thứ trưởng Bộ Nông nghiệp và Phát triển nông thôn Lê Quốc Doanh cho rằng, hiện nay vải thiều Bắc Giang không chỉ là đặc sản trong nước mà còn chinh phục được nhiều thị trường khó tính. Ðể bảo đảm cây vải thiều mang lại hiệu quả cao hơn, các địa phương cần tiếp tục hướng dẫn người trồng kỹ thuật canh tác, thu hoạch để quả vải đạt chất lượng cao, đáp ứng yêu cầu kỹ thuật của thị trường trong nước và xuất khẩu. Ðồng thời, các nhà đầu tư, doanh nghiệp có uy tín trong và ngoài nước đầu tư triển khai các dự án chế biến nông sản, thực phẩm nhằm nâng cao giá trị gia tăng và thu nhập cho nông dân.

HOÀNG VINH GIANG

[https://nhandan.com.vn/kinhte/tin-tuc/item/44869002-ron-rang-mua-vai-chin.html](https://nhandan.com.vn/kinhte/tin-tuc/item/44869002-ron-rang-mua-vai-chin.html)",1592532531.0,3,1,,0
397,1543548005049796096,"""Hành trình đỏ” diễn ra trong 2 tháng, dự kiến tiếp nhận 40.000 đơn vị máu

Năm 2020 là năm thứ 8 tổ chức “Hành trình đỏ” và là năm có quy mô lớn nhất từ trước đến nay với thời gian dài nhất, nhiều địa phương tham gia nhất.
Chiều 6/6, Viện Huyết học truyền máu Trung ương cho biết, “Hành trình đỏ” năm 2020 được tổ chức từ ngày 6/6 đến 6/8 tại 42 tỉnh, thành phố trên cả nước và dự kiến tiếp nhận 40.000 đơn vị máu tại các ngày chính hội. Năm 2020 là năm thứ 8 tổ chức “Hành trình đỏ” và là năm có quy mô lớn nhất từ trước đến nay với thời gian dài nhất, nhiều địa phương tham gia nhất.

Qua 7 kỳ “Hành trình đỏ” đã có 50 địa phương tham gia với lượng máu tiếp nhận được hơn 250.000 đơn vị. Hoạt động này đã góp phần đẩy mạnh truyền thông, nâng cao nhận thức của người dân cả nước về hiến máu nhân đạo, mở rộng đối tượng hiến máu, thúc đẩy phong trào hiến máu ngày càng hiệu quả.

Với thông điệp “Kết nối dòng máu Việt”, “Hành trình đỏ” năm nay xuyên suốt từ đất mũi Cà Mau cho tới Quảng Ninh, trong đó có 5 địa phương tham gia xuyên suốt cả 8 kỳ hành trình đỏ.

T.H",1591542104.0,2,0,,0
398,1640000666715729920,"""Cụ thể, theo người đứng đầu Chính phủ, vụ việc ở Đồng Tâm rất cần phải quan tâm giải quyết, theo đó thành phố cần củng cố hệ thống chính trị tốt hơn, củng cố lòng dân, phát triển và xây dựng nông thôn mới...""",1587375110.0,11,2,,0
399,6022631665176430592,"Với tinh thần “chống dịch như chống giặc”, từ ngay sau Tết Nguyên đán đến nay, những chiến sĩ áo blouse trắng trên tuyến đầu chống dịch ở Nghệ An đã nỗ lực, kiên cường vượt qua khó khăn, thách thức, bất kể ngày đêm, hiểm nguy trước mặt để…”chiến thắng trận đầu”.

",1587618671.0,5,0,,0
400,6432001634353916928,"Luật sư cho rằng, việc giáo viên chủ nhiệm Lê Thị Kim Lan, Trường Tiểu học Quang Trung (Hải Phòng) đăng hình ảnh học sinh vào các hội nhóm để phê bình vì đi học sớm là hành vi vi phạm pháp luật.

[https://kienthuc.net.vn/xa-hoi/co-giao-dang-anh-phe-binh-hoc-sinh-di-hoc-som-vao-nhom-zalo-co-pham-luat-1386965.html](https://kienthuc.net.vn/xa-hoi/co-giao-dang-anh-phe-binh-hoc-sinh-di-hoc-som-vao-nhom-zalo-co-pham-luat-1386965.html)",1590150777.0,34,5,1,0
401,-3460197007116062208,"TIN VUI THÔNG BÁO ĐẾN MỌI NGƯỜI MONG MỌI NGƯỜI CHIA SẺ ĐỂ LOAN BÁO TIN MỪNG VIỆT NAM: ĐÃ HOÀN THIỆN PHÁC ĐỒ ĐIỀU TRỊ COVID-19... ✔️ Ngày 25/3, Ban Chỉ đạo phòng chống dịch viêm đường hô hấp cấp do chủng mới của virus Corona (SARS-CoV-2) gây ra đã họp trực tuyến triển khai các biện pháp phòng chống dịch. Phó Thủ tướng Vũ Đức Đam, Trưởng Ban Chỉ đạo chủ trì cuộc họp. ✔️ Bộ Y tế cho biết đã hoàn thiện phác đồ điều trị bệnh nhân mắc COVID-19, dự kiến sẽ ban hành trong ngày 26/3 tới, sau đó sẽ tập huấn phổ biến cho các tuyến. ✔️ Tin vui trong ngày, 26 bệnh nhân nhiễm Covid-19 đã cho kết quả âm tính lần 1, 7 bệnh nhân xét nghiệm âm tính lần 2. Xin chúc mừng ngành Y tế Việt Nam, cùng chia sẻ tin vui này các bạn nhé 😍😍😍 Xem thêm",1585181745.0,2200,992,2300,0
402,1049371931483827968,"Sách “giả” nhưng mối nguy là “thật”, bởi chất lượng kém, nhiều nội dung kiến thức sai lệch, ảnh hưởng nghiêm trọng đến việc tiếp nhận thông tin của người sử dụng. Thế nhưng, cuộc chiến chống sách giả, sách lậu hiện nay vẫn còn nhiều gian nan...

",1589678871.0,4,0,,0
403,1874494937047144960,"Cách chức Chánh thanh tra bộ TTTT Đặng Anh Tuấn do có hành vi vi phạm pháp luật...

Lại phải phấn đấu lại từ đầu",1591278780.0,10,0,1,0
404,-5201695531273221120,"CĂNG THẲNG CÁCH LY GẦN 1.600 NGƯỜI VÌ CÔ GÁI BẾN TRE BỆNH NHÂN THỨ 123 Ấp Thừa Lợi, xã Thừa Đức, huyện Bình Đại, tỉnh Bến Tre, những ngày này đang căng như dây đàn. Gần 1.600 người thuộc 480 hộ dân trên cồn Nghêu bị cách ly khi phát hiện cô gái 17 tuổi trong ấp là bệnh nhân thứ 123 nhiễm bệnh Covid-19 do virus corona chủng mới (SARS-CoV-2) gây ra. Nguồn: Báo Thanh Niên.... #BenTreNews #BenTre #BinhDai Xem thêm",,7700,957,5200,0
405,-6393162443554609152,"Việt Nam có thêm 17 ca nhiễm mới đều là người Việt từ nước ngoài trở về, cách li ngay sau khi nhập cảnh.

Đây là làn sóng COVID-19 thứ hai vào VN.",1588853004.0,4,0,,0
406,5391873293840443392,"Tính mạng, quyền lợi và lợi ích hợp pháp của người dân được hiến pháp quy định, được pháp luật bảo vệ. Tuy nhiên vẫn có những kẻ xem thường pháp luật, hành hung, phá hoại tài sản của người khác, mong chính, cơ quan điều tra công an huyện Hương Khê sớm điều tra rõ, xử lý người phạm tội để đảm bảo quyền lợi, lợi ích hợp pháp cho người dân.",1591011791.0,12,3,,0
407,4915368863364304896,- Thường trực UBND TP.HCM đã phê bình nghiêm khắc Sở Tài nguyên và môi trường TP vì đã ban hành văn bản liên quan đến phòng chống COVID-19 gây hoang mang dư luận.,1587739305.0,1,6,,0
408,-7845741394264275968,"BÌNH ĐỊNH: BẮT NỮ ""Y TÁ"" ĐIỀU CHẾ VACCINE NGỪA COVID-19 Công an TP. Quy Nhơn (Bình Định) vừa bắt khẩn cấp bà Tiêu Thị Tuyết Sương (46 tuổi, trú huyện Tuy Phước, Bình Định) để điều tra về hành vi “Lừa đảo chiếm đoạt tài sản”. Đây là đối tượng đã thực hiện hành vi điều chế vắc xin giả, lừa tiêm phòng cho nhiều trẻ để phòng ngừa Covid - 19 và các loại bệnh khác. Đối tượng khai nhận đã pha trộn nước cất với kháng sinh và nói là vaccine, và đã tiêm cho gần 30 trường hợp. ... Tiêu Thị Tuyết Sương mới học hết lớp 9, có thời gian giúp việc cho một phòng khám tư. Để cho bị hại tin lời, thị xưng là nhân viên y tế dự phòng, chích vaccine cho trẻ em không gây sốt, giá rẻ hơn thị trường một nửa khoảng 700 nghìn đồng/ mũi.  Hiện Công an TP. Quy Nhơn đã bắt tạm giam đối tượng đồng thời thông báo ai là bị hại đến công an thành phố báo cáo để giúp đơn vị điều tra. Ảnh: Công an TP. Đà Nẵng Xem thêm",1584332264.0,16000,7200,5800,0
409,3134783867222670848,"Lực lượng chức năng đã tìm thấy 17 bộ hài cốt chiến sĩ đặc công hi sinh tại Quảng Nam cách đây 50 năm về trước, sau nửa tháng khai quật.",1591244773.0,14,3,2,0
410,444210260057187776,"Nóng !
 Ca sỹ Hồ Phàm bị bắn từ sau lưng khi đi làm về trên đường khu vực Yên Hoà, Cầu Giấy Hà nội.
 Giang hồ Hà nội đã dùng súng giết người, gớm hơn dân da đen bên Mỹ tấn công bằng chân tay !",1592654094.0,28,6,4,0
411,-7464585192276002816,"Cơ quan điều tra đề nghị truy tố 29 bị can, đều là người ở Đồng Tâm (huyện Mỹ Đức, Hà Nội), đã tham gia bàn bạc, lên kế hoạch và thực hiện hành vi chống đối, tiêu diệt lực lượng thi hành nhiệm vụ.",1591954760.0,37,30,2,0
412,-1576842636204984064,"Các hãng hàng không đưa gần 6.000 người trong khối ASEAN và 1.000 người từ châu Âu hồi hương trong ngày 18/3. Đất nước không để ai bị bỏ lại, nhưng bà con cũng phải thông cảm cho nước mẹ nhé, đừng được voi đòi tiên, phản cảm lắm. Anh em chiến sĩ đây ạ, để nhường giường cho các bạn á.... PS: Đến nay, hơn 700 tiếp viên thuộc Đoàn tiếp viên Vietnam Airlines xin nghỉ việc không lương hoặc không nhận lương chức danh để chia sẻ với hãng trong thời điểm khó khăn vì dịch Covid-19. Những người đi đón các bạn đang liều mình với khả năng mình cũng bị nhiễm á. P/s: Tại sao những hình ảnh này không được chia sẻ? Xem thêm",1584541150.0,5900,200,2400,0
413,-5005199604534146048,"PHÓNG VIÊN BÁO VĂN HOÁ BỊ CHẶN ĐẦU XE, ĐẬP VỠ KÍNH.

Ngày 1.5, ông Hoàng Xuân Hướng (phóng viên Báo Văn Hóa, Văn phòng đại diện tại Khánh Hòa) cho biết vừa trình báo công an xã Vạn Thạnh, Công an huyện Vạn Ninh sự việc trên, đồng thời đề nghị các cơ quan này vào cuộc điều tra, làm rõ.

Theo trình bày của phóng viên Xuân Hướng, khoảng 14h30 chiều 29.4, anh đến UBND xã Vạn Thạnh để liên hệ ông Lê Hoài Vương - Phó Chủ tịch UBND xã Vạn Thạnh để làm việc về một số nội dung xung quanh việc tháo dỡ công trình của bà Trần T .T (thôn Đầm Môn, xã Vạn Thạnh) nhưng không gặp được ông Vương.

Sau đó, phóng viên Xuân Hướng rời khỏi UBND xã Vạn Thạnh và lên ô tô BKS 52P-0655 hiệu Innova do ông Ngô Minh Thơ (tạm trú tại thôn Tuần Lễ, xã Vạn Thọ, huyện Vạn Ninh) điều khiển. Khi ô tô đi được khoảng 1km trên đoạn đường thôn Đầm Môn, xã Vạn Thạnh, thì xuất hiện một nhóm đối tượng gồm 3 thanh niên đi trên 2 xe máy áp sát chặn xe.

3 đối tượng trên dùng gạch đập, ném liên tục vào kính trước xe và kính bên hông xe ô tô và đe dọa người trên xe. Khi ông Thơ tìm cách chạy vượt ô tô lên phía trước thì các đối tượng tiếp tục dùng xe máy truy đuổi và tiếp tục chặn đầu xe.

Khi chặn được đầu xe, các đối tượng tiếp tục dùng gạch đá đập mạnh vào kính trước và bên hông xe. Hậu quả, kính bên hông xe ô tô bị vỡ nát. Kính trước xe bị nứt nhiều chỗ. Gạch đá văng vào trong xe làm trầy nhiều vị trí. Tài xế đã tìm cách lùi xe và chạy vượt lên phía trước thoát nạn và trình báo với cơ quan Công an xã Vạn Thạnh và Công an huyện Vạn Ninh.

Theo phóng viên Xuân Hướng, qua làm việc, Công an xã Vạn Thạnh cho biết các đối tượng đều là người tại địa phương và đang trong tình trạng say rượu, bia. Trong khi đó, Công an huyện Vạn Ninh cho rằng đã xác định được 1 đối tượng, 2 đối tượng còn lại đang lẩn trốn.

Trước đó, phóng viên Xuân Hướng đã thực hiện một số bài viết phản ánh sự buông lỏng quản lý về đất đai của chính quyền địa phương xảy ra tại xã Vạn Thọ và những khuất tất trong công tác giải tỏa đền bù tái định cư cho người dân tại Dự án mở rộng đường giao thông từ Quốc lộ 1 - Đầm Môn (thuộc xã Vạn Thọ, huyện Vạn Ninh).

Theo Lao Động",1588568950.0,49,8,3,0
414,-8318346087637567488,"Củi vẫn đang tiếp tục cháy tại huyện Thanh Thủy (Phú Thọ)!
Không rõ lửa có cháy lan sang TP Việt Trì không vì nguyên Chủ tịch huyện Thanh Thủy đã nhận quyết định công tác về thành phố này.
[https://dantri.com.vn/phap-luat/yeu-cau-lam-ro-dong-pham-tham-nhung-cung-cuu-pho-chu-tich-huyen-thanh-thuy-20200606093543280.htm](https://dantri.com.vn/phap-luat/yeu-cau-lam-ro-dong-pham-tham-nhung-cung-cuu-pho-chu-tich-huyen-thanh-thuy-20200606093543280.htm)",1591417206.0,15,0,1,0
415,8704918422515529728,"**Mặc dù chủ đầu tư dự án Khu nhà ở dịch vụ tại Cổ Bi (Gia Lâm, Hà Nội) khẳng định chưa mở bán và các thông tin pháp lý chỉ là thông tin nội bộ, nhưng hiện nay, nhiều sàn giao dịch bất động sản như Kinh Bắc Land, Vietfor Land vẫn đang rầm rộ rao bán đất nền tại dự án này.**",1590047172.0,8,0,,0
416,-5874365017765126144,"Kế toán trưởng kiêm trưởng ban Tài chính, Tổng Công ty Cổ phần vận tải Dầu khí, bị khởi tố, bắt tạm giam.",1590699884.0,123,24,3,0
417,5257378021316635648,"THÔNG BÁO KHẨN CỦA BỆNH VIỆN BẠCH MAI (Nhờ mọi người chia sẻ để nhiều người dân biết và thực hiện) Bệnh viện Bạch Mai là bệnh viện tuyến cuối, hàng ngày có hàng nghìn bệnh nhân đến khám và điều trị, bên cạnh đó cũng có hàng ngàn người thân thăm và chăm sóc người bệnh hợp tác và tuân thủ các quy định với phương châm “AN TOÀN CHO NGƯỜI BỆNH LÀ ƯU TIÊN SỐ 1”... Để đảm bảo an toàn cho người bệnh và người nhà người bệnh, Bệnh viện Bạch Mai triển khai đồng loạt các hoạt động sau: 1. Công tác khám chữa bệnh và cấp cứu người bệnh vẫn triển khai như thường quy. Tạm dừng hoạt động khám theo yêu cầu và tái khám tại các khoa để tránh tập trung đông người tại khu vực điều trị nội trú. 2. Với người bệnh theo chương trình quản lý Bệnh Tăng huyết áp, lupus..., bệnh viện vẫn khám như thường quy và tuỳ theo thực tế, sẽ cấp phát thuốc tối đa 02 tháng để người bệnh giảm tải việc có mặt tại bệnh viện trong mùa dịch. 3. Để bảo vệ người bệnh và người thân của họ, đề nghị mọi người khi vào bệnh viện, nghiêm túc thực hiện việc kiểm tra thân nhiệt và đeo khẩu trang đầy đủ. 4. Để tránh hiện tượng lộn xộn tập trung ở cổng viện, tạm dừng việc giao nhận - ship hàng trước cổng viện, tạm dừng hoạt động xe ôm trong khuôn viên bệnh viện. 5. Trung tâm Dinh dưỡng - Nhà ăn bệnh viện đảm bảo cung cấp xuất ăn cho người bệnh và người nhà người bệnh có nhu cầu. 6. Bệnh viện đã trang bị cồn khử khuẩn tại tất cả các vị trí có nguy cơ tiếp xúc cao như thang máy, cửa ra vào... 7. Trung tâm kiểm soát bệnh tật Hà Nội đã phối hợp cùng Khoa Kiểm soát nhiễm khuẩn của bệnh viện khử khuẩn toàn bộ khuôn viên trong bệnh viện. Vì sự an toàn cho người bệnh, cho mọi người, Bệnh viện Bạch Mai mong nhận được sự đồng cảm, sẻ chia và chung tay của người bệnh, thân nhân người bệnh và cộng đồng để đẩy lùi Covid - 19. Share đi không cần hỏi, cần để nhiều người biết và đồng hành #ncov #covid-19 #sars-cov-2 Xem thêm",1584848974.0,1800,50,2700,0
418,6431434235876790272,"PGS.TS. Lê Thị Quỳnh Mai - Phó Viện trưởng Viện Vệ sinh dịch tễ Trung ương (NIHE) là tổng chỉ huy của đơn vị nghiên cứu vừa nuôi cấy rồi phân lập thành công chủng virus Corona mới vào sáng 7/2/2020 - một bước tiến vô cùng hệ trọng của y tế Việt Nam trong công cuộc chống dịch. Không nhiều người biết, ""nữ chiến tướng"" này cũng chính là người trong nhóm cộng sự 17 năm trước đã ""bắt"" thành công virus SARS, sau đó ""bắt"" cả virus H5N1 gây tiếng vang lớn. Kiểm tra kiến thức phòng ch...ống virus Corona đúng cách. Làm ngay các bài test này: https://challenge.lotus.vn/lachanviruscorona #LaChanVirusCorona #Lotus #VCCorp #ICT_anti_nCoV Xem thêm",,91000,2600,18000,0
419,2075626148617137920,"15/3 sẽ là ngày đáng nhớ cho ko chỉ Việt Nam mà của toàn thế giới do những gì COVID-19 gây ra !!! - Rạng sáng 15/3, Pháp 🇫🇷 ra lệnh đóng cửa toàn bộ nhà hàng, rạp chiếu phim, cửa hàng,....trừ... siêu thị, trạm xăng, ngân hàng, tabac, presse báo chí và pharmacie. Phong tỏa 1 phần đất nước.  - Chủ tịch hiệp hội Y Tế Ý 🇮🇹 vừa qua đời vì Corona Virus. Hưởng thọ 67 tuổi... - Vợ thủ tướng Canada 🇨🇦 đã dương tính Corona Virus . Ông cũng đang bị cách ly - Rạng sáng 14/3 vừa qua, Ba Lan 🇵🇱 chính thức đóng cửa đất nước và cảnh sát sẽ đi tuần khắp nước để chắc chắn rằng không ai ra đường - Bộ trưởng Úc 🇦🇺 dương tính Corona Virus ngày 13/3 - Bộ trưởng văn hoá Pháp 🇫🇷 đã nhiễm Corona Virus được 5 ngày - Tướng cao cấp Iran 🇮🇷 đã tử vong vì Corona Virus hôm kia, 13/3 - Thứ trưởng Iran nhiễm bệnh và Nghị sĩ Iran, cố vấn ngoại trưởng Iran cũng chết vì corona 2 tuần trước - Tây Ban Nha 🇪🇸 ngày 13/3 ban lệnh đóng cửa toàn bộ hàng quán ngay thủ đô nước này - Ông Donald Trump sáng 14/3 ban bố tình trạng khẩn cấp toàn đất nước Hoa Kỳ 🇺🇸 - Pháp 🇫🇷 đã đóng cửa các trường hoc vô thời hạn - Hàn Quốc 🇰🇷 và Trung Quốc 🇨🇳 đã tuyên bố đỉnh điểm dịch đã qua, chặn đứng được sự lây lan virus ở 2 đất nước này - Czechs vừa tuyên bố 2 giờ trước đóng cửa toàn bộ nhà nước, quán bar tại nước này - Việt Nam 🇻🇳 vừa tuyên bố 3 giờ trước, đóng cửa toàn bộ bar, khách sạn, nhà hàng, karaoke.. các tụ điểm vui chơi toàn quận 1. Từ chối các passport (hộ chiếu) châu Âu nhập cảnh vào VN. Hủy hàng loạt các chuyến bay tới VN sau ngày 15/3, trừ những chuyến đưa người Việt trở về quê hương. - Nga 🇷🇺 chặn cửa không cho Ba Lan 🇵🇱 và Na Uy 🇳🇴 vào để ngăn chặn Virus - Colombia 🇨🇴 chặn cửa Venezeula vào để ngăn chặn virus - Đan Mạch 🇩🇰 tuyên bố đóng cửa khẩu 4 tuần - Luật sư của tổng thống Brazil 🇧🇷 đã dương tính với virus nhưng tổng thống nước này vẫn bác bỏ ông bị dương tính ?! - Giới chức Hoa Kỳ 🇺🇸 ngày 15/3 tuyên bố Donald Trump negative (âm tính) với virus. Nhưng rất nhiều câu hỏi được đặt ra khi ông đã tiếp xúc trực tiếp, là F1 với hàng loạt các lãnh đạo đã nhiễm Covid-19 trước đó. - Tổng cộng 155,220 người bị virus trên toàn thế giới. 5,819 người chết - Rất nhiều đất nước tiên tiến trên thế giới không thể chữa khỏi 1 ca nhiễm Covid-19 nào như : Brazil, Phần Lan 🇫🇮, Qatar 🇶🇦, Iceland 🇮🇸, Ireland 🇮🇪, Ba Lan, Czech, Chile 🇨🇱... - Cũng trong 14/3, Ông Tim Cook tuyên bố đóng cửa hơn 400 stores trên toàn thế giới, để lại 42 stores tại China. - Virus Covid-19 đã tấn công đến lãnh thổ Châu Phi. Nâng tổng số 146 quốc gia bị nhiễm virus này. - Anh 🇬🇧 là nước duy nhất trên thế giới hiện tại hờ hững với virus và tự cho là có cách đối phó chống dịch khác biệt với thế giới. Cre: VFC Xem thêm",1584242709.0,3200,689,3300,0
420,-3251009672965514240,"Một khoảnh khắc của phụ nữ Việt Nam trong ngày giải phóng miền Nam:
[https://phunuvietnam.vn/nhung-hinh-anh-xuc-dong-ve-phu-nu-viet-nam-trong-ngay-giai-phong-mien-nam-20200430023306839.htm](https://phunuvietnam.vn/nhung-hinh-anh-xuc-dong-ve-phu-nu-viet-nam-trong-ngay-giai-phong-mien-nam-20200430023306839.htm)",1588205542.0,10,1,,0
421,2544831554344403968,"SOS: Cập nhật 18h45 ngày 25/2 #share & #tag bạn bè nhé. Bàn luận tiếp trong Nhóm nhé các em www.fb.com/groups/HocSinhTPHCM/ --- Chiều 25/2, TP.HCM họp Ban chỉ đạo phòng chống dịch bệnh viêm đường hô hấp cấp do virus Covid-19 gây ra. Trên cơ sở phân tích về tình hình dịch bệnh và nhằm giảm bớt nguy cơ 2 triệu học sinh, nhà giáo đồng loạt nhập học, ông Lê Hồng Sơn, Giám đốc Sở GD&ĐT TP.HCM kiến nghị lịch nhập học trở lại của học sinh trên địa bàn thành phố như sau: ... 1. Mầm non: nghỉ hết đến hết 15/3, ngày 16/3 trẻ lớp lá đi học lại nhưng không ăn sáng, các lớp khác sẽ có thông báo sau. 2.Tiểu học: nghỉ đến hết 15/3, ngày 16/3, học sinh lớp 5 đi học lại nhưng ko tổ chức bán trú, thời gian đi học lại của các lớp khác tùy thuộc vào tình dịch bệnh và sẽ có thông báo sau. 3. THCS: Ngày 2/3 hs lớp 9 đi học lại nhưng không tổ chức bán trú, 16/3 các lớp khác đi học lại bình thường 4. THPT: Ngày 2/3 học sinh lớp 12 đi học lại nhưng chỉ học một buổi, ngày 16/3 các lớp còn lại đi học lại bình thường. Các trường đại học, cao đẳng thuộc Bộ GD&ĐT trên địa bàn thành phố thì thực hiện theo cơ chế tự chủ.  Theo Zing News Xem thêm",1582631076.0,9000,3200,4400,0
422,1166390152373396992,"T&T xây tòa cao ốc sai phạm 25 lên 28 tầng, UBND tỉnh Nghệ An vẫn cho hợp thức hóa

Dự án khu hỗn hợp trung tâm thương mại, dịch vụ, văn phòng, nhà ở và căn hộ cao cấp của tập đoàn T&T được cấp phép 25 tầng nhưng tự ý xây 28 tầng. Tỉnh Nghệ An đã cho 'hợp thức hóa' sai phạm này.

https://baosuckhoecongdong.vn/nghe-an-hop-thuc-hoa-sai-pham-cho-du-an-tt-166948.html

Mới đây, UBND tỉnh Nghệ An đã chấp thuận cho Công ty cổ phần tập đoàn T&T ""hợp thức hóa"" sai phạm trong việc xây dựng tòa cao ốc Khu hỗn hợp Trung tâm Thương mại, dịch vụ văn phòng, nhà ở và căn hộ Cao cấp (Khu C) nằm tại trung tâm TP. Vinh từ 25 lên 28 tầng.

Tòa cao ốc có địa chỉ số 1 đường Quang Trung, phường Quang Trung, thành phố Vinh (Nghệ An). Theo Quyết định phê duyệt của tỉnh cũng như giấy phép xây dựng, Tập đoàn T&T được xây toà cao ốc 25 tầng + 1 tầng kỹ thuật, chiều cao 86,75m. Tuy nhiên trên thực tế, T&T đã tự ý xây thành 28 tầng, chiều cao 99,5m

Việc các chủ đầu tư cố tình xây sai quy hoạch thiết kế được phê duyệt lâu nay vẫn thường xuyên diễn ra. Nhiều tòa cao ốc đã khiến báo giới tốn không ít giấy mực.

Một trong số tòa nhà nổi tiếng là tòa nhà 8B Lê Trực (Hà Nội). Sau khi xây quá quy định và bị xử phạt, chủ đầu tư tòa nhà này cũng từng xin được hợp thức hóa để phục vụ lợi ích công cộng tại thủ đô. Tuy nhiên ý nguyện này của chủ đầu tư đã không được các cơ quan có thẩm quyền chấp thuận.",1590022489.0,1,0,,0
423,-3533482413411831808,"Khoảng 200 thanh niên mang hung khí đánh người, đập phá quán Ốc Hương ở quận Bình Tân mặc áo màu cam để nhận biết nhau trong quá trình hỗn chiến.
Anh L. bị nhóm này hành hung, đánh gây thương tích vì lấy điện thoại, quay video cảnh quán nhậu bị đập phá...",1591525584.0,25,6,,0
424,1049371931483827968,"Thanh tra Bộ Công Thương đã chỉ ra hàng loạt sai phạm xảy ra tại Trường Đại học Điện lực, đồng thời kiến nghị cần xem xét trách nhiệm của ông Trương Huy Hoàng - Hiệu trưởng nhà trường…

",1590049534.0,7,0,,0
425,-1592242686393848064,"Thụy Điển đang lên kế hoạch đề nghị EU điều tra nguồn gốc Covid-19, động thái có thể khiến quan hệ giữa Stockholm với Bắc Kinh thêm căng thẳng.

""Khi tình hình Covid-19 trên toàn cầu được kiểm soát, tổ chưc một cuộc điều tra quốc tế độc lập nhằm tìm hiểu nguồn gốc và sự lây lan của nCoV là việc quan trọng và hợp lý"", Bộ trưởng Y tế Thụy Điển Lena Hallegren viết trong báo cáo trình lên quốc hội hôm qua.

""Một việc quan trọng nữa là điều tra toàn bộ quá trình xử lý đại dịch của cộng đồng quốc tế, bao gồm cả Tổ chức Y tế Thế giới (WHO). Thụy Điển sẵn sàng nêu vấn đề này trong khuôn khổ hợp tác của Liên minh châu Âu (EU)"", bà Hallegren cho hay.

Bộ trưởng Hallegren họp báo về Covid-19 tại thủ đô Stockholm hôm 22/4. Ảnh: SVT .© Được VnExpress cung cấp Bộ trưởng Hallegren họp báo về Covid-19 tại thủ đô Stockholm hôm 22/4. Ảnh: SVT .
Ngoại trưởng Thụy Điển Ann Linde cũng cho rằng nên điều tra WHO sau khi Covid-19 chấm dứt. ""Chúng tôi nghĩ WHO đang thực hiện công việc quan trọng, nên bây giờ chưa phải lúc giải trình trách nhiệm, mà cần để họ tiến hành nhiệm vụ trong đại dịch"", bà nói trong một hội thảo trực tuyến hôm qua, nhấn mạnh điều đó không có nghĩa là Thụy Điển ""hài lòng"" về cách hành động của WHO.

Những bình luận của giới chức Thụy Điển được đưa ra sau khi lãnh đạo Mỹ, Australia và Đức đề nghị chính quyền Trung Quốc cung cấp thêm thông tin về nguồn gốc nCoV. Tuy nhiên, Bắc Kinh cho biết đó là nhiệm vụ của các nhà khoa học, không phải chính trị gia.

Thủ tướng Australia Scott Morrison hôm qua tuyên bố nước này sẽ tiếp tục theo đuổi điều tra độc lập về Covid-19, bất chấp đe dọa tẩy chay kinh tế của Trung Quốc. ""Bây giờ có vẻ như hoàn toàn hợp lý và đúng đắn khi thế giới muốn có đánh giá độc lập về dịch bệnh, để chúng ta có thể rút ra bài học và ngăn nó xảy ra lần nữa"", ông giải thích.

Quan hệ giữa Thụy Điển và Trung Quốc vốn căng thẳng trước khi đại dịch bùng phát. Stockholm nhiều lần yêu cầu Bắc Kinh thả Gui Minhai, công dân Thụy Điển điều hành một nhà sách ở Hong Kong chuyên xuất bản ấn phẩm chứa tin đồn về các chính trị gia Trung Quốc. Hồi tháng 2, Gui bị Trung Quốc kết án 10 năm tù vì tội phát tán thông tin sai sự thật.

Covid-19 khởi phát từ Vũ Hán, Trung Quốc hồi tháng 12/2019, đã xuất hiện tại 210 quốc gia và vùng lãnh thổ, với tâm điểm dịch bệnh là Mỹ và châu Âu. Toàn cầu ghi nhận gần 3,2 triệu ca nhiễm, hơn 227.000 người chết và hơn 997.000 trường hợp bình phục.

Ánh Ngọc (Theo SCMP)
......",1588294291.0,4,0,1,0
426,-1008285474105158016,"Bộ Y tế chiều 7/5 công bố thêm 17 trường hợp mắc Covid-19 đều là những ca mới nhập cảnh về Việt Nam, được cách ly ngay.",1588851403.0,8,2,,0
427,7717037201428829184,"Trong phiên xét xử chiều nay (18/5), cựu Thứ trưởng Bộ Quốc phòng Nguyễn Văn Hiến thừa nhận đã không sát sao, quyết liệt trong thực hiện nhiệm vụ.

",1589806061.0,10,5,,0
428,1640000666715729920,"Lẹ hơn vụ luật sư rơi lầu?

“Cơ quan Cảnh sát điều tra Công an tỉnh Thanh Hóa đã khởi tố vụ án 2 người bị tử vong sau khi uống rượu xảy ra trên địa bàn thành phố Thanh Hóa vào ngày 20.4, để điều tra về tội giết người...”",1587440936.0,13,0,,0
429,-4024059823917466112,"🔖 Xem xét trách nhiệm của cô giáo chủ nhiệm và hiệu trưởng Trường Tiểu học Quang Trung.
💠 Cuối giờ chiều nay 21/5, Chủ tịch UBND thành phố Nguyễn Văn Tùng làm việc tại Trường Tiểu học Quang Trung, nghe báo cáo về thông tin được đăng tải trên mạng xã hội về một học sinh của trường được phụ huynh chở đến sớm nhưng không được vào lớp, phải đứng giữa trời nắng và bị cô giáo chủ nhiệm phê bình.
",1590061943.0,146,97,12,0
430,7559123397479561216,"NÓNG: CÔ GÁI ĐIỆN MÁY XANH DƯƠNG TÍNH COVID ĐÃ ĐI NHỮNG ĐÂU, các bạn xem qua nhé. Khoảng 18-19 giờ ngày 4-3, bệnh nhân N. tiếp xúc trực tiếp với 2 người Anh tại siêu thị Điện máy Xanh (đến mua sim điện thoại) trong thời gian 10 phút, sau đó bệnh nhân tiếp tục làm việc tại đây đến 22 giờ rồi về nhà chồng (phường Bình Thuận, quận Hải Châu). Vào các buổi sáng từ ngày 5 đến 7-3, bệnh nhân lên nhà bố mẹ ruột (phường Hoà Thọ Đông, quận Cẩm Lệ) gửi con gái để đi làm. Ngày 5-3, bệnh ...nhân làm việc tại siêu thị Điện máy Xanh từ 7 giờ sáng đến 12 giờ 30; lúc 13 giờ, bệnh nhân có dự 1 cuộc họp tại Trung tâm Thế giới di động (325 Điện Biên Phủ, phường Hòa Khê, quận Thanh Khê) với khoảng 40 người, sau đó về nhà mẹ ruột khoảng 15-20 phút rồi về nhà chồng. Sáng ngày 6-3, bệnh nhân xuất hiện triệu chứng ho khan, nghỉ tại nhà chồng từ sáng tới 15 giờ chiều, sau đó đi làm tại siêu thị Điện máy Xanh đến 22 giờ, về lại nhà chồng và không đi đâu. Ngày 7-3, bệnh nhân làm việc tại siêu thị Điện máy Xanh từ 7 giờ sáng đến 15 giờ, sau đó về nhà mẹ ruột 15-20 phút, rồi về nhà chồng. Lúc 18 giờ 30 ngày 7-3, bệnh nhân N. đi siêu thị Danavi Mart (tại đường Lê Đình Lý) cùng với em chồng. Khuya cùng ngày, bệnh nhân xuất hiện triệu chứng mệt mỏi, sốt nhẹ. Ngày 8-3, bệnh nhân sốt cao hơn nên không đi làm và nghỉ ngơi tại nhà chồng, lúc 14 giờ chiều bệnh nhân được người nhà chở đi khám tại Bệnh viện Đà Nẵng và được chẩn đoán: Viêm phế quản cấp, được cấp thuốc và điều trị ngoại trú. Sáng ngày 9-3, bệnh nhân tiếp nhận thông tin trên mạng về 2 trường hợp người Anh và đối chiếu với hình ảnh từ camera tại siêu thị Điện máy xanh, vào lúc 16 giờ bệnh nhân tự đi xe máy một mình đến Bệnh viện Phổi và được khuyến cáo tự theo dõi sức khỏe tại nhà. Đến 17 giờ cùng ngày, bệnh nhân vào siêu thị Vinmart (số 408 Hoàng Diệu). Lúc 18 giờ, bệnh nhân về đến nhà, được TTYT quận Hải Châu thăm khám tại nhà và khuyến cáo đến cơ sở y tế để thực hiện cách ly. Bệnh nhân tự đến lại Bệnh viện Phổi lúc 21 giờ cùng ngày và được thu dung, cách ly, điều trị. Sau đó, bệnh nhân được chuyển đến Khu cách ly, khoa Y học nhiệt đới, Bệnh viện Đà Nẵng để điều trị. Ngoài ra, bệnh nhân N. tiếp xúc với 5 người thân của nhà chồng và 6 người thân ở nhà bố mẹ đẻ. TTYT quận Hải Châu và Cẩm Lệ đã tiến hành phun hóa chất Chloramin B khử trùng để phòng, chống Covid-19 tại siêu thị Điện máy Xanh, nhà chồng, nhà bố mẹ đẻ của bệnh nhân, đồng thời cách ly các trường hợp tiếp xúc gần theo đúng quy định. Nguồn: Báo Đà Nẵng Xem thêm",1583911178.0,10000,3400,3700,0
431,2184427389792466944,"Đại biểu Quốc hội đề nghị Bộ LĐTB&XH nhanh chóng phản hồi, nói rõ lý do không công nhận liệt sỹ với quân nhân Nguyễn Văn Hồng (ở Thái Bình) hy sinh năm 1954.",1591938456.0,3,0,,0
432,-1161922683852041984,Sở GD&ĐT Hải Phòng đã có chỉ đạo tới các trường trong địa bàn không được khóa cổng trường trong thời gian học sinh bán trú nghỉ trưa để học sinh không bán trú đi học sớm được vào trường,,,1,"May 25th 2020, 21:57:58.000",0
433,-4109794887966420992,"VIỆT NAM LÀ NƯỚC DUY NHẤT LÀM ĐƯỢC MÀ CÁC NƯỚC KHÁC THÌ KHÔNG Cả 3 tháng nay, ở mỗi góc phố, thôn quê, mỗi căn nhà, mỗi xóm nhỏ... các chính trị gia, các nhà khoa học, các em học sinh của đất nước Việt Nam đến các nước ở Châu Á, Châu Âu, Châu Mĩ đều lo lắng, phòng ngừa Covid-19. Tuy nhiên, ở đất nước Việt Nam nhỏ bé có những điều thật kỳ diệu, khó nơi nào có được, đất nước đã tiên phong trong phòng chống dịch nCovid-19 với nhiều cách làm độc đáo, sáng tạo. Chẳng khác gì chiến... thắng Điện Biên Phủ năm 1954 chấn động địa cầu, tạo ra làn sóng đấu tranh giành độc lập của các nước thuộc địa trên toàn thế giới. Là người còn trẻ, quan sát những ngày qua, tôi thấy Việt Nam có quá nhiều điều tiên phong, đi đầu đáng để tự hào, mà giờ đây nhiều nước phải học tập, đó là: 1. Việt Nam là nước duy nhất trên thế giới đưa chuyên cơ sang tâm điểm của dịch bệnh Covid-19 về nước. Trong khi các nước lớn thờ ơ, ngó lơ người dân của ho. 2. Việt Nam là nước duy nhất hỗ trợ 100% chi phí khám, chữa bệnh, ăn uống, sinh hoạt... cho người bệnh và người bị cách ly tập trung. 3. Việt Nam là nước duy nhất trên thế giới có phác đồ điều trị sớm và hiệu quả cho các bệnh nhân bị nhiễm bệnh. 4. Việt Nam là nước duy nhất trên thế giới điều trị khỏi cho 100% bệnh nhân. 16/16 người đã ra viện, gồm cả người già và trẻ sơ sinh. 5. Việt Nam là nước duy nhất trên thế giới mà người dân tin vào Chính phủ, họ không hoang mang, hoảng loạn như Trung Quốc, Nhật Bản, Hàn Quốc, châu Âu, Mĩ. 6. Việt Nam là nước mà khẩu trang khan hiếm không có bán ở các cửa hàng thuốc, nhưng lại có khẩu trang miễn phí phát cho người dân. 7. Việt Nam là nước duy nhất có Quân đội đã cho những người lính vào rừng chịu sương gió, để người dân thuộc diện cách ly được ở những nơi khang trang, chu đáo nhất. 8. Việt Nam duy nhất là nước đã dập dịch thành công mà hơn 10 ngày nay không có ca nhiễm mới. 9. Nhiều chủ trương, chính sách được ban hành khẩn cấp, kịp thời hợp lòng dân như: Cho học sinh, sinh viên nghỉ học, thành lập nhiều bệnh viện dã chiến trên toàn quốc, cách ly 14 ngày với tất cả những người từ vùng dịch nhập cảnh vào Việt Nam... Và điều cuối cùng, Việt Nam đã bị nhiều kẻ ganh tị khi phòng chống dịch thành công. Nhiều kẻ sống ký gửi bằng đồng Đô la, cơ hội chính trị luôn mồm gào thét, nói xấu cách làm của Chính phủ, chúng ăn không nói có, ngậm máu phun người, chúng bán rẻ cả mạng sống của người Việt khi cầu mong cho Việt Nam như Vũ Hán, chúng tung tin đồn nhảm có nhiều người chết, nhiều bác sĩ bị nhiễm bệnh nCovid-19, chúng muốn gây mất ANTT để vụ lợi cá nhân. Nhưng hơn ai hết, người dân Việt Nam hiểu chính phủ của họ, họ có lòng yêu nước chân chính, họ biết phân biệt trắng đen, họ đoàn kết, chia sẻ và quyết tâm vì một nước Việt Nam giàu mạnh./. Gr Người Việt Nam Xem thêm",1582634384.0,3300,1000,2600,0
434,5274084274198870016,"Gia đình cháu bé cho biết, đã cho con 19 tháng tuổi chơi trên ô tô, sau đó để quên bé trên xe khoảng 3 tiếng dưới trời nắng, khi đó xe đóng kín, không nổ máy.
Đến khi phát hiện, cháu bé đã hôn mê, được chuyển đến bệnh viện cấp cứu.

",1591709675.0,3,3,,0
435,-689142098539858560,"Các Ngân hàng thương mại (NHTM) chưa mặn mà với phân khúc khách hàng cá nhân nhỏ lẻ bởi cả hai nguyên nhân: thị trường cho vay truyền thống với các khoản vay có quy mô đủ lớn, có thể trang trải chi phí hoạt động của ngân hàng vẫn còn nhiều tiềm năng.

Cho vay các khoản nhỏ lẻ có chi phí vận hành lớn, rủi ro nhiều, tỷ lệ nợ xấu cao trong khi Ngân hàng Nhà nước khống chế tỷ lệ nợ xấu của các NHTM dưới 3% nên các NHTM rất thận trọng khi mở rộng cho vay đối tượng này.

",1593218809.0,26,3,1,0
436,-6393162443554609152,"Theo đề xuất của Ban chỉ đạo Quốc gia, đối với những tỉnh, thành phố nằm trong nhóm nguy cơ cao, kiến nghị tiếp tục thực hiện biện pháp cách li xã hội thêm ít nhất 1 tuần.

Những địa phương có nguy cơ và nguy cơ thấp, một số hoạt động sản xuất kinh doanh được hoạt động có điều kiện trên cơ sở bảo đảm an toàn vệ sinh dịch tễ",1586933976.0,7,1,,0
437,-6104694549510181888,"𝗧𝗶̀𝗻𝗵 𝗵𝗶̀𝗻𝗵 đ𝗮̣𝗶 𝗱𝗶̣𝗰𝗵 𝗖𝗢𝗩𝗜𝗗-𝟭𝟵 𝗰𝗮̣̂𝗽 𝗻𝗵𝗮̣̂𝘁 đ𝗲̂́𝗻 𝘀𝗮́𝗻𝗴 𝟭𝟮/𝟬𝟰

Sáng nay chưa thấy có thêm ca nhiễm mới nào, con số tổng chúng ta vẫn đang có 258 người nhiễm virus. Các nước châu Âu đang tìm mọi cách để hạn chế người dân đi lại trong dịp lễ Phục sinh này. Mỹ chính thức đứng đầu bảng về cả số ca nhiễm lẫn số ca tử vong do covid-19.

𝗧𝗶̀𝗻𝗵 𝗵𝗶̀𝗻𝗵 𝗩𝗶𝗲̣̂𝘁 𝗡𝗮𝗺

- Sáng nay không có ca nhiễm mới, hiện tổng số ca nhiễm từ đầu dịch đến giờ là 258 người, hơn 1 nửa đã khỏi bệnh, có thêm 12 người có 2 lần cho kết quả xét nghiệm âm tính, đủ tiêu chuẩn công bố khỏi bệnh.
- Tổng số người nghi nhiễm là 2,266. Hiện có 72,508 người đang được cách ly, trong đó: cách ly tập trung tại bệnh viện: 1,198; cách ly tập trung tại cơ sở khác: 17,519; cách ly tại nhà, nơi lưu trú: 53,791.
- Hôm nay là ngày Bệnh viện Bạch Mai không còn bị phong tỏa, tuy nhiên theo giám đốc bệnh viện thì mọi hoạt động khám chữa bệnh sẽ chỉ trở lại như bình thường vào đầu tháng 5 tới.
- Hàng trăm người dân Phan Thiết đổ ra bãi biển Thương Chánh hóng mát, chơi bóng và tắm bất chấp lệnh cấm.
- Nhiều người dân rỉ tai nhau “đi đâu xách túi gạo với hai gói mì” đối phó chính quyền khi ra đường tập thể dục, dắt chó đi dạo.
- Bình Định bắt 1 chủ quán cà phê xách mã tấu đuổi đánh đoàn phòng chống dịch khi được nhắc nhở giải tán không tụ tập.
- Bộ Y tế ra công văn khẩn gửi đến tất cả các Sở y tế về việc không cho phép làm xét nghiệm virus SARS-CoV-2 theo yêu cầu để tránh lãng phí, cần dồn toàn lực vào tập trung chống dịch.
- Nhiều người nghe tin thuốc trị giun lươn, giun chỉ có khả năng trị được covid-19 nên đã mua làm cho mặt hàng này bị tăng giá mạnh. Trên thực tế thuốc này mới đang được nghiên cứu trong phòng thí nghiệm, chưa có kết quả cuối cùng.

𝗧𝗶̀𝗻𝗵 𝗵𝗶̀𝗻𝗵 𝘁𝗵𝗲̂́ 𝗴𝗶𝗼̛́𝗶

- Trung Quốc cho rằng lý do trong những tuần gần đây Tây Ban Nha, Hà Lan, Thổ Nhĩ Kỳ và Úc đã trả lại khẩu trang mua từ Trung Quốc vì các quốc gia không ""kiểm tra kỹ"" sản phẩm trước khi mua.
- Theo thống kê riêng ở bang New York cứ 15 giây lại có 1 cuộc gọi 911 tới tổng đài để yêu cầu trợ giúp, sở cứu hỏa ở đây cũng nhận khoảng 5,500 cuộc gọi khẩn cấp mỗi ngày. Chính quyền bang này đã phải thông báo và đăng Twitter kêu gọi người dân chỉ khi có tình huống nghiêm trọng ảnh hưởng tới sinh mạng mới gọi đến các số này. Bang này là tâm dịch của Mỹ với số người nhiễm cao hơn cả số người nhiễm tại Tây Ban Nha, nước vốn đứng ngay sau Mỹ về số ca nhiễm bệnh.
- Mỹ cho đến sáng nay đã có 532,092 ca nhiễm và 20,562 ca tử vong, đã vượt lên trên Italy về số ca tử vong và giờ đứng đầu bảng ở cả 2 chỉ số. Lần đầu tiên trong lịch sử toàn bộ 50 bang công bố đang ở trong tình trạng thảm họa,
- Bộ trưởng y tế Tây Ban Nha cho biết sẽ nới lỏng dần các lệnh phong tỏa, một vài ngành nghề sẽ được quay trở lại hoạt động. Tuy nhiên những công nhân sẽ bắt buộc phải đeo khẩu trang khi đến chỗ làm. Chính phủ sẽ phát các loại khẩu trang có thể tái sử dụng tại các bến ga tàu điện ngầm và các điểm giao thông công cộng khác. Tây Ban Nha hiện có 163,027 ca nhiễm và 16,606 ca tử vong, đã có gần 60 nghìn người hồi phục.
- Italy tập trung dựng các rào chắn và các trạm kiểm tra ở khu vực tâm dịch, khu vực phía Bắc Lombardy, để hạn chế người dân đi lại dịp lễ Phục sinh. Italy giờ đang có tổng cộng 152,271 ca nhiễm và 19,468 ca tử vong.
- Đức hiện đang có 125,452 ca nhiễm và 2,871 ca tử vong, số tử vong thấp nhất trong những nước có hơn 100 nghìn người bị virus, Đức cũng đã có 57,400 người hồi phục.
- Số ca tử vong do tai nạn giao thông ở Pháp giảm 40% do các lệnh phong tỏa dẫn đến việc ít người đi ra ngoài đường hơn. Việc di chuyển từ tỉnh này sang tỉnh khác cũng đã bị cấm để hạn chế lây lan virus. Cho đến sáng nay Pháp có 129,654 người nhiễm với 13,832 ca tử vong.
- Anh trai của thủ tướng Anh phàn nàn việc cấp cứu em của mình đã diễn ra trong sự luống cuống của các nhân viên y tế, tuy vậy ông này cũng cảm ơn họ đã cố gắng để cứu chữa ông Boris kịp thời. Hiện thủ tướng Anh đáp ứng tốt, đã có thể đi lại nhưng vẫn chưa thể về điều trị tại nhà, ông này vừa có lời cảm ơn các bác sỹ đã cứu mạng mình. Nước Anh cho đến sáng nay đã có 78,991 ca nhiễm và 9,875 ca tử vong. Nhiều y bác sỹ kêu gọi hỗ trợ thêm thiết bị phòng hộ đơn giản như khẩu trang. Nhiều người đang bị mất nước do không dám tháo khẩu trang ra để uống nước vì sợ phải vứt bỏ chiếc khẩu trang cũ đi thì sẽ không còn cái dùng.
- Áo cho biết họ sẽ nới lỏng dần các lệnh cách ly, tuy nhiên riêng khu vực khu nghỉ dưỡng trượt tuyết, nơi được cho là ổ dịch đầu tiên, thì sẽ bị kéo dài lệnh cách ly hơn nữa. Áo đến giờ đã có 13,806 ca nhiễm và 337 ca tử vong.
- Đất nước Phần Lan với khoảng 5.5 triệu dân đang có hơn 1,800 người nhiễm virus và 49 người tử vong.
- Sau khi công bố tình trạng khẩn cấp ở nhiều tỉnh thành tại Nhật Bản thì hôm qua thủ tướng Abe lên truyền hình kêu gọi người dân tạm thời nên dừng đến các điểm giải trí vào buổi tối, ông này cũng kêu gọi các công ty ở khu vực Tokyo cắt giảm 70% số nhân viên phải đến công sở và khuyến khích áp dụng biện pháp làm việc tại nhà.
- Điện Kremlin cho biết số ca nhiễm virus tăng rất nhanh, hiện số người nhiễm tại Nga đã là 13,584 người và 106 người đã tử vong. Báo chí Nga đưa tin có những hàng dài các xe cứu thương đứng chờ phía ngoài các bệnh viện có khả năng chữa trị covid-19.
- WHO kêu gọi Belarus nên có các biện pháp phòng ngừa và chống dịch mạnh mẽ hơn sau khi nước này có 2,226 ca nhiễm và 23 ca tử vong. Hiện tổng thống Lukashenko vẫn chưa coi trọng việc phong tỏa hay cách ly, trước đây ông này còn phát biểu uống vodka và tắm hơi sẽ giúp đẩy lùi virus. Ông Lukashenko còn được thấy đi chơi hockey và bá vai bá cổ các cầu thủ, giải bóng đá ở Belarus vẫn diễn ra bình thường.
- Tại Ai Cập cảnh sát đã phải dùng hơi gas để giải tán đám đông phải đối việc chôn 1 bác sỹ tử vong do covid-19. Lý do những người này phản đối là lo xác chưa được xử lý và có thể lây nhiễm virus ra môi trường xung quanh.
- Saudi Arabia sẽ kéo dài lệnh phong tỏa ""cho đến khi có thông báo mới hơn"". Nước này cũng đang xem xét có hủy bỏ buổi lễ hành hương Haj hàng năm về thánh địa Mecca hay không.
- Số ca nhiễm mới tại Ecuador trong 24 giờ qua tăng khủng khiếp, hơn 2,100 người đã dương tính với virus, đưa tổng số người nhiễm tại đây lên 7,161 người và 297 người đã tử vong. Tổng thống nước này đang kêu gọi làm 1 cuộc điều tra tại sao việc xử lý các xác chết tại thành phố Guayaquil lại không theo đúng quy trình mà lại để xác ở ngoài đường.
- Canada cập nhật số liệu với hơn 1 nghìn người nhiễm mới trong ngày hôm qua, đến giờ Canada đã có 22,559 ca nhiễm và 600 người đã tử vong.
- Hiệu trưởng Harvard và vợ cho biết sẽ tặng huyết tương của mình cho nhà chức trách để giúp cứu những người đang nguy kịch do virus.

Nguồn : Tinh Tế, Tuổi Trẻ, CNN , BBC , WHO , Tổng Hợp
#anticorona #covid_19 #covid  #news #virusnews #coronavirusnews #tintuc #tintucdichbenh",1586665307.0,1,0,,0
438,2066466150807782912,"🇻🇳Cả nước bước vào giai đoạn 14 ngày Vàng chống dịch 🇻🇳  ❣️Ngày đầu tiên Đêm 28.03.2020❣️ Tại thời điểm bây giờ thì các đệ nhất siêu cường như Mỹ🇺🇸, TQ🇨🇳, Ý 🇮🇹,ANH🇬🇧, PHÁP🇫🇷, ĐỨC🇩🇪, TBN🇪🇦...đều trở thành ổ dịch.... 👻 Số ca tử vong gia tăng chóng mặt, trong khi con số ấy ở VN là số 0, phương Tây mới bắt đầu nhìn về VN. 🏁Khi châu Âu là ổ dịch, 🇻🇳 VN đã gấp rút phái  máy bay chở công dân và kiều bào về để mà bảo bọc. 🇻🇳Chính Phủ VN nói, đây là tình dân tộc, nghĩa đồng bào, đây là khúc ruột ngàn dặm. Máy bay VN lao vào tâm dịch, vượt nửa vòng trái đất, vượt muôn dặm trùng dương để cố gắng đưa hết con Lạc, cháu Hồng về quê tránh dịch.  🇻🇳Về với Tổ quốc xa tít trùng khơi. Tổ quốc, có khi nào hết khó khăn đâu. Nhưng Tổ quốc bao giờ cũng dang rộng vòng tay. ""♥️Ai thật lòng yêu ai đến bây giờ mình đã biết😍""!!!  ⏳Dẫu đường đời trăm vạn lối, song cuối cùng thì những người ra đi còn có hướng quay về giữa vòng tay dang rộng và đùm bọc của dân tộc. ☠️Đứng trước sinh tử, sinh mạng con người là như nhau, đều là vốn quý nhất. Chúng ta đối với nhau vốn không có oán thù. Oán thù là do tà kiến, là do vô minh che khuất lương tri. Những luận điệu như là CS hèn với giặc, ác với dân đến bây giờ đã bị rơi xuống, ai thiện, ai ác đâu cần phải nói nhiều.  📅Hai tuần lễ tới đây là hai tuần quyết liệt, hai tuần vô cùng vất vả gian lao.14 ngày chống Covid cũng giống như 12 ngày đêm làm trận Điện Biên Phủ trên không, cũng giống như chiến dịch tháng 4 toàn thắng.  💒Biết đâu đấy, sẽ có ngày 30/4 được lặp lại, đất nước trọn niềm vui!!! P/S: Việt Nam quyết thắng đại dịch 🇻🇳 Xem thêm",1585486894.0,3700,564,6300,0
439,-7845741394264275968,"THÔNG TIN CA BỆNH 100 – 106 Theo kết quả xét nghiệm nhận được lúc 20h ngày 22/3/2020 từ Viện Pasteur TP Hồ Chí Minh, đã xác định được thêm 7 bệnh nhân mắc COVID-19 tại TPHCM và khu vực Đồng bằng Sông Cửu Long CA BỆNH 100: Bệnh nhân nam, 55 tuổi, quốc tịch Việt Nam, địa chỉ ở Quận 8, TP. Hồ Chí Minh. Tiền sử bệnh đái tháo đường và viêm khớp. ... Ngày 03/3/2020, bệnh nhân từ Kuala Lumpur - Malaysia về Việt Nam trên chuyến bay của hãng hàng không AsiaAir số hiệu AK524. Bệnh nhân được hướng dẫn tự cách ly tại nhà. Tuy nhiên trong thời gian từ ngày 04/3/2020 đến ngày 17/3/2020, bệnh nhân có đi lễ 5 lần/ngày tại Thánh đường Hồi giáo Jamiul Anwar - số 157B/9 Dương Bá Trạc, Phường 1, Quận 8, TP. Hồ Chí Minh.  Ngày 18/3/2020, mặc dù bệnh nhân chưa có dấu hiệu bệnh, nhưng được Trung tâm Y tế Quận 8 lấy mẫu giám sát theo nhóm đối tượng dự lễ hội từ Malaysia.  Viện Pasteur TPHCM kết luận mẫu bệnh phẩm dương tính với vi rút SARS-CoV-2 vào ngày 22/3/2020.  Hiện bệnh nhân được cách ly tại Bệnh viện Bệnh Nhiệt đới TP. Hồ Chí Minh. Tại khu cách ly Đồng Tháp: phát hiện được 04 trường hợp dương tính với SARS-COV-2  đều là hành khách trên chuyến bay của Hãng Hàng không Vietnam Airlines số hiệu VN0050 từ Anh về  sân bay Cần Thơ sáng ngày 18/3/2020.  Khi nhập cảnh, các trường hợp đều chưa có triệu chứng bệnh và được đưa về khu cách ly tập trung của Đồng Tháp. 04 trường hợp dương tính bao gồm: CA BỆNH 101: Bệnh nhân nữ, quốc tịch Việt Nam, 26 tuổi, địa chỉ ở Tp.Vũng Tàu, Bà Rịa-Vũng Tàu. Số ghế trên chuyến bay là 26F. CA BỆNH 102: Bệnh nhân nữ, quốc tịch Việt Nam, 9 tuổi, địa chỉ ở Quận Hoàn Kiếm, Hà Nội. Số ghế trên chuyến bay là 20D. CA BỆNH 103: Bệnh nhân nam, quốc tịch Việt Nam, 22 tuổi, địa chỉ ở Quận Phú Nhuận, TPHCM. Số ghế trên chuyến bay là 12F. CA BỆNH 104: Bệnh nhân nữ, quốc tịch Việt Nam, 33 tuổi, địa chỉ ở Quận 12, TP. Hồ Chí Minh. Số ghế trên chuyến bay là 27D. Tại khu cách ly Trà Vinh: phát hiện 02 trường hợp dương tính với SARS-COV-2,  đều là hành khách trên chuyến bay của hãng hàng không AirAsia số hiệu AK575 từ Malaysia về tới sân bay Cần Thơ sáng ngày 18/3/2020.  Khi nhập cảnh, các trường hợp đều chưa có triệu chứng bệnh, được đưa về khu cách ly tập trung của Trà Vinh. 02 trường hợp dương tính bao gồm: CA BỆNH 105: Bệnh nhân nữ, quốc tịch Việt Nam, 35 tuổi, địa chỉ ở huyện Chợ Mới, An Giang. Số ghế trên chuyến bay là 6E. CA BỆNH 106: Bệnh nhân nữ, quốc tịch Việt Nam, 20 tuổi, địa chỉ ở huyện Châu Phú, An Giang. Số ghế trên chuyến bay là 6C. Xem thêm",1584883703.0,36000,5500,6700,0
440,3970806225812037120,"MỸ: SA THẢI NHÂN VIÊN PHỤ TRÁCH BẢN ĐỒ COVID-19 VÌ KHÔNG CHỊU CHỈNH SỬA SỐ LIỆU :3

Rebekah Jones, nữ nhân viên phụ trách bản đồ tương tác điện tử về dịch Covid-19 của bang Florida (Mỹ) đã bị sa thải vì từ chối chỉnh sửa số liệu để hỗ trợ kế hoạch mở cửa trở lại của tiểu bang.

",1590071139.0,5,0,,0
441,-3533482413411831808,"Công an TP.HCM truy tìm “giang hồ mạng” Huấn Hoa Hồng

Công an quận Thủ Đức đã phát thông báo truy tìm giang hồ mạng Huấn Hoa Hồng về 1 đơn tố cáo.

Ngày 16/6, Công an quận Thủ Đức phát lệnh truy tìm ""giang hồ mạng"" Huấn Hoa Hồng vì liên quan đến 1 đơn tố cáo của người dân.

Huấn Hoa Hồng tên thật là Bùi Xuân Huấn (SN 1985, quê huyện Trấn Yên, Yên Bái). Huấn Hoa Hồng là “giang hồ mạng” thường đăng tải những video, clip nói về đạo lý, có mối quan hệ với các giang hồ mạng khác như Khá “Bảnh”…

Trước đó, Huấn từng bị Công an quận Bình Thạnh phát hiện dương tính ma túy tại tụ điểm ăn chơi trong chung cư ở phường 22, quận Bình Thạnh, sau đó, Huấn đã bị đưa đi cai nghiện ma túy.",1592282082.0,5,1,,0
442,-2645342902499845120,Đại diện Vingroup cho biết đây là sự tri ân của tập đoàn với 2 quốc gia - nơi khởi nguồn phát triển của tập đoàn.,1588822077.0,155,3,2,0
443,-5124657762781775872,"Bình Dương chuẩn bị đón gần 4.000 người từ vùng dịch nước ngoài về.  Bình Dương đã hoàn tất cơ sở vật chất, thiết bị y tế và đội ngũ cán bộ để thực hiện cách ly tập trung cho khoảng 3.912 người về từ nước ngoài, bắt đầu từ ngày mai. Thông tin từ Ban Phòng, chóng dịch COVID-19 tỉnh Bình Dương ngày 30/3, cho biết công tác chuẩn bị tiếp nhận kiều bào, du học sinh và người lao động từ nước ngoài trở về cơ bản đã hoàn tất, sẵn sàng tiếp nhận cách ly tập trung.... Bình Dương đã chuẩn bị nơi ăn, chốn nghỉ, sinh hoạt bảo đảm phục vụ cho 3.912 người, đạt trên 100% chỉ tiêu đề ra. Quân khu 7 yêu cầu chuẩn bị tiếp nhận 3.850 người nhưng tỉnh chỉ đạo dự phòng nhiều hơn. Việc cách ly tập trung đợt này bắt đầu diễn ra trong ngày mai (31/3) tại trường Cao đẳng Nghề Việt Nam - Singapore và trường Quân sự tỉnh, sẵn sàng tiếp nhận với số lượng 500 người. Vào ngày 6/4, Tòa nhà cư xá 1 Becamex (phường Chánh Phú Hòa, TX.Bến Cát) sẵn sàng tiếp nhận tiếp 500 người. Tiếp đó, trong ngày 22/4, Tòa nhà cư xá 2 Becamex (phường Thới Hòa, TX.Bến Cát) tiếp nhận 500 người. Các điểm còn lại cũng sẵn sàng tiếp nhận vào các thời gian tiếp theo khi nhận lệnh điều tiết. Nơi cách ly tập trung được phân thành các khu vực dành cho nam, khu dành cho nữ và còn lại sẽ làm khu dự phòng. Công tác cấp dưỡng, diệt khuẩn, khử trùng, kiểm tra, rà soát đã sẵn sàng; hoàn tất phòng cách ly đặc biệt, bố trí giường y tế và trang bị một số thuốc thông thường để chăm sóc sức khỏe cho bà con tại chỗ khi mắc một số bệnh thông thường. Trường hợp có biểu hiện sốt, ho, khó thở nghi ngờ nhiễm COVID-19, sẽ được đội phản ứng nhanh tích cực xử lý. Trong quá trình cách ly, người dân sẽ được tận tình hỗ trợ để thoái mái nhất. Sau khi hết hạn cách ly, 10 phương tiện từ 29 chỗ đến 45 chỗ chở bà con về nơi ở. Việc tiếp nhận người về từ nước ngoài sẽ do công an điều tiết tại Sân bay Tân Sơn Nhất (TP.HCM). Về bố trí lực lượng ở khu vực cách ly, y bác sĩ giỏi, cán bộ quân y sẽ túc trực chăm sóc y tế, còn cảnh vệ thì làm nhiệm vụ canh gác, tuần tra. Những người khác thực hiện cấp dưỡng cho người được cách ly. Theo Sở Y tế Bình Dương, tính đến nay địa phương chưa có trường hợp dương tính với COVID-19, các trường hợp nghi nhiễm sau khi xét nghiệm đều có kết quả âm tính. Theo HƯƠNG CHI Báo Tiền Phong Xem thêm",1585578770.0,4400,1400,2400,0
444,9054162502202324992,"50 triệu USD không phải là chi phí phát sinh tăng thêm của Hợp đồng, Bộ Giao thông vận tải cho biết.",1591090698.0,8,1,1,0
445,6431434235876790272,"GHI NHẬN CA NHIỄM COVID-19 THỨ 45 TẠI VIỆT NAM 17 giờ ngày 13/3/2020, Bộ Y tế nhận được thông tin của Viện Pasteur Thành phố Hồ Chí Minh thông báo kết quả xét nghiệm dương tính SARS-CoV-2, cụ thể: Bệnh nhân nam, trú tại phường 7, quận Tân Bình, Thành phố Hồ Chí Minh có tiếp xúc gần với bệnh nhân số 34. ... Ngày 03/3, bệnh nhân này đã ăn tối và làm việc với vợ chồng BN34 tại Bình Thuận. Ngày 04/3, bệnh nhân trở lại Thành phố Hồ Chí Minh trên xe cá nhân cùng 3 người khác. Ngày 10/3, sau khi biết thông tin BN34 mắc bệnh COVID-19, bệnh nhân đã tự cách ly tại nhà. Ngày 12/3, bệnh nhân có ngạt mũi, rát họng nên đến khám và được cách ly tập trung tại quận Tân Bình, sau đó về khu điều trị tập trung tại Bệnh viện dã chiến Củ Chi bằng xe chuyên dụng cách ly nghiêm ngặt. Hiện sức khoẻ bệnh nhân ổn định. --- Bạn đã follow ""Lá chắn virus Corona"" trên Lotus? Thông tin nhanh chóng - kịp thời - đầy đủ nhất về Covid-19. Tải app Lotus ngay tại đây: https://bitlylink.com/1lrdS #LaChanVirusCorona #Lotus #VCCorp #ICT_anti_nCoV Xem thêm",1584096840.0,12000,2900,2500,0
446,444210260057187776,"Xác nhận với Tuổi Trẻ Online, gia đình bà Loan và luật sư Trần Hồng Phong (người hỗ trợ pháp lý cho Hồ Duy Hải), cho biết đơn đã được gửi đi với hi vọng quyết định của Hội đồng thẩm phán Tòa án nhân dân tối cao sẽ được xem xét lại.

Trong đơn, bà Loan viết không thể quên được thời điểm cách đây 5 năm khi đoàn giám sát của Quốc hội do bà Nga làm trưởng đoàn đã gặp gia đình bà. Báo cáo kết quả nghiên cứu vụ án gửi Quốc hội đã kết luận: ""Việc tòa án hai cấp kết tội Hồ Duy Hải là chưa đủ cơ sở vững chắc, có đầy đủ căn cứ để giám đốc thẩm"".

Xem thêm : sai sót trong điều tra là sai sót nghiêm trọng tố tụng.

https://tuoitre.vn/vu-an-ho-duy-hai-sai-sot-trong-dieu-tra-co-vi-pham-to-tung-2020050921231649.htm",1589105387.0,83,5,4,0
447,-1719442495666683904,http://laodongthudo.vn/luon-lang-nghe-y-kien-va-phan-anh-cua-bao-chi-de-xay-dung-thu-do-phat-trien-109450.html,1592316285.0,1,1,,0
448,4312392395126636032,"Một số người dân ở Hà Nội vẫn ngồi đánh cờ, uống trà đá, đi dạo mà không đeo khẩu trang, nhiều cửa hàng không thiết yếu vẫn mở cửa.",1585538240.0,2,1,,0
449,460870425506874368,"Bài hát: VIỆT NAM ƠI!ĐÁNH BAY CORONA- Nhạc sỹ Minh Beta  VUI MỘT TÍ - NHẬN TIỀN NHIỀU TÍ: Ở nhà buồn qúa không có gì làm, sao không quay clip hát bài này và gửi cho RUBIK CUỘC SỐNG nhỉ?  CLip nào thú vị và được nhiều like, share trên trang Rubik, sẽ nhận phần thưởng đi nào anh em ơi! Gia đình ơi! ĐÃ VẬY TIN MỚI NHẤT, CLIP NÀO THÚ VỊ CÒN XUẤT HIỆN TRONG MV CHÍNH THỨC SẮP RA MẮT NGÀY 31/3 CỦA BÀI HÁT NÀY. CÙNG NHAU LÊN SÓNG NÀO ANH CHỊ EM ƠI!",,43000,559,12000,0
450,-4024059823917466112,"🔖 Công bố tổng đài giải đáp thông tin về gói hỗ trợ 62.000 tỉ đồng.
💠 Tổng đài 111 chính thức bắt đầu tiếp nhận thông tin từ ngày 1-5-2020. Các số điện thoại tiếp nhận phản ánh kiến nghị của người dân, bao gồm: 0913.049.567; 0977.976.686; 0913.378.816.
",1588336746.0,2,2,1,0
451,-8906719260466179072,"Tin giả Hồ Duy Hải nhận tội khi gặp Đoàn giám sát Quốc hội

Những ngày gần đây, một số người dùng mạng xã hội đưa tin Hồ Duy Hải đã nhận tội khi gặp bà Lê Thị Nga, Phó Chủ nhiệm Uỷ ban Tư pháp.

Kiểm Tin đã tra xét toàn văn báo cáo gởi các thành viên giám sát của bà Lê Thị Nga ngày 10 tháng 02 năm 2015, được biết:

Tại buổi gặp với bà Nga “Hải nhiều lần trả lời là không giết người và đề nghị xem xét lại vụ án”.

Thông tin cho rằng Hồ Duy Hải nhận tội khi gặp Đoàn giám sát Quốc hội là fake news.

---Theo Kiểm Tin---",1589083011.0,10,1,2,0
452,8430492205915816960,"Trời ơi, hung thủ sát hại cháu bé lại là một nam sinh lớp 11, trú cùng xóm với nạn nhân, gia đình tìm thấy thi thể cháu ở trong rừng, gần bờ suối tại địa phận huyện Yên Thành, cách nhà cháu khoảng 10km, đau xót quá mọi người ơi",1591712715.0,15,4,,0
453,2184427389792466944,"Ngày 20-5, chính quyền xã An Bình, huyện Kiến Xương, tỉnh Thái Bình đã phải tổ chức lại đại hội Đảng bộ nhiệm kỳ 2020-2025 do có phiếu bầu gian lận làm sai lệch kết quả bầu Ban chấp hành Đảng bộ xã trong chương trình đại hội trước đó.",1589966245.0,108,92,26,0
454,1049371931483827968,"Nhiều năm trở lại đây, vấn nạn sách giả sách lậu luôn là chủ đề nhức nhối, không chỉ “vấy bẩn” tri thức, sách giả, sách lậu còn khiến các doanh nghiệp,… “nhói lòng” vì đứa con tinh thần bị xâm hại.

",1593145780.0,11,3,,0
455,-2645342902499845120,"Tại cuộc họp báo Chính phủ thường kỳ chiều 5/5, báo giới đặt nhiều câu hỏi liên quan đến sai phạm trong việc mua sắm máy xét nghiệm Covid-19 xảy ra tại CDC Hà Nội.",1588685146.0,25,13,1,0
456,896764849329199104,King Coffee của bà Lê Hoàng Diệp Thảo chính thức đồng hành cùng Đội tuyển Quốc gia Việt Nam với hợp đồng tài trợ trong 3 năm liên tiếp,1590399761.0,5,1,,0
457,-8121156769546520576,"Theo Thiếu tướng Nguyễn Quốc Duyệt, Tư lệnh Bộ Tư lệnh Thủ đô, một số du học sinh ở khu vực châu Âu trở về nhìn chung con cháu của gia đình có điều kiện, nên khi về đến sân bay Nội Bài có hiện tượng một số thiếu hợp tác với cơ quan chức năng. “Một số phải dùng công an, an ninh hàng không gần như cưỡng chế cho lên xe thì mới vận chuyển được về các địa điểm cách ly”

#thoisu #duhọcsinh #thiếuhợptác #Covid19",1585006386.0,102,60,9,0
458,-2856141489536363008,"Đây là một việc không hề đơn giản...

[https://lsvn.vn/vu-duong-nhue-hanh-vi-khong-truy-cuu-trach-nhiem-hinh-su-nguoi-co-toi-se-doi-mat-muc-an-cao-nhat-12-nam-tu.html](https://lsvn.vn/vu-duong-nhue-hanh-vi-khong-truy-cuu-trach-nhiem-hinh-su-nguoi-co-toi-se-doi-mat-muc-an-cao-nhat-12-nam-tu.html)",1591745374.0,10,2,2,0
459,-2856141489536363008,[https://lsvn.vn/su-dung-ruou-bia-va-bo-chay-sau-khi-gay-tai-nan-co-phai-la-tinh-tiet-tang-nang-hinh-phat-doi-voi-truong-ban-noi-chinh-tinh-uy-thai-binh.html](https://lsvn.vn/su-dung-ruou-bia-va-bo-chay-sau-khi-gay-tai-nan-co-phai-la-tinh-tiet-tang-nang-hinh-phat-doi-voi-truong-ban-noi-chinh-tinh-uy-thai-binh.html),1591227217.0,16,3,,0
460,-4024059823917466112,"💞🇻🇳 Công khai đối tượng khó khăn được hưởng gói hỗ trợ 62.000 tỷ đồng.
🔖 “Do đây là tiền từ ngân sách, nên cả xã hội sẽ giám sát và cơ quan chức năng sẽ xử lý rất nghiêm vi phạm trục lợi chính sách này nếu phát hiện. Việc hỗ trợ phải triển khai nhanh nhất. Đối tượng lao động tự do là nhóm đối tượng khó khăn nhất, đang cần hỗ trợ trong thời điểm này. Vì vậy, khuyến khích TP Hồ Chí Minh và Hà Nội thực hiện hỗ trợ lao động tự do trước ngày 30/4”, Bộ trưởng Đào Ngọc Dung khẳng định.
",1588001402.0,3,0,,0
461,2585820377015578112,"Kết quả khảo sát mới đây của Ban nghiên cứu phát triển Kinh tế tư nhân đưa ra một con số giật mình là: Nếu Covid-19 kéo dài 6 tháng, 74% doanh nghiệp có thể sẽ phá sản do doanh thu không thể bù đắp các khoản chi cho hoạt động như trả lương, lãi vay ngân hàng, thuê mặt bằng. Mới đây,  WHO cũng đã công bố Covid-19 là đại dịch toàn cầu thì khó ai có thể dự đoán là dịch sẽ kéo dài trong bao lâu. Các chủ doanh nghiệp đang vò đầu bứt tay chống dịch như thế nào?  #tcktct #gocnhintrongnuoc #vtv24 #Covid19",,31000,1800,12000,0
462,1640000666715729920,"Sao kỳ vậy?

“Tối 31.5, nguồn tin riêng của Thanh Niên cho biết, chiều cùng ngày, lực lượng của Công an tỉnh Thanh Hóa đã bắt giữ ông Bùi Quốc Toàn, Trưởng phòng Quản lý công chức, viên chức Sở Nội vụ Thanh Hóa...”",1590939753.0,104,11,9,0
463,-6502239828822521856,"Bí thư Thành ủy Nguyễn Thiện Nhân cho biết dịch COVID-19 là bệnh cần nhiều người chăm sóc, chữa trị. Hai cha con người Trung Quốc nhiễm bệnh ở TP.HCM vừa qua, ông Nhân nói chỉ chữa cho 2 bố con ấy thôi mà Bệnh viện Chợ Rẫy phải dùng cả một khoa. Nếu TP phải chăm sóc cho cỡ 1.000 người bệnh thì đó thật sự là một gánh nặng không dễ.",1582637712.0,7400,,2200,0
464,-3945074536763892224,"VIỆT NAM CÁN MỐC >100 CA COVID-19❗️THÔNG TIN CA BỆNH 100, 101, 102, 103, 104, 105, 106❗️ ✖️ CA BỆNH 100: Bệnh nhân nam, 55 tuổi, quốc tịch Việt Nam, địa chỉ ở Quận 8, TP. Hồ Chí Minh. Tiền sử bệnh đái tháo đường và viêm khớp.  Ngày 03/3, bệnh nhân từ Kuala Lumpur - Malaysia về Việt Nam trên chuyến bay của hãng hàng không AsiaAir số hiệu AK524. Bệnh nhân được hướng dẫn tự cách ly tại nhà. Tuy nhiên trong thời gian từ ngày 04/3 đến ngày 17/3, bệnh nhân có đi lễ 5 lần/ngày tại T...hánh đường Hồi giáo Jamiul Anwar - số 157B/9 Dương Bá Trạc, Phường 1, Quận 8, TP. Hồ Chí Minh.  Ngày 18/3, mặc dù bệnh nhân chưa có dấu hiệu bệnh, nhưng được Trung tâm Y tế Quận 8 lấy mẫu giám sát theo nhóm đối tượng dự lễ hội từ Malaysia. Viện Pasteur TP. Hồ Chí Minh kết luận mẫu bệnh phẩm dương tính với vi rút SARS-CoV-2 vào ngày 22/3.  Hiện bệnh nhân được cách ly tại Bệnh viện Bệnh Nhiệt đới TP. Hồ Chí Minh.  📍 Tại khu cách ly Đồng Tháp: phát hiện được 04 trường hợp dương tính với SARS-COV-2  đều là hành khách trên chuyến bay của Hãng Hàng không Vietnam Airlines số hiệu VN0050 từ Anh về  sân bay Cần Thơ sáng ngày 18/3.  Khi nhập cảnh, các trường hợp đều chưa có triệu chứng bệnh và được đưa về khu cách ly tập trung của Đồng Tháp. 04 trường hợp dương tính bao gồm: ✖️ CA BỆNH 101: Bệnh nhân nữ, quốc tịch Việt Nam, 26 tuổi, địa chỉ ở TP. Vũng Tàu, Bà Rịa - Vũng Tàu. Số ghế trên chuyến bay là 26F. ✖️ CA BỆNH 102: Bệnh nhân nữ, quốc tịch Việt Nam, 9 tuổi, địa chỉ ở Quận Hoàn Kiếm, Hà Nội. Số ghế trên chuyến bay là 20D. ✖️ CA BỆNH 103: Bệnh nhân nam, quốc tịch Việt Nam, 22 tuổi, địa chỉ ở Quận Phú Nhuận, TP. Hồ Chí Minh. Số ghế trên chuyến bay là 12F. ✖️ CA BỆNH 104: Bệnh nhân nữ, quốc tịch Việt Nam, 33 tuổi, địa chỉ ở Quận 12, TP. Hồ Chí Minh. Số ghế trên chuyến bay là 27D. 📍 Tại khu cách ly Trà Vinh: phát hiện 02 trường hợp dương tính với SARS-COV-2, đều là hành khách trên chuyến bay của hãng hàng không AirAsia số hiệu AK575 từ Malaysia về tới sân bay Cần Thơ sáng ngày 18/3. Khi nhập cảnh, các trường hợp đều chưa có triệu chứng bệnh, được đưa về khu cách ly tập trung của Trà Vinh. 02 trường hợp dương tính bao gồm: ✖️ CA BỆNH 105: Bệnh nhân nữ, quốc tịch Việt Nam, 35 tuổi, địa chỉ ở huyện Chợ Mới, An Giang. Số ghế trên chuyến bay là 6E. ✖️ CA BỆNH 106: Bệnh nhân nữ, quốc tịch Việt Nam, 20 tuổi, địa chỉ ở huyện Châu Phú, An Giang. Số ghế trên chuyến bay là 6C. © Bộ Y tế Xem thêm",1584884148.0,45000,2800,3700,0
465,-4723502351165939712,https://doanhnhan.vn/mot-manh-dat-co-2-so-do-o-phu-tho-cong-dan-keu-cuu-chinh-quyen-chua-thau-d29822.html,1590557253.0,7,6,,0
466,-7489445737900986368,"Người ta lại đề xuất bỏ hạn ngạch xuất khẩu rồi ông giáo ah (đề xuất mới nhất của Bộ Công thương).
",1588037231.0,15,6,,0
467,-1954590809943793920,"Ngày càng khó khăn,công nhân mỏ biết phải làm sao.
https://www.baogiaothong.vn/quang-ninh-tut-guong-lo-than-mot-cong-nhan-tu-vong-d467773.html",1591332044.0,,0,,0
468,6577134771442450432,"Nguyễn Hồng Tâm Theo Điều 404 BLTTHS 2015, nếu có căn cứ xác định quyết định của Hội đồng Thẩm phán TAND Tối cao có vi phạm pháp luật nghiêm trọng hoặc phát hiện tình tiết quan trọng mới có thể làm thay đổi cơ bản nội dung quyết định mà hội đồng không biết được, nếu Ủy ban Thường vụ Quốc hội yêu cầu, Ủy ban Tư pháp của Quốc hội, viện trưởng VKSND Tối cao kiến nghị, chánh án TAND Tối cao đề nghị thì Hội đồng Thẩm phán TAND Tối phải mở phiên họp, để xem xét lại quyết định đó.",1588928854.0,19,19,,0
469,1343742866022958080,"[https://nld.com.vn/kinh-te/da-nang-vi-sao-mot-ho-dan-co-tien-dien-thang-5-tang-gap-143-lan-20200624145022906.htm](https://nld.com.vn/kinh-te/da-nang-vi-sao-mot-ho-dan-co-tien-dien-thang-5-tang-gap-143-lan-20200624145022906.htm)

Ngày 24-6, lãnh đạo Văn phòng Điện lực Đà Nẵng cho biết đã xác minh, làm rõ nguyên nhân tiền điện của 1 hộ gia đình tại xã Hòa Sơn (huyện Hòa Vang, Đà Nẵng) tăng đột biến 14,3 lần.",1592990243.0,2,0,,0
470,896764849329199104,"Tập đoàn TTI (Hoa Kỳ) kỳ vọng trong 2 năm tới, thu hút khoảng 180 - 200 doanh nghiệp Việt Nam trở thành nhà cung ứng với mục tiêu đạt doanh thu khoảng 2,5 tỷ USD mỗi năm, tỷ lệ cung ứng nội địa lên đến 60% trong năm 2020 và 80% vào năm 2021.",1592972775.0,1,0,,0
471,6251298158290350080,"Dù vẫn còn góc khuất nhưng họ xứng đáng nhận lời động viên, cảm ơn của chúng ta vì nỗ lực đảm bảo giao thông an toàn giữa cái nắng nóng kỷ lục!
Mong ad duyệt bài ạ",1591892388.0,4,1,,0
472,2182805258069447936,Từ vụ CDC Hà Nội và một số địa phương trong mua sắm thiết bị y tế cho thấy những lỗ hổng rất lớn trong luật đầu tư công hiện nay,1587909596.0,53,17,,0
473,-7685817860278696960,"Chỉ với một thao tác xới lớp mỏng trên bề mặt bãi rác, ngồn ngộn rác thải y tế lộ ra, có nhiều dây truyền dịch đã cháy dở. Nhiều dây vẫn còn dịch đỏ khiến người chứng kiến giật mình.

",1590105019.0,48,7,,0
474,-6619105823571376128,"Từng là Tổng Giám đốc một doanh nghiệp, ông Nguyễn Văn Thi đã vừa được bầu bổ sung giữ chức Phó Chủ tịch UBND tỉnh Thanh Hóa nhiệm kỳ 2016-2021
",1592280286.0,9,0,3,0
475,7717037201428829184,"Dự kiến, 14h chiều nay (8/5), Hội đồng thẩm phán phiên tòa Giám đốc thẩm sẽ công bố quyết định giải quyết vụ án Hồ Duy Hải. Vậy, phiên tòa Giám đốc thẩm sẽ ra phán quyết như thế nào?

",1588898347.0,23,24,1,0
476,1543548005049796096,"CHÍNH PHỦ VIỆT NAM VÀ NHÂN DÂN VIỆT NAM ĐÃ VÀ ĐANG ĐI ĐÚNG HƯỚNG. BƯỚC ĐẦU GẶT HÁI ĐƯỢC NHỮNG THÀNH CÔNG NHƯ MONG ĐỢI. CẢM THẤY NHẸ NHÕM VÀ TIN TƯỞNG.

Ngày thứ 5 liên tiếp, Việt Nam không có thêm bệnh nhân Covid-19
Thứ Ba, 21/04/2020 Bước sang ngày thứ 5 liên tiếp, Việt Nam vẫn không ghi nhận thêm ca mới mắc Covid-19, chững lại ở con số 268 bệnh nhân. Đến nay đã có 215 bệnh nhân được công bố khỏi bệnh, đạt tỷ lệ hơn 80% số ca mắc đã được điều trị khỏi tại Việt Nam.

",1587437733.0,,0,,0
477,-4996727503076733952,"Bình Phước: Đồng Xoài cách ly 24 người tiếp xúc gần với bệnh nhân nghi nhiễm Covid-19  17 giờ 30 phút,chiều 13/3, Ban chỉ đạo phòng chống dịch bệnh Covid-19 thành phố Đồng Xoài, tỉnh Bình Phước nhận tin báo tại phường Tân Phú có trường hợp anh Nguyễn Phú Phương Thảo, 32 tuổi, ngụ phường Tân Phú có tiếp xúc gần với bệnh nhân nhiễm Covid-19 thứ 45. Ngay sau khi nhận thông tin, lúc 19 giờ tối 13/3, Ban chỉ đạo phòng chống dịch bệnh Covid-19 thành phố Đồng Xoài đã tổ chức cuộc họ...p khẩn bàn biện pháp xử lý. Tham dự cuộc họp có Ủy viên Ban Thường vụ Tỉnh ủy, Phó chủ tịch UBND tỉnh Trần Tuyết Minh; lãnh đạo Trung tâm kiểm soát bệnh tật tỉnh. Theo báo cáo của Trung tâm kiểm soát bệnh tật tỉnh, qua điều tra tiểu sử dịch tễ, ngày 6/3/2020, anh Thảo có tiếp xúc trực tiếp với một nhân viên tiếp thị (anh này hiện đã xác định dương tính với Coivd-19 và là bệnh nhân số 45).  Khoảng thời gian từ ngày 6 đến 13/3, anh Thảo sức khỏe bình thường, không có biểu hiện của người nhiễm Covid-19. Ngoài anh Thảo, cơ quan chức năng đã xác định còn 2 người tiếp xúc gần với bệnh nhân số 45.  Sau khi biết thông tin, các lực lượng chức năng đã đưa anh Thảo và 2 người tiếp xúc gần với bệnh nhân số 45 vào điểm cách ly tập trung tại Bệnh viện đa khoa tỉnh Bình Phước vào lúc 18 giờ 30 phút ngày 13/3. Trung tâm kiểm soát bệnh tật tỉnh cũng xác định trước mắt có 24 người tiếp xúc gần với người tiếp xúc với bệnh nhân số 45.  Tại cuộc họp, Phó chủ tịch UBND tỉnh Trần Tuyết Minh đề nghị UBND thành phố Đồng Xoài ban hành quyết định áp dụng biện pháp cách ly y tế tại nhà đối với 24 người nói trên từ ngày mai (14/3/2020). Đồng thời, giao UBND phường Tân Phú tổ chức giám sát theo quy định; UBND thành phố Đồng Xoài chỉ đạo các lực lượng chức năng thực hiện ngay các biện pháp phun xịt khử khuẩn các khu vực có người nghi nhiễm trên địa bàn vào sáng mai 14/3./. Đậu Tất Thành Xem thêm",1584111899.0,1100,936,2400,0
478,-8318346087637567488,"1 tỷ hay 38 tỷ thì cũng là tiền của nhà nước, cccm à?
Đề nghị Viện kiểm sát Vĩnh Phúc tự bỏ tiền túi ra thương lượng
[https://dantri.com.vn/xa-hoi/vu-2-gia-dinh-doi-38-ty-tien-oan-sai-se-thuong-luong-so-tien-thoa-dang-20200627013641923.htm](https://dantri.com.vn/xa-hoi/vu-2-gia-dinh-doi-38-ty-tien-oan-sai-se-thuong-luong-so-tien-thoa-dang-20200627013641923.htm)",1593218902.0,61,29,7,0
479,8986841287057160192,"CHIA SẺ KHẨN CẤP.

Đã đến lúc cả nước nghiêm túc chấp hành các thông báo của chính phủ cũng như tự nâng cao trách nhiệm của bản thân trong việc phòng chống dịch (Covid - 19)

Cấp độ lây lan đang mất kiểm soát và đang được đặt trong tình trạng báo động cấp độ III.

Các bạn nên biết.. bất cứ chuyến xe nào của các bạn đang đi.. người kế bên cũng có thể là bệnh nhân mà chính họ cũng không biết.

Bất cứ nơi đông người nào cũng có thể là bệnh nhân vì không ai biết họ từ đâu tới và đã đi những nơi nào, gặp những ai.

Bài học từ nước Ý vẫn còn nóng hổi, mong mọi người hãy tỉnh táo trước khi đưa ra quyết định rời khỏi nơi mình đang ở.

Việc di chuyển nhiều chỉ càng làm mọi việc rối loạn và khó kiểm soát hơn.

Ở nguyên tại chỗ để nhà chức trách dễ dàng thống kê, khoanh vùng và khống chế dịch bệnh.

Điều đáng sợ là chúng ta có thể sẽ mắc bệnh. Nhưng điều đáng sợ hơn chính là chúng ta đang vô tình mang mầm bệnh đi phát tán khắp nơi.

Chỉ cần bạn mắc bệnh, cả nhà, cả xóm, thậm chí cả huyện của bạn sẽ bị cách ly..

Hãy nhìn những người y bác sĩ và các cấp các ngành và cả nước đang lao vào trận chiến để cứu lấy chúng ta..

Chưa bao giờ bệnh nhân ""Covid-19"" lại được coi trọng đến như vậy..(trong khi ngoài kia biết bao nhiêu cái chết khác đang xảy ra hàng ngày.)

Chỉ một người không qua khỏi cả nước có thể thổn thức và cảm giác mất an toàn ập đến.

Đừng chỉ vì sự ích kỷ cá nhân và lợi ích nhóm mà đạp đổ công sức cả một dân tộc.

Hình ảnh này và bài viết này rất cần được chia sẻ và lan rộng khắp cộng đồng Facebook.

Như thay lời thông báo của chính phủ đến các bạn là những người dân.

Hãy chia sẻ để mọi người nâng cao ý thức bảo vệ bạn, gia đình bạn và cộng đồng Việt Nam.

Hãy nhìn gương của các nước để làm bài học.",1585363267.0,6,0,2,0
480,-3447249700380203008,"Trước tình hình loạn giá, khan hiếm khẩu trang y tế, anh Nguyễn Chí Cường (quận 12, TP.HCM) đã nảy ra ý tưởng vừa làm khẩu trang tặng, vừa hướng dẫn cho người đi đường cách tự làm khẩu trang để phòng bệnh viêm phổi cấp do virus Corona. Nguồn: Tuổi Trẻ Online",1580806353.0,2500,241,3300,0
481,-6924069813718051840,"Vẫn là những tình cảm đẹp của các cụ.
""Đọc xong mà thấy rưng rưng😥
Sáng nay 30-3-2020, cụ Nguyễn Văn Thái sinh năm 1931 ở thôn Bắc Tiến, xã Thạch Ngọc đạp xe đến điểm cách ly xã (nơi có 60 con em Thach Hà từ nước ngoài về đang cách ly tập trung và các lực lượng chức năng làm việc 24/24h) để hưởng ứng lời kêu gọi chung tay đẩy lùi Covid một cách chân thành, trân quý và xúc động. Cụ ủng hộ: 1kg gạo (túi nhỏ màu đen), 1 quả bầu, 1 bó rau muống, 1 túi rau vặt và 20 nghìn đồng.

Người đàn ông già nua, gầy gò đã đạp xe ra về trên con đường quê nhưng tình cảm mà cụ để lại thì bất kỳ ai biết được cũng thấy cay cay nơi khoé mắt.""
Nguồn :  Thuỳ Trang vp",1585581649.0,35,1,5,0
482,6022631665176430592,"Tập thể báo SK& ĐS tự hào là 1 trong 5 cơ quan báo chí vinh dự được Thủ tướng Chính phủ tặng Bằng khen vì đã có thành tích xuất sắc trong công tác tuyên truyền phòng chống dịch COVID-19, góp phần vào sự nghiệp xây dựng chủ nghĩa xã hội và bảo vệ Tổ quốc.
",1592534759.0,18,1,,0
483,7477605982248128512,"Chốt chốt!!!!
Bộ trưởng Nguyễn Văn Thể đã QĐ phê duyệt 2 dự án cải tạo nâng cấp đường lăn cất hạ cánh tại Nội Bài và Tân Sơn Nhất!!!
",1591202033.0,3,1,,0
484,2027433659117681920,"Báo cáo của Kiểm toán Nhà nước (năm 2019) đã chỉ ra nhiều sai phạm, thiếu sót tại Ngân hàng Phát triển Việt Nam (VDB). Qua đó, cơ quan này đề nghị xử lý, kiểm điểm trách nhiệm đối với tập thể, cá nhân có liên quan tại VDB...",1591000594.0,2,0,,0
485,8491995083688222720,"Huyện Bình Chánh.
https://m.saigondautu.com.vn/bat-dong-san/tranh-chap-dat-tai-kcn-phong-phu-80343.html",1589782611.0,,0,1,0
486,6431434235876790272,"Hệ số lây truyền của virus 2019-nCoV (corona) hiện nay là 1 người có thể lây cho 2 người. Virus này không lây truyền qua đường không khí, mà lây qua đường giọt bắn hoặc tiếp xúc, tức tay chúng ta chạm phải đồ vật nước miếng người bệnh văng vào vô tình đưa vào miệng, hoặc bị bệnh nhân ho trúng mắt thì có thể lây nhiễm... Cùng nghe TS. Lê Quốc Hùng - Trưởng khoa Bệnh Nhiệt đới Bệnh viện Chợ Rẫy chia sẻ thêm kiến thức về bệnh viêm phổi do nCoV. ----------------------------------...--- LÁ CHẮN VIRUS CORONA - Nơi cập nhật thông tin, kiến thức hữu ích để xây dựng lá chắn, tự bảo vệ bản thân và mọi người. Follow ngay tại: https://lotus.vn/w/profile/30722518306063636.htm #LaChanVirusCorona #Lotus #VCCorp #ICT_anti_nCoV Xem thêm",,2800,361,2500,0
487,8511690829443409920,"Tiền Giang - Gò Công - Mỹ Tho : Cách ly 3 trường hợp đi cùng các chuyến bay với những người nhiễm Covid-19 Theo Sở Y tế Tiền Giang, đến ngày 17-3, tỉnh ghi nhận 3 hành khách đi cùng các chuyến bay (8 chuyến bay số hiệu SQ 176, VJ 826, TK 162, QH 1521, QH1524, SU 290, QH 970, TG564) với những người nhiễm  Covid-19 – P. T. H. T, sinh năm: 1975, địa chỉ thường trú: 376 Nguyễn Đình Chiểu, phường 4, quận 3, TP Hồ Chí Minh. Địa chỉ cư ngụ: Đường nguyễn Trọng Hợp, khu phố 5, phường ...4, TX. Gò Công. Ngày 13-3-2020, anh T đã đáp chuyến bay từ Phú Quốc – Kiên Giang đến TP. Hồ Chí Minh vào lúc 8 giờ 45 cùng ngày, chuyến bay mang số hiệu QH-152, ngồi vị trí ghế số 3A, trường hợp ca dương tính ngồi ghế thứ 18. Trạm Y tế phường 4, TX. Gò Công đã đo nhiệt độ và khám các dấu hiệu lâm sàng hiện tại với kết quả: Nhiệt độ 36,5oC, không dấu hiệu ho, khó thở, tình trạng sức khỏe bình thường. Biện pháp can thiệp: Thực hiện Tờ khai y tế; hướng dẫn tự theo dõi sức khỏe tại nhà trong vòng 14 ngày tính từ ngày 14-3-2020; hướng dẫn các biện pháp phòng chống theo khuyến cáo của Bộ Y tế; cấp bướm tuyên truyền; khuyến cáo khi có các dấu hiệu: sốt, ho, khó thở ở tại nhà và điện thoại liên hệ Trạm Y tế phường 4, TX. Gò Công để được hướng dẫn tiếp theo. – C. T. H, sinh năm 1986, nhập cảnh từ Malaysia vào Việt Nam từ chuyến bay VJ826 ngày 4-3-2020, hiện cư trú tại ấp Tân Bình, xã Tân Thạnh, huyện Tân Phú Đông. Biện pháp y tế triển khai: Hướng dẫn gia đình dọn buồng thực hiện cách ly tại nơi cư trú và theo dõi sức khỏe đủ 14 ngày; hướng dẫn tự theo dõi sức khỏe đối với những người trong gia đình, lưu số điện thoại của để liên hệ. – L. P. N. H, sinh năm 2002 du học sinh tại bang Maxachuxet (Mỹ). Vào ngày 8-3-2020 cô H đi chuyến bay TK162 (có bệnh nhân số 54) quá cảnh sân bay Thổ Nhĩ Kỳ về Việt Nam lúc 16 giờ. Cư trú tại 126, Hồng Bàng, quận 5, TP. Hồ Chí Minh, chung cư Hùng Vương Laza từ ngày 8 đến ngày 12-3. Sau đó về cư trú tại địa chỉ 143, Lê Văn Nghề, ấp 1, xã Đạo Thạnh vào lúc 16 giờ ngày 13-3-2020. Biện pháp can thiệp: Trung tâm Y tế TP. Mỹ Tho cho làm cam kết thực hiện biện pháp cách ly y tế tại nhà theo QĐ 879 ngày 12-3-2020 của Bộ Y tế, tiến hành tuyên truyền phòng, chống dịch bệnh viêm đường hô hấp do chủng mới do Covid-19, các khuyến cáo của ngành Y tế để phòng bệnh cho bản thân, gia đình và cộng đồng. Đồng thời theo dõi sức khỏe bản thân và những người tiếp xúc gần hằng ngày và báo cáo theo quy định trong vòng 14 ngày kể từ ngày 8-3-2020 về Trạm Y tế Xã Đạo Thạnh. Xem thêm",1584516771.0,1100,932,2300,0
488,-2856141489536363008,"Nói thật là em vẫn hy vọng có cái máy phát hiện các cụ ạ...

[https://lsvn.vn/lam-sai-lech-ho-so-vu-an-vu-viec-bi-truy-cuu-trach-nhiem-hinh-su-nhu-the-nao.html](https://lsvn.vn/lam-sai-lech-ho-so-vu-an-vu-viec-bi-truy-cuu-trach-nhiem-hinh-su-nhu-the-nao.html)",1589701948.0,26,0,5,0
489,1543548005049796096,"# **Sôi nổi Ngày hội “Hiến máu an toàn – không ngại COVID -19”**
# Ngày 17/4/2020, Công an tỉnh Cao Bằng phối hợp với Ban Chỉ đạo vận động hiến máu tình nguyện tỉnh Cao Bằng, Bệnh viện đa khoa tỉnh  tổ chức ngày hội hiến máu (đợt 1) với chủ đề “Hiến máu an toàn – không ngại COVID -19” .
# Hưởng ứng lời kêu gọi của Tổng Bí thư, Chủ tịch nước Nguyễn Phú Trọng nhân Ngày “Toàn dân hiến máu tình nguyện” và Thư của Đại tướng Tô Lâm, Ủy viên Bộ Chính trị, Bộ trưởng Bộ Công an, Công an tỉnh Cao Bằng phối hợp với Ban Chỉ đạo vận động hiến máu tình nguyện tỉnh Cao Bằng, Bệnh viện đa khoa tỉnh  tổ chức ngày hội hiến máu (đợt 1) với chủ đề *“Hiến máu an toàn – không ngại COVID -19”* .
# Chương trình đã thu hút sự tham gia của gần 200 đoàn viên, thanh niên, cán bộ, nhân viên trong lực lượng công an tỉnh. Qua xét nghiệm sàng lọc, có 166 người đủ điều kiện tham gia hiến máu. Ban tổ chức đã thu được 159 đơn vị máu.
# Trung tá Hoàng Hà, Đội trưởng, Phòng Cảnh sát hình sự Công an tỉnh chia sẻ: Hôm nay tôi rất vui và vinh dự được tham gia chương trình hiến máu tình nguyện do Công an tỉnh phát động. Đây là lần thứ 7 tôi tham gia hiến máu tình nguyện, tôi nhận thấy sau mỗi lần hiến máu thì sức khỏe của tôi bình thường, công tác tốt.
# Vì vậy, thông qua chương trình tôi mong muốn mỗi cán bộ chiến sỹ Công an tỉnh Cao Bằng luôn có tinh thần sẵn sàng tham gia hiến máu tình nguyện với nghĩa cử cao đẹp ""Mỗi giọt máu cho đi, một cuộc đời ở lại” do Công an tỉnh và địa phương phát động.
# Số máu thu được sẽ chuyển đến Bệnh viện Đa khoa tỉnh Cao Bằng để cấp cứu người bệnh, đồng thời cung cấp lượng máu dự phòng cho bệnh viện trong thời gian dịch COVID-19 có những diễn biến phức tạp.
# Đại tá Mai Xuân tư, Phó Giám đốc Công an tỉnh Cao Bằng cho biết: Chương trình hiến máu được thực hiện với phương châm “*Lực lượng công an nhân dân – Hành trình giọt máu nghĩa tình”* thể hiện trách nhiệm của mỗi cán bộ, chiến sĩ công an nhân dân luôn tiên phong, đi đầu hưởng ứng phong trào hiến máu tình nguyện, góp phần vào sự nghiệp bảo vệ chăm sóc và nâng cao sức khỏe của nhân dân, vì sự nghiệp xây dựng và bảo vệ Tổ quốc.
# Đồng thời, đây là hoạt động gắn liền với công tác giáo dục chính trị tư tưởng, góp phần nâng cao ý thức trách nhiệm, phẩm chất cách mạng của người chiến sĩ công an.
# Chương trình “Hiến máu an toàn – không ngại COVID -19” của Công an tỉnh Cao Bằng được chia làm ba đợt. Đợt 1 được tổ chức ngày 17/4; đợt 2 dự kiến tổ chức vào ngày 10/5 với 175 người tham gia; đợt 3 dự kiến tổ chức vào ngày 10/6 với 270 người tham gia.
# Bà Lê Thị Thu, Phó Chủ tịch Hội chữ thập đỏ tỉnh Cao Bằng cho biết: Trong những năm qua, lực lượng Công an tỉnh Cao Bằng cũng là một trong những đơn vị rất nhiệt tình, có trách nhiệm trong hoạt động hiến máu tình nguyện ở các huyện và Thành phố.
# Tuy nhiên, đây là lần đầu tiên tổ chức quy mô với riêng ngành Công an, chúng tôi rất vui và phấn khởi khi mà kế hoạch của Công an tỉnh đặt ra với 3 đợt hiến máu tình nguyện.
# Với kết quả khả quan như ngày hôm nay, chúng tôi tin tưởng rằng sẽ tiếp nhận được khoảng 500 đến 600 đơn vị máu trong lực lượng Công an Cao Bằng. Trong khi Bệnh viện tỉnh Cao Bằng đang thiếu các nhóm máu phục vụ chữa bệnh cho các bệnh nhân, hôm nay Công an tỉnh Cao Bằng đã làm được việc rất ý nghĩa đó là hiến máu cứu người trong bối dịch COVID-19 đang có những diễn biến phức tạp.
# Chương trình hiến máu tình nguyện trong Công an tỉnh Cao Bằng được tổ chức đảm bảo hình thức, thời gian phù hợp để  phòng, chống COVID-19.
# Thanh Duyên

[http://cand.com.vn/Hoat-dong-LL-CAND/To-chuc-Ngay-hoi-Hien-mau-an-toan-khong-ngai-COVID-19-591385/](http://cand.com.vn/Hoat-dong-LL-CAND/To-chuc-Ngay-hoi-Hien-mau-an-toan-khong-ngai-COVID-19-591385/)",1587893563.0,1,0,,0
490,8507216371936408576,"CÓ CHÍNH PHỦ NÀO NHƯ CHÍNH PHỦ VIỆT NAM KHÔNG? ======= P/s: BẠN LÀ NGƯỜI YÊU NƯỚC THÌ CHIA SẺ NGAY. Tại sao tôi hỏi câu hỏi này?... - Trong mấy ngày qua. Dịch bệnh corona, khủng hoảng niềm tin thì ai là người đứng ra giải quyết? - Ai là người đưa bà con từ vùng dịch về lo chỗ ăn chốn ở, mỗi bữa cơm bao nhiêu tiền, thuốc men bao nhiêu viên, khẩu phần ăn đúng bằng một chiến sĩ bộ đội. - Rồi ai là người vừa lo ngoại giao vừa lo tìm đầu ra cho nông sản ùn ứ ngoài cửa khẩu, bà con nông dân có gì, Chính phủ hơn ai hết chịu trách nhiệm cao nhất. - Rồi ai là người một mặt kích hoạt hệ thống phòng dịch, một mặt ổn định tình hình thị trường bị đẩy giá cao trong dịp này. - Thủ Tướng lo bạc đầu, một ngày 8 lần họp tới tận khuya, mặt mũi bơ phờ, Phó Thủ Tướng chạy như con thoi từ tỉnh này tới tỉnh kia để đôn đốc, úy lạo cán bộ, ủng hộ tinh thần bà con nhân dân. - Trong khi Chính phủ các nước đều làm tiền trên sự an nguy của công dân nước đó còn chúng ta thì sao? Miễn phí hết. ...................  Nhà nước, đó là nghĩa vụ và là trách nhiệm thiêng liêng đặt trên vai họ. Đừng nghĩ đứng ở vị trí cao đó chỉ tay năm ngón, thử ngồi 1 ngày vào vị trí đó rồi xem cảm giác thế nào, lo 1 cái gia đình đã mệt rồi đằng này lo hơn 90 triệu gia đình. Tôi không khóc mướn, đơn giản tôi thấu hiểu giá trị của việc quản lý thế nào. Bạn chăm 1 gia đình đầu cũng đủ bạc huống chi cả 1 nước? Ban bệ bao nhiêu so với số dân khổng lồ dễ bị lay theo chiều gió, dễ bị dụ dỗ, dễ bị đâm thọc. ............................. Bọn ba que phản động lưu vong hải ngoại và dân chủ trong nước đã giúp đỡ gì cho bà con chưa, hay chúng ra rả tung tin giả để bà con hoang mang, chúng nói xấu xuyên tạc đủ đường để trục lợi rồi thậm chí chúng cầu nguyện cho dịch bệnh bùng phát để kinh tế khốn đốn, an ninh suy sụp, đó mới là cái đích chúng nhắm tới. Chả bao giờ chúng thương người trong nước vì chúng là loại lưu vong, loại cay cú vì vô Tổ Quốc. Với chúng, chỉ có sự rỉ rên trong máu mới đủ cơn thèm khát dã tâm làm loạn đất nước này lên. Chúng hô hào đóng biên, để kinh tế suy sụp. Chúng làm quá tình hình lên để bà con hoang mang rồi ùn ùn đổ tới bệnh viện. Không nhất thiết phải là corona. Chỉ cần 1 bệnh cúm thông thường với lời đồn ác ý thì không có Bệnh viện nào chứa đủ số “bệnh nhân” như dân số Việt Nam đâu. Bà con thấy trong mấy ngày qua có bọn ""dân chủ"" nào mua khẩu trang phát chưa hay chúng trốn biệt, núp sau bàn phím xuyên tạc kích động? Chỉ có Nhà nước, Quân đội căng mình giữa trận chiến, giữa biên giới rừng thiêng nước độc, trong cái giá rét tháng ngày canh cho Biên giới vững vàng. Bà con hãy nên nhớ chỉ có dân tộc này đùm bọc lấy dân tộc này. Còn lại bên ngoài chỉ là kẻ thù núp sau màn nhung “ngoại giao”... - Tín Trương - P/s: Bài quá hay chia sẻ ngay để nâng cao tinh thần đoàn kết. Xem thêm",1584013621.0,6000,1400,13000,0
491,-1509448411218596096,"Thêm nhiều trường đại học hủy kỳ thi tuyển sinh năm 2020; Hàng trăm học viên khốn đốn vì học văn bằng 2 của Đại học Đông Đô; Giáo viên ở Hà Nội bị phụ huynh ""tố"" đánh học sinh bầm môi là những tin tức giáo dục đáng chú ý trong Bản tin Giáo dục 24/7 ngày 19.5 của Báo Lao Động.",1589892730.0,3,0,,0
492,8415482009041504256,"HỌC SINH, SINH VIÊN ĐỒNG THÁP NGHỈ HỌC ĐẾN 16/2/2020. -- Để tiếp tục thực hiện công tác vệ sinh khử trùng, giám sát phòng chống dịch Corona, UBND tỉnh Đồng Tháp quyết định cho học sinh, sinh viên các cơ sở giáo dục, hướng nghiệp trong tỉnh nghỉ học thêm 1 tuần, đến hết ngày 16/2/2020.",1580960212.0,8800,3000,7600,0
493,6560418638296079360,[https://laodong.vn/phap-luat/con-trai-chu-doanh-nghiep-to-duong-nhue-co-nguoi-chong-lung-799229.ldo](https://laodong.vn/phap-luat/con-trai-chu-doanh-nghiep-to-duong-nhue-co-nguoi-chong-lung-799229.ldo),1587138493.0,58,9,2,0
494,6432001634353916928,"Không phải nhận hóa đơn tiền điện lên 89 triệu đồng là vui rồi.

[https://kienthuc.net.vn/xa-hoi/tien-dien-tang-bat-thuong-thu-tuong-yeu-cau-lam-ro-khong-de-sai-sot-1400078.html](https://kienthuc.net.vn/xa-hoi/tien-dien-tang-bat-thuong-thu-tuong-yeu-cau-lam-ro-khong-de-sai-sot-1400078.html)",1592833496.0,8,1,1,0
495,-547446036625683008,"""vì điều này thực hiện theo quy định của pháp luật và các hướng dẫn, các yêu cầu của quản lý nhà nước""",1592266633.0,49,67,8,0
496,-2645342902499845120,"Ủy ban Thường vụ Quốc hội không tán thành với phương án chuyển đổi hình thức đầu tư 8 dự án cao tốc Bắc - Nam, phương án này trước đó đã được Thủ tướng đồng ý.

Thế là 2 bộ GTVT, KH&ĐT ra sức thuyết phục nay có khi lại hỏng :D",1590380390.0,6,2,,0
497,8692598368039700480,"Sao lại rơi rụng 😆

[https://nhadautu.vn/uy-ban-kiem-tra-quan-uy-trung-uong-de-nghi-ky-luat-4-to-chuc-dang-23-dang-vien-d36325.html](https://nhadautu.vn/uy-ban-kiem-tra-quan-uy-trung-uong-de-nghi-ky-luat-4-to-chuc-dang-23-dang-vien-d36325.html)",1587118843.0,10,0,2,0
498,-6032603791694955520,https://m.moitruongvadothi.vn/phap-luat/phap-luat-moi-truong/tphcm-doanh-nghiep-du-an-khu-cong-nghiep-phong-phu-keu-cuu-a69988.html,1589202378.0,4,1,,0
499,8857953693807479808,https://baophapluat.vn/tin-tuc-tinh-thanh/duy-thanh-dat-nhiem-vu-nang-cao-chat-luong-cac-tieu-chi-xa-nong-thon-moi-len-hang-dau-523405.html,1592036939.0,5,0,1,0
500,9049955574700350464,"Đang thụ án chung thân về 3 tội giết người, cướp tài sản và đào ngũ tại trại giam của quân đội, Sự đã bỏ trốn và Công an Quảng Ngãi đang truy bắt gã sát nhân nguy hiểm này. ",1591239134.0,19,1,1,0
501,2900005499016413184,"Sáng 30/3, cụ Nguyễn Văn Thái (89 tuổi, trú ở thôn Bắc Tiến, xã Thạch Ngọc, huyện Thạch Hà, Hà Tĩnh) đã một mình đạp xe đến địa điểm cách ly của xã xin được ủng hộ tiền chống dịch Covid-19. Nhận được số hàng ủng hộ: 1kg gạo (túi nhỏ màu đen), 1 quả bầu, 1 bó rau muống, 1 túi rau vặt và 20 nghìn đồng của cụ ông này khiến cho các cán bộ và người dân ở đây vô cùng xúc động. Cụ Thái vui vẻ cho biết, hàng ngày được nghe truyền thanh xã, xem ti vi đều phát đi thông điệp cả nước đan...g chung tay chống dịch Covid-19. Mặc dù tuổi cao, sức yếu nhưng cụ vẫn muốn đóng góp một phần nhỏ bé của mình, và cũng để làm gương khích lệ con cháu cùng chung tay hành động bằng những việc làm cụ thể. ______________________ Theo CafeF Xem thêm",1585560714.0,24000,817,3100,0
502,7050444021058475008,"""Ghen Cô Vy"" là 1 dự án sáng tạo của Viện Sức khoẻ nghề nghiệp và môi trường (Bộ Y Tế) hợp tác với nhạc sĩ Khắc Hưng ,ca sĩ Erik và ca sĩ Min. Qua dự án này, Viện Sức khoẻ nghề nghiệp và môi trường mong muốn được tiếp thêm sức mạnh và niềm tin cho cộng đồng, để chúng ta cùng chung tay chống dịch COVID-19.",,22000,1000,5500,0
503,1240107722196710912,"Đợt này kỷ luật nhiều phết

[https://www.baogiaothong.vn/bi-thu-tinh-uy-va-chu-tich-ubnd-tinh-quang-ngai-bi-xem-xet-ky-luat-d463754.html](https://www.baogiaothong.vn/bi-thu-tinh-uy-va-chu-tich-ubnd-tinh-quang-ngai-bi-xem-xet-ky-luat-d463754.html)",1588496842.0,27,5,,0
504,6570265313371844608,"""Dạo gần đây, có một virus rất hot Tên của em ấy Corona Em từ đâu? Quê của em ở Vũ Hán"" ---... ""Ghen cô Vy"" là dự án hợp tác giữa Erik, Min, Khắc Hưng với Viện Sức khỏe nghề nghiệp và môi trường (Bộ Y tế). Phần hình ảnh thể hiện bởi Yang Animation Artist. Xem thêm",,14000,559,4900,0
505,8728896585884544000,"Thanh tra kết luận chỉ có thiếu sót, tồn tại thì việc mua sắm Thiết bị y tế, vật tư y tế, đấu thầu thuốc của Sở Y tế Đà Nẵng vẫn tốt hơn các địa phương khác.
",1591402763.0,,0,,0
506,5620351003100972032,"HÀ NỘI ƠI! KHÔNG THỂ TIN NỔI: Không đeo khẩu trang, chen chúc lễ Phủ Tây Hồ bất chấp dịch Covid-19. Phải thừa nhận một điều tôi bái phục các anh các chị. Bề trên ở tại tâm, tâm an khắc mọi việc sẽ an... Không may, chỉ một người trong chỗ kia F0, thì không biết lấy đâu chỗ mà cách ly...... Sợ hãi thật sự.  Vô tâm thật sự.  🛑Bất chấp diễn biến phức tạp của dịch Covid-19, người dân vẫn chen chúc đến lễ Phủ Tây Hồ, nhiều người không đeo khẩu trang. Trưa 24/3, rất đông người dân tập trung tại sân Phủ Tây Hồ lễ cầu bình an, may mắn trong ngày đầu tiên của tháng 3 âm lịch. Theo VOV Xem thêm",1585046224.0,6000,3800,2600,0
507,7717037201428829184,"Nhà nước nên có chính sách bắt buộc hoặc thuyết phục các nhà mạng chia sẻ cho các tờ báo điện tử một phần lợi nhuận từ dịch vụ cung cấp internet.

[https://dantri.com.vn/xa-hoi/kien-nghi-nha-mang-chuyen-mot-phan-loi-nhuan-dich-vu-internet-cho-bao-chi-20200611131126711.htm](https://dantri.com.vn/xa-hoi/kien-nghi-nha-mang-chuyen-mot-phan-loi-nhuan-dich-vu-internet-cho-bao-chi-20200611131126711.htm)",1591857695.0,10,3,,0
508,-312126724463465024,"UPDATE: ĐÃ TÌM ĐƯỢC NGƯỜI BỎ TRỐN CÁCH LY VÀ ĐƯA VỀ BỆNH VIỆN 199 Đề nghị mọi người cung cấp thông tin liên quan đến người có tên( hình dưới phần bình luận): Danielle Smith, 29 tuổi. Quốc tịch Mỹ. Nhập cảnh Việt Nam ngày 13/2/2020. Đã từng đi TQ ngày 23/1,đi Đài Loan ngày 13/2. Đang có biểu hiện nghi nhiễm Covid-19, sáng này sáng nay được xe 115 đưa đến BV 199 nhưng bỏ trốn. Mọi thông tin cung cấp lên Trang QUẢN LÝ ĐÔ THỊ ĐÀ NẴNG hoặc báo ngay cho Trung tâm Y tế quận Sơn Trà Nguồn: Hùng Diệp Dân",1585536655.0,12000,3500,4600,0
509,-2519929563445468160,"NURI là cơn bão đầu tiên trong năm 2020, ảnh hưởng đến khu vực Bắc Biển Đông, vùng gần tâm bão đi qua gió mạnh cấp 8-9, sóng biển cao 3-5,5 m.",1592037838.0,5,0,,0
510,7717037201428829184,"Cơ quan chức năng tỉnh Lạng Sơn cho biết, việc loại 87 lái xe khỏi đội xe chuyên trách chở hàng hóa xuất khẩu sang Trung Quốc không liên quan đến dấu hiệu ép giá đối với các chủ hàng.

",1587718499.0,11,0,,0
511,2184427389792466944,"Hoá đơn điện tháng 6 của nhiều hộ gia đình miền Bắc tăng đột biến gấp đôi, thậm chí gấp 4 lần tháng trước, dù đã được ""hỗ trợ vì Covid-19"".",1592462566.0,184,44,28,0
512,-7845741394264275968,"THÔNG BÁO CA NHIỄM COVID-19  CA BỆNH SỐ 77 (BN77): Bệnh nhân nữ, 25 tuổi, địa chỉ ở Nhân Chính, Hà Nội. Bệnh nhân là du học sinh tại Anh, nhập cảnh về Nội Bài ngày 17/03/2020 trên chuyến bay QR976. Kết quả sàng lọc của bệnh nhân là dương tính với COVID-19. Hiện tại, bệnh nhân đang được cách ly tại Bệnh viện Bệnh Nhiệt đới Trung ương cơ sở Đông Anh, tình trạng sức khoẻ ổn định.... CA BỆNH SỐ 78 (BN78): Bệnh nhân nam, 22 tuổi, địa chỉ ở Bắc Từ Liêm, Hà Nội. Bệnh nhân là du học sinh tại Anh, nhập cảnh về Nội Bài ngày 17/03/2020 trên chuyến bay EK394.  Kết quả sàng lọc của bệnh nhân là dương tính với COVID-19. Hiện tại, bệnh nhân đang được cách ly tại Bệnh viện Bệnh Nhiệt đới Trung ương cơ sở Đông Anh, tình trạng sức khoẻ ổn định. CA BỆNH SỐ 79 (BN79): Bệnh nhân nữ, 48 tuổi, địa chỉ ở Đông Hải, Bạc Liêu. Bệnh nhân sống tại Anh gần 2 năm nay. Ngày 14/3/2020, bệnh nhân từ London - Anh đi Dubai trên chuyến bay của hãng hàng không Emirates, số hiệu EK4. Sau đó về Việt Nam ngày 15/3/2020 trên chuyến bay của hãng hàng không Emirates, số hiệu EK392 Khi nhập cảnh, bệnh nhân chưa có triệu chứng bệnh, chuyển cách ly tập trung tại Quận 12. Ngày 16/3/2020, bệnh nhân có sốt, ho và được chuyển đến Bệnh viện Dã chiến Củ Chi lúc 18h00 cùng ngày. X-Quang phổi lúc nhập viện có tổn thương như mô tạng kẽ và được lấy mẫu xét nghiệm. Bệnh viện Bệnh Nhiệt đới TP Hồ Chí Minh xét nghiệm dương tính vào khuya ngày 17/3/2020. Mẫu bệnh phẩm xét nghiệm tại Viện Pasteur TP Hồ Chí Minh kết quả dương tính với virus SARS-CoV-2 vào 13h00 ngày 18/3/2020. Hiện nay bệnh nhân được tiếp tục điều trị, cách ly tại Bệnh viện Dã chiến Củ Chi.  CA BỆNH SỐ 80 (BN80): Bệnh nhân nam, 18 tuổi, địa chỉ ở Đông Hải, Bạc Liêu, con của BN79. Bệnh nhân sống cùng mẹ tại Anh gần 2 năm nay. Ngày 14/3/2020, bệnh nhân cùng mẹ từ London - Anh đi Dubai trên chuyến bay của hãng hàng không Emirates, số hiệu EK4 và sau đó về Việt Nam ngày 15/3/2020 trên chuyến bay của hãng hàng không Emirates, số hiệu EK392 Khi nhập cảnh, bệnh nhân chưa có triệu chứng bệnh, chuyển cách ly tập trung tại Quận 12 và được lấy mẫu bệnh phẩm. Mẫu bệnh phẩm xét nghiệm tại Viện Pasteur TP Hồ Chí Minh kết quả dương tính với virus SARS-CoV-2 vào 14h00 ngày 18/3/2020. CA BỆNH SỐ 81 (BN81): Bệnh nhân nam, 20 tuổi, địa chỉ ở Konplông, Kom Tum. Ngày 14/3/2020, bệnh nhân từ Paris - Pháp lên chuyến bay của hãng hàng không AirFrance, số hiệu AF258, về tới Việt Nam ngày 15/3/2020.  Khi nhập cảnh, bệnh nhân chưa có triệu chứng bệnh, chuyển cách ly tập trung tại Quận 12 và được lấy mẫu bệnh phẩm. Mẫu bệnh phẩm xét nghiệm tại Viện Pasteur TP Hồ Chí Minh kết quả dương tính với virus SARS-CoV-2 vào 01h00 ngày 19/3/2020. CA BỆNH SỐ 82 (BN82): Bệnh nhân nữ, 16 tuổi, địa chỉ ở Quận 5, Hồ Chí Minh. Ngày 14/3/2020, bệnh nhân cùng mẹ từ London - Anh đi Dubai trên chuyến bay của hãng hàng không Emirates, số hiệu EK30, và sau đó về Việt Nam ngày 15/3/2020 trên chuyến bay của hãng hàng không Emirates, số hiệu EK364. Khi nhập cảnh, bệnh nhân chưa có triệu chứng bệnh, chuyển cách ly tập trung tại Quận 12 và được lấy mẫu bệnh phẩm. Mẫu bệnh phẩm xét nghiệm tại Viện Pasteur TP Hồ Chí Minh kết quả dương tính với virus SARS-CoV-2 vào 01h00 ngày 19/3/2020. CA BỆNH SỐ 83 (BN83): Bệnh nhân nữ, 50 tuổi, quốc tịch Hoa Kỳ, trú tại Quận Bình Thạnh, Hồ Chí Minh. Trong 14 ngày trước nhập cảnh, bệnh nhân đi Phuket - Thái Lan và từ Istanbul - Thổ Nhĩ Kỳ lên chuyến bay của hãng hàng không Turkish Airline, số hiệu TK162, về tới Việt Nam ngày 15/3/2020. Khi nhập cảnh, bệnh nhân không ho, không sốt, không khó thở, chuyển cách ly tập trung tại Quận 12 và được lấy mẫu bệnh phẩm. Mẫu bệnh phẩm xét nghiệm tại Viện Pasteur TP Hồ Chí Minh kết quả dương tính với virus SARS-CoV-2 vào 01h00 ngày 19/3/2020. CA BỆNH SỐ 84 (BN84): Bệnh nhân nam, 21 tuổi, địa chỉ ở Đống Đa, Hà Nội. Bệnh nhân là du học sinh tại Anh, nhập cảnh về Nội Bài ngày 18/03/2020 trên chuyến bay VN0054. Kết quả sàng lọc của bệnh nhân là dương tính với COVID-19. Hiện tại, bệnh nhân đang được cách ly tại Bệnh viện Bệnh Nhiệt đới Trung ương cơ sở Đông Anh, tình trạng sức khoẻ ổn định. CA BỆNH SỐ 85 (BN85): Bệnh nhân nam, 20 tuổi, địa chỉ ở Ba Đình, Hà Nội. Bệnh nhân là du học sinh tại Anh, nhập cảnh về Nội Bài ngày 18/03/2020 trên chuyến bay VN0054. Kết quả sàng lọc của bệnh nhân là dương tính với COVID-19. Hiện tại, bệnh nhân đang được cách ly tại Bệnh viện Bệnh Nhiệt đới Trung ương cơ sở Đông Anh, tình trạng sức khoẻ ổn định. Xem thêm",1584636836.0,35000,4000,5800,0
513,8692598368039700480,"**Những tập đoàn lớn về quy mô nhưng tình hình tài chính không tốt bị phá sản khi dịch bệnh xảy ra là điều tích cực để nhanh chóng phục hồi và lành mạnh hóa nền kinh tế thời hậu COVID-19. **

[https://nhadautu.vn/chu-tich-ssi-chinh-phu-khong-nen-cuu-cac-tap-doan-lon-nhung-tai-chinh-khong-tot-d37275.html](https://nhadautu.vn/chu-tich-ssi-chinh-phu-khong-nen-cuu-cac-tap-doan-lon-nhung-tai-chinh-khong-tot-d37275.html)",1589273884.0,20,0,2,0
514,1049371931483827968,"Tình trạng các băng nhóm xã hội đen “làm mưa làm gió” trong các phiên đấu giá đất liên tiếp xảy ra trong nhiều năm gần đây. Đáng nói, sự việc được diễn ra công khai gây bức xúc dư luận...

",1587174044.0,28,8,1,0
515,-6924069813718051840,"Đất nước có LUẬT PHÁP - Tạm giữ Hình Sự người trực tiếp đốt hàng chục mét pháo mừng đám cưới.

Cơ quan điều tra đã tạm giữ hình sự nghi phạm Trần Văn Khang - 41 tuổi, huyện Sóc Sơn, tp hà nội người trực tiếp đốt pháo - để điều tra hành vi gây rối trật tự công cộng

""Hiện chúng tôi đang truy bắt thêm một nghi phạm khác ở Lào Cai để điều tra về nguồn gốc số pháo và trách nhiệm của những người liên quan"", vị lãnh đạo nói.

Cũng theo lãnh đạo Công an huyện Sóc Sơn, bước đầu chưa xác định chủ nhà tổ chức đám cưới có liên quan đến vụ việc.",1583332474.0,22,15,2,0
516,1701380185938457088,"Không ADN, không dấu vân tay nhưng tòa vẫn bắt Archie Williams giam cầm 38 năm cho đến khi được minh oan.

Theo The Advocate, Archie Williams bị bắt năm 22 tuổi, ở tù gần 37 năm cho đến khi được kết quả xét nghiệm ADN chứng minh vô tội vào tháng 3-2019 khi ông đã 58 tuổi. Thủ phạm thực sự được tìm thấy bằng công nghệ vân tay. Đó là Stephen Forbes - một kẻ cưỡng hiếp hàng loạt, đã chết trong tù.

",1590329710.0,87,18,13,0
517,896764849329199104,"Chủ tịch Empire Group Nguyễn Đức Thành vừa thông tin đến thời điểm hiện tại (8/5), chỉ còn một nhóm khách hàng khoảng 10 người không đồng ý với bất cứ phương án nào mà chủ đầu tư đưa ra.",1588948632.0,,1,,0
518,8449413412190499840,Sản phẩm dung dịch rửa tay khô Abibus Handrub bị thu hồi vì chứa hàm lượng methanol vượt quá giới hạn cho phép.,1587966117.0,3,0,,0
519,1640000666715729920,"Vĩnh biệt nhà báo, nhạc sĩ Vũ Đức Sao Biển

Làm chung một tờ báo nhưng anh em kẻ Bắc, người Nam, chỉ gặp nhau qua điện thoại. Lần gặp mặt đầu tiên là đi chung chuyến nghỉ mát Đà Nẵng - Hội An, thăm quê anh. Lần đó anh gọi riêng ra ấn vào tay cuốn CD “Thu hát cho người” do anh tự đàn, hát, mộc mạc mà chân tình.

Bẵng đi 15 năm. Anh chuyển đi báo khác và ngày càng nổi tiếng với các ca khúc về quê hương, tình yên và thân phận.

Đêm qua nghe tin “Giòng sông nào” đã đưa anh “đi biền biệt”... Vũ Đức Sao Biển, vĩnh biệt anh.

“Hoàng hạc bay, bay mãi bỏ trời mơ.
Về đồi sim, ta nhớ người vô bờ...”
",1588810884.0,35,8,,0
520,-7275719959188271104,"Liên quan đến loạt bài phóng sự điều tra ""Bức tử thai nhi"" đăng trên báo Lao Động, sáng 18.6, trao đổi với phóng viên Lao Động, đại diện Thanh tra Sở Y tế Hà Nội cho biết đã tạm đình chỉ phòng khám Phương Thanh (85 Giải Phóng - Hà Nội) do phát hiện sai phạm trong quá trình kiểm tra và để làm rõ những sai phạm mà Báo Lao Động đã phản ánh.",1592450657.0,4,0,,0
521,-5590929211284109312,"🔥 BN91 (43 tuổi) hiện vẫn đang trong tình trạng rất nặng, tổn thương đa tạng, nhiễm trùng, xuất hiện suy tim phải. Viêm phổi nặng, lọc máu ngày thứ 4, hiện tượng tăng đông diễn ra nặng nên phải thay 4 lần quả lọc máu, ECMO ngày thứ 3.

(Lý do BN91 trở nặng dù mới ngoài 40 tuổi, ngoài vấn đề liên quan độc tính virus, thì bệnh nhân này cao 1.83 m, nặng 100 kg, chỉ số khối cơ thể (BMI) khoảng 30,1, có yếu tố béo phì. Đây có thể là nguyên nhân đưa vào nhóm nguy cơ khiến bệnh nhân có diễn biến nặng, phù hợp các nghiên cứu khác trên thế giới.)

Điều động viên nhất của ca bệnh này đối với hội đồng chuyên môn lúc này là tải lượng virus SASR-CoV-2 của bệnh nhân giảm. Hiện Hội đồng chuyên môn và các bác sỹ đang điều trị bệnh nhân bằng tất cả tâm lực, trí lực và kinh nghiệm điều trị.

🔥 BN20 đã cai ECMO, bệnh nhân vẫn phải thở máy, tuy nhiên bệnh nhân xuất hiện cơn ngừng tuần hoàn ngày 8/4 và được Hội đồng chuyên môn hội chẩn khẩn ngay trong đêm, nhờ đó tình trạng người bệnh đã được cải thiện hơn.
Các bác sỹ BV Bệnh Nhiệt đới TW cho biết đến hôm nay bệnh nhân đã có cải thiện, không tổn thương não sau ngừng tim, nghe, đáp ứng các yêu cầu các bác sỹ.

🔥 BN251 (64 tuổi, vừa được chuyển lên từ BV ĐK Hà Nam): Có tiền sử gout nặng, uống rượu, xơ gan. Ca bệnh này đã được các bác sỹ khoa Tiêu hóa BV Bạch Mai và BV Nội tiết TW và hội đồng chuyên mốn tư vấn trao đổi về vấn đề dinh dưỡng, điều trị gout, xơ gan, chống đông….

🔥 BN161 (88 tuổi, từ BV Bạch Mai chuyển sang): Có tiền sử bị tai biến, xuất huyết não và liệt 1/2 người bên trái, Hội đồng chuyên môn các bệnh truyền nhiễm đề nghị các bác sỹ điều trị trực tiếp xem xét thời điểm để mở nội khí quản cho người bệnh.

---
Ảnh: Hôm nay (10/4), tại Trung tâm quản lý, điều hành trực tuyến hỗ trợ chuyên môn, chẩn đoán, điều trị COVID-19, các thành viên Tiểu ban Điều trị, Hội đồng chuyên môn các bệnh truyền nhiễm đã hội chẩn công tác điều trị bệnh nhân COVID-19 nặng.

(Thông tin Chính phủ)",1586523624.0,28,1,2,0
522,6773630574515555328,"DNTH: Từ tháng 3 đến nay, trên tuyến đường Quốc lộ 14G (đoạn qua xã Hòa Phú, huyện Hòa Vang, TP. Đà Nẵng) hàng ngày cả trăm lượt xe tải chở đất làm rơi vãi, gây ô nhiễm môi trường và làm ảnh hưởng đến công trình giao thông đường bộ. Tiềm ẩn nguy cơ tai nạn giao thông, khiến nhiều hộ dân sinh sống nơi đây vô cùng bức xúc.",1587651661.0,4,0,,0
523,-9003441392862328832,"THÔNG TIN VỀ CA BỆNH THỨ 61 20h30 hôm nay (16/3/2020), Viện Pasteur Nha Trang cho biết mẫu xét nghiệm do Trung tâm kiểm soát bệnh tật tỉnh Ninh Thuận gửi đến dương tính SARS-COV-2, nâng tổng số ca mắc COVID-19 tại Việt Nam lên 61. Bệnh nhân nam, 42 tuổi, địa chỉ ở Thôn Văn Lâm 3, xã Phước Nam, huyện Thuận Nam, tỉnh Ninh Thuận.... Bệnh nhân đi Malaysia ngày 27/2/2020 và về Việt Nam ngày 04/3/2020 trên chuyến bay VJ826 từ Malaysia về Cảng hàng không quốc tế Tân Sơn Nhất. Sau khi về địa phương đến ngày 10/3/2020, bệnh nhân có đau họng và sốt (không uống thuốc gì), đến ngày 15/3/2020 bệnh nhân đến Bệnh viện đa khoa tỉnh Ninh Thuận khám và điều trị. Hiện nay bệnh nhân đang được điều trị tại Khoa bệnh nhiệt đới, Bệnh viện đa khoa tỉnh Ninh Thuận Xem thêm",1584367184.0,4200,3600,10000,0
524,-4024059823917466112,"🔖 Công an thành phố Hải Phòng: Thông tin chi tiết vụ việc nổ súng tại số nhà 17 đường Phan Bội Châu.
",1592880674.0,2,0,1,0
525,-5156206781273212928,"PRAY FOR EVERYONE !! 15/3 sẽ là ngày đáng nhớ cho không chỉ Việt Nam mà của toàn thế giới do những gì COVID-19 gây ra !!! - Rạng sáng 15/3, Pháp 🇫🇷 ra lệnh đóng cửa toàn bộ nhà hàng, rạp chiếu phim, cửa hàng,....trừ... siêu thị, trạm xăng, ngân hàng, tabac, presse báo chí và pharmacie. Phong tỏa 1 phần đất nước. ... - Chủ tịch hiệp hội Y Tế Ý 🇮🇹 vừa qua đời vì Corona Virus. Hưởng thọ 67 tuổi - Vợ thủ tướng Canada 🇨🇦 đã dương tính Corona Virus . Ông cũng đang bị cách ly - Rạng sáng 14/3 vừa qua, Ba Lan 🇵🇱 chính thức đóng cửa đất nước và cảnh sát sẽ đi tuần khắp nước để chắc chắn rằng không ai ra đường - Bộ trưởng Úc 🇦🇺 dương tính Corona Virus ngày 13/3 - Bộ trưởng văn hoá Pháp 🇫🇷 đã nhiễm Corona Virus được 5 ngày - Tướng cao cấp Iran 🇮🇷 đã t.ử vo.ng vì Corona Virus hôm kia, 13/3 - Thứ trưởng Iran nhiễm bệnh và Nghị sĩ Iran, cố vấn ngoại trưởng Iran cũng ch.ết vì corona 2 tuần trước - Tây Ban Nha 🇪🇸 ngày 13/3 ban lệnh đóng cửa toàn bộ hàng quán ngay thủ đô nước này - Ông Donald Trump sáng 14/3 ban bố tình trạng khẩn cấp toàn đất nước Hoa Kỳ 🇺🇸 - Pháp 🇫🇷 đã đóng cửa các trường hoc vô thời hạn - Hàn Quốc 🇰🇷 và Trung Quốc 🇨🇳 đã tuyên bố đỉnh điểm dịch đã qua, chặn đứng được sự lây lan virus ở 2 đất nước này - Czechs vừa tuyên bố 2 giờ trước đóng cửa toàn bộ nhà nước, quán bar tại nước này - Việt Nam 🇻🇳 vừa tuyên, đóng cửa toàn bộ bar, khách sạn, nhà hàng, karaoke.. các tụ điểm vui chơi toàn TP.HCM. Từ chối các passport (hộ chiếu) châu Âu nhập cảnh vào VN. Hủy hàng loạt các chuyến bay tới VN sau ngày 15/3, trừ những chuyến đưa người Việt trở về quê hương. - Nga 🇷🇺 chặn cửa không cho Ba Lan 🇵🇱 và Na Uy 🇳🇴 vào để ngăn chặn Virus - Colombia 🇨🇴 chặn cửa Venezeula vào để ngăn chặn virus - Đan Mạch 🇩🇰 tuyên bố đóng cửa khẩu 4 tuần - Luật sư của tổng thống Brazil 🇧🇷 đã dương tính với virus nhưng tổng thống nước này vẫn bác bỏ ông bị dương tính ?! - Giới chức Hoa Kỳ 🇺🇸 ngày 15/3 tuyên bố Donald Trump negative (âm tính) với virus. Nhưng rất nhiều câu hỏi được đặt ra khi ông đã tiếp xúc trực tiếp, là F1 với hàng loạt các lãnh đạo đã nhiễm Covid-19 trước đó. - Tổng cộng 155,220 người bị virus trên toàn thế giới. 5,819 người ch.ết - Rất nhiều đất nước tiên tiến trên thế giới không thể chữa khỏi 1 ca nhiễm Covid-19 nào như : Brazil, Phần Lan 🇫🇮, Qatar 🇶🇦, Iceland 🇮🇸, Ireland 🇮🇪, Ba Lan, Czech, Chile 🇨🇱... - Cũng trong 14/3, Ông Tim Cook tuyên bố đóng cửa hơn 400 stores trên toàn thế giới, để lại 42 stores tại China. - Virus Covid-19 đã tấn công đến lãnh thổ Châu Phi. Nâng tổng số 146 quốc gia bị nhiễm virus này. - Anh 🇬🇧 là nước duy nhất trên thế giới hiện tại hờ hững với virus và tự cho là có cách đối phó chống dịch khác biệt với thế giới. (Source: VFC) -TN- #ThegioiShowbiz #TGSB Xem thêm",1584234494.0,10000,1500,10000,0
526,4164955132065859072,"Tái lấn chiếm vỉa hè, lòng đường, vệ hồ dù Chủ tịch Hà Nội đã nhấn mạnh cần xử lý nghiêm trong thời gian này.
",1589004795.0,15,2,2,0
527,-7845741394264275968,"THÔNG TIN VỀ CA BỆNH TỪ 135 TỚI 141 CA BỆNH 135 (BN135):  Bệnh nhân nữ, 27 tuổi, địa chỉ của bố mẹ: đường Trần Nguyên Hãn, quận Lê Chân, TP.Hải Phòng. Ngày 19/3/2020 bệnh nhân khởi hành từ Copenhagen, Đan Mạch, quá cảnh tại Doha và Bangkok, nhập cảnh Việt Nam ngày 21/3/2020 tại Cảng Hàng không quốc tế Đà Nẵng trên chuyến bay số hiệu PG947, số ghế 16A. Sau khi nhập cảnh, bệnh nhân được cách ly tập trung tại Trung tâm Giáo dục quốc phòng Quân khu 5, kết quả xét nghiệm dương tín...h vi rút SARS-CoV-2 và hiện trong tình trạng ổn định. CA BỆNH 136 (BN136); Bệnh nhân, nữ, 23 tuổi, địa chỉ ở: Linh Đàm, Hoàng Mai, Hà Nội. Bệnh nhân là du học sinh từ Mỹ, nhập cảnh về Nội Bài ngày 18/03/2020. Sau khi nhập cảnh, BN về nhà tự cách ly. Ngày 21/03/2020, Bệnh nhân có sốt, ngày 22/03/2020, Trung tâm Y tế Hoàng Mai đến lấy mẫu làm xét nghiệm và cho kết quả Bệnh nhân dương tính với Covid-19. Ngày 24/03, mẫu bệnh phẩm đã được gửi sang Viện Vệ sinh Dịch tễ Trung ương cũng cho kết quả dương tính với Covid-19. Hiện tại, bệnh nhân đang được cách ly tại Bệnh viện bệnh nhiệt đới Trung ương cơ sở Đông Anh, tình trạng sức khoẻ ổn định. CA BỆNH 137 (BN137): Bệnh nhân nam, 36 tuổi, địa chỉ ở: Yên Thành, Nghệ An. Bệnh nhân đi du lịch từ Đức trở về, nhập cảnh về Nội Bài ngày 15/03/2020. Sau khi nhập cảnh, Bệnh nhân đã được đưa về khu cách ly của Hà Nội và lấy mẫu làm xét nghiệm. Hiện tại, bệnh nhân đang được cách ly tại Bệnh viện bệnh nhiệt đới Trung ương cơ sở Đông Anh, tình trạng sức khoẻ ổn định. CA BỆNH 138 (BN138) Bệnh nhân nam, 23 tuổi, địa chỉ ở: Láng Hạ, Đống Đa, Hà Nội. Bệnh nhân là du học sinh từ Anh, nhập cảnh về Nội Bài ngày 21/03/2020 trên chuyến bay VN0054. Sau khi nhập cảnh, bệnh nhân đã được đưa về khu cách ly của Hà Nội và lấy mẫu làm xét nghiệm. Ngày 24/03, mẫu bệnh phẩm đã được gửi sang Viện Vệ sinh Dịch tễ Trung ương. Hiện tại, bệnh nhân đang được cách ly tại Bệnh viện Bệnh nhiệt đới Trung ương cơ sở Đông Anh, tình trạng sức khoẻ ổn định. CA BỆNH 139 (BN139):  Bệnh nhân nữ, 24 tuổi, địa chỉ: Trần Khát Chân, Thanh Nhàn, Hai Bà Trưng, Hà Nội. Bệnh nhân là du học sinh tại Anh, có chồng là bệnh nhân dương tính với SARS CoV-2, nhập cảnh về Nội Bài ngày 21/03/2020 trên chuyến bay VN0054. Sau khi nhập cảnh, bệnh nhân đã được đưa về khu cách ly tại Khu nhà ở sinh viên Tứ Hiệp và lấy mẫu làm xét nghiệm. Mẫu bệnh phẩm đã được gửi sang Viện Vệ sinh Dịch tễ Trung ương. Hiện tại, bệnh nhân đang được cách ly tại Bệnh viện Bệnh nhiệt đới Trung ương cơ sở Đông Anh, tình trạng sức khoẻ ổn định. CA BỆNH 140 (BN140): Bệnh nhân nam, 21 tuổi, địa chỉ : Đặng Thai Mai, Quảng An, Tây Hồ, Hà Nội. Bệnh nhân là du học sinh từ Anh, nhập cảnh về Nội Bài ngày 21/03/2020 trên chuyến bay VN0054. Sau khi nhập cảnh, bệnh nhân đã được đưa về khu cách ly của Hà Nội và lấy mẫu làm xét nghiệm sàng lọc. Mẫu bệnh phẩm đã được gửi sang Viện Vệ sinh Dịch tễ Trung ương. Hiện tại, bệnh nhân đang được cách ly tại Bệnh viện Bệnh nhiệt đới Trung ương cơ sở Đông Anh, tình trạng sức khoẻ ổn định. CA BỆNH 141 (BN141):  Bệnh nhân là bác sỹ, 29 tuổi, làm việc tại Khoa Cấp cứu, Bệnh viện Bệnh Nhiệt đới Trung ương cơ sở Đông Anh. Bác sỹ bị lây khi thao tác thiết lập máy thở cho BN28, bị phơi nhiễm cùng ngày với một bác sĩ khác cùng làm việc tại Khoa này (BN116). Xem thêm",1585139112.0,39000,2800,3500,0
528,6431434235876790272,Sự giàu có không mua được cho bạn ý thức.  Quốc gia văn minh không sản sinh ra những con người hành xử văn minh Sự trục lợi của những con người sẵn sàng xem thường mạng sống đồng loại.... Covid-19 làm cho chúng ta nhận ra bản chất của con người... --- Làm gì để có thể bảo vệ sức khỏe bản thân và những người xung quanh? Trang bị cho mình những hiểu biết đúng đắn là điều cần thiết nhất! Làm bài test để bổ sung kiến thức ngay nhé: http://bit.ly/2VWj0UB #LaChanVirusCorona #Lotus #VCCorp #ICT_anti_nCoV Xem thêm,,20000,491,9200,0
529,8257425537817437184,"Sự cố vỡ sân không đơn thuần phải kéo dài trận đấu 22 phút, mà kéo theo hàng loạt hệ lụy khác, nhất là trong chúng ta chưa công bố hết dịch Covid. Vụ việc vỡ sân ở Hà Tĩnh đã để lại hình ảnh xấu cho đội khách, họ khó thể yên tâm thi đấu khi cổ động viên ngồi sát đường biên.",1592355469.0,13,1,,0
530,-9124917804542192640,"XIN CHIA BUỒN CÙNG CHÚ VÀ GIA ĐÌNH.

Chú Trần Đại Sỹ sinh năm 1969, quê quán tại Nghĩa Đàn - Nghệ An.

Chú về nước từ Malaysia và được đi cách ly tại Đà Nẵng từ ngày 18/3.

Hôm qua 23/3 từ quê nhà báo tin bố mất. Mặc dù đau buồn khi người cha đáng kính qua đời, nhưng việc cách ly là sự an toàn chung đối với bản thân, gia đình và xã hội nên chú vẫn chấp hành cách ly.

Được Ban quản lý tại khu cách ly quan tâm, động viên, thăm hỏi và chuẩn bị cho chú những thứ cần thiết về đồ lễ và lập bàn thờ thắp hương tưởng nhớ đến bậc sinh thành của mình đã về nơi chín suối.

Vì sự an toàn cho đồng bào và xã hội..Xin cảm ơn chú đã chung tay chống dịch khi thực hiện việc cách ly rất nghiêm túc của mình.!!

Nguồn: ĐNQ 99999

#thachhaonline
#beatthachha
#hatinhit
#chamsocsausinhphuongmy
#baithuocchuabenh
#caytrongvatnuoihatinh",1585029499.0,59,1,1,0
531,5620351003100972032,"HÃY 1 LẦN QUAN TÂM ĐẾN CẢM XÚC BỌN TRẺ! Tình hình bệnh dịch diễn ra hết sức phức tạp, trên thế giới và ngay cả Việt Nam lúc này, ai cũng nín thở chờ đợi tin tức. Trong khi học sinh cả nước các cấp THCS trở xuống đều được nghỉ học, trừ một số địa phương có lãnh đạo giáo dục “tận cùng vô cảm”, cho cả học sinh mẫu giáo, tiểu học, THCS đi học thời điểm này. Thì đa số, học sinh cấp 3 – THPT ở rất nhiều tỉnh, vẫn phải đi học bình thường.  Cảm giác vừa buồn vừa lo, đó là tâm trạng c...hung của tất cả các học sinh cấp 3 trên cả nước, dịch diễn biến khó lường, vẫn phải cắp sách đến trường, để chạy theo kì thi THPT sắp tới. Nhiều em bố mẹ cho nghỉ, sợ thua thiệt bạn bè, vẫn nhất quyết đến trường dù không hề muốn.  “Chữ vào đầu thì ít, cảnh giác thì cao. Mỗi khi có tin xuất hiện ca dương tính mới, tâm trạng chúng cháu lại càng đi xuống chú ạ. Có khi những tiết học chúng cháu đến lớp, rồi lén bật điện thoại lên để xem tình hình bệnh dịch như diễn biến đến đâu. Tụi cháu không dám nghỉ vì kì thi THPT là cánh cửa duy nhất vào tương lai, nhưng cháu thật sự lo lắm chú ạ.” – Một em học sinh lớp 12 gửi tin nhắn cho Vũ.  Giữa những thông tin cảnh giác mới nhất của chính phủ, đến cả khách nước ngoài cũng nên đeo khẩu trang nơi công cộng, giao tiếp cách xa nhau 1m-1,8m, hạn chế tụ tập đông người Thì các em vẫn phải chịu cảnh 50 học sinh một lớp, tụ tập “đông người” một cách chủ động, phát biểu liên tục, ngồi cách nhau 2 gang tay, nhiều em cũng không màng đeo khẩu trang vì Bộ Giáo Dục cũng không bắt buộc. Nghĩ đến thôi, cũng cảm thấy “rợn người”. Chúng ta có đang quá vô cảm với các em hay không? Khi học Online vẫn có thể là một trong những giải pháp đúng đắn thời điểm này, và Bộ GD chính thức thông báo sẽ công nhận kết quả của việc học Online.  Hay người lớn đang tự thần thánh hóa “sức đề kháng” của bọn trẻ, để rồi giờ chúng đi học trong lo sợ thế này! Cứ bắt học cho nhanh để làm gì, khi bao doanh nghiệp đang phải gồng mình chống dịch, đóng cửa và tạm đóng cửa hàng loạt. Đi học cũng chỉ mong tìm kiếm việc làm,… Giờ thì cơ hội việc làm lại càng giảm dần! Nhưng quan trọng nhất giáo dục… giáo dục là để yêu thương cơ mà! Học chữ làm gì khi cái tâm không thể tĩnh! --------------------------------------- 🛑Nhiều chuyên gia kiến nghị cho học sinh nghỉ thêm 1-2 tháng, có thể lấn sang năm học 2020-2021 để phòng Covid-19, tránh phải nhiều lần thay đổi lịch nghỉ. Đánh giá việc Bộ Giáo dục và Đào tạo lần thứ hai điều chỉnh khung thời gian năm học (kết thúc trước ngày 15/7, kỳ thi THPT quốc gia 8-11/8), thạc sĩ Lưu Đức Quang (Khoa Luật, trường Đại học Kinh tế - Luật, Đại học Quốc gia TP HCM) cho rằng động thái này vẫn mang tính tình thế, chưa căn cơ. Dẫn ý kiến của chuyên gia y tế, ông Quang cho rằng nếu may mắn không có diễn biến xấu hơn, ít nhất cần 2-3 tháng để đại dịch lắng xuống.  Do đó khung thời gian năm học 2019-2020 cần khoảng lùi tương đương để tạo sự yên tâm cho phụ huynh khi đưa con em đến trường, tránh tình trạng cứ đến cuối tuần lại hồi hộp chờ đợi thông báo nghỉ học của chủ tịch UBND tỉnh, thành. ""Dường như Bộ Giáo dục và Đào tạo vẫn muốn năm học mới 2020-2021 bắt đầu từ ngày 5/9. Thật ra ngày khai giảng chỉ mang tính truyền thống, không luật nào quy định, tại sao không tính đến phương án nghỉ lấn sang năm học sau?"", ông Quang đặt vấn đề. Nhiều địa phương đã cho học sinh nghỉ đến cuối tháng 3, có nơi nghỉ sang đầu tháng 4, tức đã dùng gần hết kỳ nghỉ hè. Thạc sĩ Quang đề xuất Bộ Giáo dục và Đào tạo tính toán để năm học mới bắt đầu muộn hơn 1-2 tháng so với truyền thống.  Khung thời gian năm học 2019-2020 cũng được tịnh tiến theo. Dựa trên khung thời gian năm học mới, Bộ Giáo dục và Đào tạo có thể đưa ra nhiều phương án dạy học. Chủ tịch UBND cấp tỉnh sẽ lựa chọn thời điểm đi học phù hợp với thực tế địa phương. Như vậy, việc phân cấp thẩm quyền vẫn đúng quy định, đảm bảo sự thống nhất giữa các địa phương trên cả nước. Riêng lớp 12, ông Quang cho rằng phải tạo cơ chế công bằng trong học sinh cả nước bởi các em sẽ bước vào kỳ thi THPT quốc gia và xét tuyển vào đại học, cao đẳng. ""Lùi thời gian học sang năm sau có vẻ khó, nhưng vẫn làm được. Đừng vội vàng cho đi học khi xã hội chưa yên tâm, vì khi đó người cho đi học, người cho ở nhà thì mục tiêu giáo dục không đạt được"", ông Quang nói. (Vnexpress)  --------------------------------------- 🛑GS Nguyễn Thiện Tống (Đại học Bách khoa TP HCM) cho rằng một tuần qua dịch bệnh diễn biến phức tạp, nguy cơ lây lan diện rộng, ngành giáo dục cần tính phương án cho nghỉ học dài ngày, có thể kéo dài 1-2 tháng tới, thậm chí nghỉ hết học kỳ II. Thế hệ của ông Tống từng bị gián đoạn học tập vì chiến tranh, nhưng đều được bù đắp bằng nhiều cách.  Vì thế ông Tống cho rằng không cần lo nghỉ dài sẽ gián đoạn, ảnh hưởng đến chương trình học hay trình độ của một thế hệ. ""Dịch bệnh ảnh hưởng nặng nề đến mọi lĩnh vực. Giáo dục là công việc lâu dài, trễ một học kỳ và sau đó bù lại là cần thiết, vì mục tiêu đảm bảo sức khỏe"", ông nói. ( Vnexpress)  --------------------------------------- Các ông bà lãnh đạo Giáo Dục ơi! Làm ơn, làm ơn, một lần thôi! Hãy một lần quan tâm đến cảm xúc bọn nhỏ… Văn hóa Việt Nam trọng cảm xúc, bọn trẻ rất dễ bị ảnh hưởng vì tâm lý hoang mang chung của bệnh dịch. Người lớn chúng ta còn chịu không nổi trước thông tin bệnh dịch mỗi ngày, đừng nói đến bọn nhỏ... Tôi thương chúng thật sự!  Hoàng Nguyên Vũ Xem thêm",1584202754.0,10000,1500,7500,0
532,6431434235876790272,"Phát biểu tại buổi làm việc, đại diện WHO và CDC đều đánh giá cao công tác phòng chống dịch bệnh COVID-19 của Việt Nam, cho rằng Việt Nam đã phòng chống dịch bệnh với quyết tâm rất cao, các giải pháp đồng bộ, hiệu quả, công khai, minh bạch. --- Bạn đã follow ""Lá chắn virus Corona"" trên Lotus? Thông tin nhanh chóng - kịp thời - đầy đủ nhất về Covid-19.... Tải app Lotus ngay tại đây: https://onelink.to/natilachan #LaChanVirusCorona #Lotus #VCCorp #ICT_anti_nCoV Xem thêm",,48000,1900,5600,0
533,-3975173175721102848,"""Vượt qua cửa tử, tôi nghĩ không chỉ nhờ thuốc, chế độ dinh dưỡng, mà còn ở tất cả tình yêu của hàng chục bác sĩ BV Bệnh Nhiệt Đới TP.HCM - những liều thuốc tinh thần tôi mãi không quên"" - ông Tạ Kiên Hoà (73 tuổi, Việt kiều Mỹ) - người vừa khỏi nCoV chia sẻ. ---------- Hãy hết sức cẩn thận, thực hiện đầy đủ, chính xác các biện pháp phòng ngừa virus corona để bảo vệ bản thân và những người xung quanh. Làm ngay bài test để kiểm tra độ hiểu biết của mình: https://challenge.lotus.vn/lachanviruscorona #LaChanVirusCorona #Lotus #VCCorp #ICT_anti_nCoV #Mutex #Cn #tintức #việtkiều #dịchbệnh #VũHán #hànhtrìnhchữadịchbệnhcovid19",,23000,978,13000,0
534,-2849581457515133952,"Với thông điệp “Giọt máu cho đi – Cuộc đời ở lại”, Mặt trận Tổ quốc quận Cầu Giấy, Hà Nội đã tổ chức Ngày hội hiến máu tình nguyện năm 2020.",1592647805.0,3,0,,0
535,-3945074536763892224,"TĂNG 7 CA NHIỄM COVID-19 CÙNG LÚC❗️THÔNG TIN CÁC CA BỆNH SỐ 69, 70, 71, 72, 73, 74, 75❗️ ✖️ CA BỆNH THỨ 69: Bệnh nhân nam, 30 tuổi, quốc tịch Đức, tạm trú tại Quận Hai Bà Trưng, Hà Nội. Bệnh nhân là du khách, nhập cảnh Nội Bài ngày 13/03 trên chuyến bay SU290. Từ ngày 13/03 – 15/03, bệnh nhân có đi đến một số điểm tại Hà Nội. Ngày 15/03 bệnh nhân có sốt, đi đến một số cơ sở Y tế, sau đó được chuyển vào Bệnh viện Bệnh Nhiệt đới Trung ương cơ sở Đông Anh. ✖CA BỆNH THỨ 70: Bệnh ...nhân nam, 19 tuổi, địa chỉ ở Thanh Xuân, Hà Nội. Bệnh nhân là du học sinh tại Anh, nhập cảnh về Nội Bài ngày 16/03 trên chuyến bay TK164. Hiện tại, bệnh nhân đang được cách ly tại Bệnh viện Bệnh Nhiệt đới Trung ương cơ sở Đông Anh, tình trạng sức khoẻ ổn định. ✖️ CA BỆNH THỨ 71: Bệnh nhân nữ, 19 tuổi, địa chỉ ở Hai Bà Trưng, Hà Nội. Bệnh nhân là du học sinh tại Anh, nhập cảnh về Nội Bài ngày 16/03 trên chuyến bay TK164. Hiện tại, bệnh nhân đang được cách ly tại Bệnh viện Bệnh Nhiệt đới Trung ương cơ sở Đông Anh, tình trạng sức khoẻ ổn định. ✖️ CA BỆNH THỨ 72: Bệnh nhân nữ, 25 tuổi, quốc tịch Pháp. Bệnh nhân là hành khách trên chuyến bay từ Pháp về Nội Bài ngày 09/03, trên chuyến bay có ca mắc bệnh COVID-19, bệnh nhân là bạn gái của ca dương tính số 60. Sau đó, bệnh nhân có đi du lịch tại một số điểm tại Hà Nội và Ninh Bình. Ngày 15/03, bệnh nhân quay trở lại Hà Nội và được đưa đi cách ly tại Bệnh viện Bệnh Nhiệt đới Trung ương cơ sở Đông Anh, tình trạng sức khoẻ ổn định. ✖️ CA BỆNH THỨ 73: Bệnh nhân nam, 11 tuổi, địa chỉ ở Huyện Thanh Miện, Hải Dương. Bệnh nhân về Việt Nam trên chuyến bay VN0054 ngày 09/03. Hiện tại, bệnh nhân đang được cách ly tại Trung tâm Y tế huyện Thanh Miện, tình trạng sức khoẻ ổn định. ✖️ CA BỆNH THỨ 74: Bệnh nhân nam, 23 tuổi, địa chỉ ở Lâm Thao, Phú Thọ. Bệnh nhân về Việt Nam trên chuyến bay VN0018 ngày 16/03. Hiện tại, bệnh nhân đang được cách ly tại Bệnh viện Đa khoa tỉnh Bắc Ninh, tình trạng sức khoẻ ổn định. ✖️ CA BỆNH THỨ 75: Bệnh nhân nữ, 40 tuổi, địa chỉ ở Quận 2, TP. Hồ Chí Minh. Ngày 04/3, BN từ Việt Nam sang London - Anh thăm người thân và tại đây bệnh nhân không tiếp xúc với người mắc bệnh COVID-19. Ngày 15/3, bệnh nhân về tới Việt Nam trên chuyến bay của hãng hàng không Vietnam Airlines số hiệu VN50, số ghế 10E. Khi nhập cảnh, bệnh nhân chưa có triệu chứng bệnh. Hiện bệnh nhân tiếp tục được theo dõi, điều trị, cách ly tại Bệnh viện Dã chiến Củ Chi với tình trạng sức khoẻ ổn định. © Bộ Y tế Xem thêm",1584540800.0,38000,2600,2700,0
536,6042368722995547136,"THÔNG BÁO KHẨN: HỌC SINH TOÀN TỈNH ĐƯỢC NGHỈ HỌC ĐẾN HẾT NGÀY 09/02/2020 Tại cuộc họp phòng chống dịch Corona sáng nay, Chủ tịch UBND tỉnh Bình Định Hồ Quốc Dũng quyết định cho học sinh toàn tỉnh nghỉ học từ ngày mai (4/02/2020) đến hết ngày 9/02/2020. Sáng cùng ngày, Giám đốc Sở GD&ĐT cũng có văn bản: Sở Giáo dục và Đào tạo yêu cầu Trưởng phòng Giáo dục và Đào tạo các huyện, thị xã, thành phố, Hiệu trưởng các trường THPT và trực thuộc (sau đây gọi chung là các Thủ trưởng các... cơ sở giáo dục) tạm thời cho học sinh nghỉ học để triển khai công tác phòng, chống dịch bệnh viêm đường hô hấp cấp do chủng mới của vi rút Corona gây ra, cụ thể như sau: 1. Các cơ sở giáo dục mầm non, phổ thông, GDTX tạm thời cho học sinh nghỉ học từ ngày 04/02/2020 cho đến hết ngày 09/02/2020. 2. Trong thời gian học sinh nghỉ học, Thủ trưởng các cơ sở giáo dục chủ động phối hợp chặt chẽ với các cơ quan y tế địa phương trong việc vệ sinh môi trường, phun thuốc khử khuẩn tại trường học. 3. Các cơ sở giáo dục xây dựng kế hoạch học bù cho học sinh để đảm bảo chương trình, kế hoạch dạy học theo quy định. 4. Thủ trưởng các cơ sở giáo dục thông báo cho phụ huynh học sinh thường xuyên cập nhật thông tin trên các phương tiện thông tin đại chúng, có biện pháp phòng, chống bệnh cho con em mình. Đề nghị phụ huynh phối hợp quản lý, chăm sóc học sinh trong thời gian nghỉ học. 5. Thường xuyên theo dõi, cập nhật thông tin diễn biến của dịch bệnh, cách phòng, chống trên các phương tiện thông tin đại chúng và ý kiến chỉ đạo của Sở qua hệ thống email công vụ; có kế hoạch bố trí cán bộ quản lý, giáo viên trực và bảo vệ an toàn cơ quan, đơn vị theo đúng quy định trong ngày nghỉ; tăng cường công tác phòng chống cháy nổ. Chủ động phối hợp với các cơ quan chức năng địa phương đảm bảo an toàn, an ninh trật tự. 6. Không cử học sinh tham gia cổ động giao quân trong ngày 11/02/2020. Nguồn: Sở GD ĐT Bình Định, Linh Nguyễn Xem thêm",1580701456.0,2600,719,2100,0
537,-934160550413592960,"Đường sắt Cát Linh - Hà Đông, BIỂU TƯỢNG TÌNH HỮU NGHỊ VIỆT - TRUNG, lời Đại sứ đặc mệnh toàn quyền Trung Quốc tại Việt Nam trong buổi tiếp kiến với Bí thư thành Ủy Hà Nội.",1593177477.0,51,19,1,0
538,-8885682589509318656,[https://dantri.com.vn/suc-khoe/da-co-ket-qua-xet-nghiem-122-nguoi-lien-quan-benh-nhan-268-o-ha-giang-20200420135947878.htm](https://dantri.com.vn/suc-khoe/da-co-ket-qua-xet-nghiem-122-nguoi-lien-quan-benh-nhan-268-o-ha-giang-20200420135947878.htm),1587371016.0,6,0,,0
539,-2687365942972691968,"Phen này cho bay đói luôn.

 MỸ NGƯNG CHI TRẢ KHOẢN ĐÓNG GÓP CHO TỔ CHỨC Y TẾ THẾ GIỚI.

 Cho đến thời điểm hiện nay, TT Mỹ Donald Trump chỉ mới đe dọa sẽ ngừng khoản đóng góp cho WHO như một động thái cảnh cáo trong cuộc khủng hoảng Corona - Bây giờ Hoa Kỳ thực sự sẽ ngưng chuyển tiền của mình cho tổ chức y tế thế giới.

 Tổng thống Hoa Kỳ Donald Trump đã chính thức công bố chặn các khoản thanh toán của Mỹ cho tổ chức y tế thế giới (WHO). ""Hôm nay, tôi chính thức ra lệnh cho chính phủ ngăn chặn các khoản thanh toán cho tổ chức y tế thế giới,"" Trump nói vào thứ ba ( theo giờ địa phương) tại một cuộc họp báo tại Washington.

 Ngoài ra, ""một cuộc xem xét sẽ được thực hiện để đánh giá vai trò của WHO trong việc quản lý kém và che giấu sự lây lan của Virus Corona,"" Trump nói thêm.

 Các nhà phê bình thì nghi ngờ những từ ngữ nặng nề chống lại WHO của TT là một sự phô diễn chiến thuật để nhằm đánh lạc hướng các thiếu sót của chính quyền. Trong những tuần qua, TT Trump đã có những cáo buộc nghiêm khắc đối với WHO và nói rằng tổ chức này đã ""thực sự thất bại"" trong đại dịch. Sau đó ông đã đe dọa sẽ ngừng khoản đóng góp của Mỹ .

 Trump tuyên bố rằng WHO ""có lẽ"" đã biết nhiều hơn những gì được họ tiết lộ ngay vào lúc bắt đầu đại dịch. Hơn nữa, tổng thống Mỹ cũng phàn nàn rằng WHO đã quá tập trung vào Trung Quốc - mặc dù Hoa Kỳ đã đóng góp phần lớn cho ngân sách của WHO.

 Trong số các quốc gia thành viên, Mỹ là đối tượng trả tiền lớn nhất so với tất cả: Riêng cho thời gian 2020 - 2021, Mỹ đã chi cho mỗi năm gần 116 triệu USD. Đóng góp của Trung Quốc trong hai năm là khoảng 57 triệu đô mỗi năm. Đức hiện đang phải trả 29 triệu USD/năm. Theo WHO, con số lệ phí thành viên phụ thuộc vào mức độ đông dân và sự thịnh vượng của đất nước.

 Bàn thêm:  Để biết với 1,4 tỉ dân và là nền kinh tế lớn thứ 2 thế giới, giặc Hán đã hà tiện đến đâu trong đóng góp cho WHO và lợi dụng WHO thế nào trong vụ lừa thiên niên kỷ qua đại dịch Covid-19.
*** Trích dịch từ báo Tấm gương.de

- TIN BỔ SUNG:
 New York (Reuters)-Tổng thư ký Liên Hiệp Quốc Antonio Guterres lên án việc chấm dứt viện trợ tài chính của chính phủ Mỹ cho tổ chức y tế thế giới (WHO).
 Đây ""không phải là thời gian để cắt giảm nguồn lực cho tổ chức y tế thế giới hoặc cho bất kỳ tổ chức nhân đạo nào khác trong cuộc chiến chống Virus Corona,"" Guterres nói. ""Bây giờ là thời gian cho cộng đồng quốc tế làm việc cùng nhau trong sự đoàn kết để ngăn chặn loại Virus này và những hậu quả tàn khốc của nó,"" ông nói.
 HAHAHA.. Một khi anh đã chán chúng bay rồi thì..
 Trích dịch từ Reuters.",1586978990.0,68,41,2,0
540,-5701845965413953536,"[Thông báo khẩn] Thông báo khẩn đến các hành khách đi trên các chuyến bay: ☘️ Chuyến bay mang số hiệu VN0054 của Hãng Hàng không Quốc gia Việt Nam (Vietnam Airlines), từ Anh hạ cánh xuống sân bay Nội Bài lúc 4h30 sáng, ngày 02/03/2020 đã có 01 hành khách nhiễm Covid-19 đang được cách ly tại Hà Nội.... ☘️ Hành khách đi cùng chuyến bay trên và tiếp tục di chuyển trên chuyến bay mang số hiệu VN223 của Hãng Hàng không Quốc gia Việt Nam (Vietnam Airlines) từ Nội Bài vào Thành phố Hồ Chí Minh, hạ cánh xuống sân bay Tân Sơn Nhất lúc 09h54 sáng, ngày 02/3/2020. 👉 Trung tâm Kiểm soát Bệnh tật Thành phố Hồ Chí Minh thông báo: Các hành khách đi trên 2 chuyến bay này #liên_hệ_ngay số điện thoại: 0869.577.133 để được hỗ trợ các biện pháp phòng bệnh cần thiết theo quy định. [Trung tâm Kiểm soát Bệnh tật Thành phố Hồ Chí Minh] ----- [Emergency notification]  Emergency notification to passengers traveling on flights: ☘️ Flight VN0054 of Vietnam National Airlines (Vietnam Airlines), from the UK landed at Noi Bai airport at 4:30 am, on 02/03/20 there was one passenger with Covid-19 being isolated in Hanoi. ☘️ Some passengers on flight VN0054 continued traveling on flight VN223 of Vietnam National Airlines (Vietnam Airlines) from Noi Bai to Ho Chi Minh City, landing at Tan Son Nhat airport at 9:54  am, March 2, 2020. 👉 Center for Diseases Control of Ho Chi Minh City announces: Passengers traveling on these two flights #contact immediately phone: 0869.577.133 for assistance with necessary preventive measures as required. [Center for Diseases Control of Ho Chi Minh City] ----- #HCDC #Trung_tâm_Kiểm_soát_Bệnh_tật_TPHCM https://hcdc.vn http://www.t4ghcm.org.vn/ https://www.youtube.com/channel/UCBFB5n8sUer1oMgk1dZYasg Xem thêm",1583556816.0,2800,574,13000,0
541,-6924069813718051840,"TP.HCM - Quận 1 tạm ngưng hoạt động loại hình rạp chiếu phim, massage, karaoke, quán bar, vũ trường, beerclub tại các cơ sở kinh doanh và nhà hàng, khách sạn phòng COVID-19.",1584185705.0,10,0,,0
542,-4332060935204511232,"Trong khi nông dân Việt Nam đang gặp nhiều khó khăn do nông sản tồn ứ vì virus corona, nông dân ở Đông Phi đang vật lộn với nạn châu chấu.  Bắt đầu từ Yemen, các đàn châu chấu nhanh chóng sinh sôi nảy nở và tràn vào Đông Phi. Ước tính số lượng châu chấu có thể tăng gấp 500 lần cho tới tháng Sáu.",,7600,1200,2500,0
543,-5029720148739410944,"Hưởng ứng lời kêu gọi toàn dân ủng hộ phòng, chống dịch Covid-19 của Thủ tướng Chính phủ và Ủy ban T.Ư Mặt trận Tổ quốc Việt Nam, chiều nay (26/3), HLV trưởng ĐTQG Park Hang-seo đã trao 5.000 USD ủng hộ “Quỹ phòng chống dịch Covid-19”.",1585216681.0,35,7,,0
544,8564907683732196352,"Đây được coi là đường dây đánh bạc qua mạng lớn nhất từ trước đến nay, số tiền giao dịch lên đến 64.000 tỷ đồng.

Trên thực tế đã không ít người phải bán nhà, ""khuynh gia bại sản"" vì đánh bạc, số tiền thua lên đến hàng tỷ đồng, bố mẹ ở nhà phải nai lưng ra làm để trả nợ cũng không đủ.

Không có tương lai, mất tiền của, đánh đổi cả hạnh phúc gia đình, thậm chí rơi vào tù tội... là cái kết đắng cho những ai mê bài bạc.

Hy vọng đây sẽ là bài học cảnh tỉnh cho những ai đã, đang, hoặc có ý định ""dính"" vào trò ""đỏ đen"" biết mà dừng lại kịp thời. Hiện, vụ án vẫn đang tiếp tục được điều tra mở rộng.
",1590670095.0,5,0,1,0
545,-7464585192276002816,"“Xuất phát từ áp lực sớm phục hồi nhanh phục hồi du lịch nội địa, tuy nhiên Tổng cục nhận thức nội dung chưa phù hợp, nên chúng tôi sẽ thu hồi văn bản. Chúng tôi mong ba hãng hàng không cảm thông với chúng tôi”, ông Phúc nói.",1591267791.0,2,2,,0
546,3493651016474077184,"**Chính ủy Bộ đội biên phòng tỉnh Kiên Giang bị cách chức Bí thư Đảng ủy vì chưa sát sao trong lãnh đạo, chỉ đạo, bổ nhiệm nhiều cán bộ không đủ tiêu chuẩn.**",1592396907.0,13,0,,0
547,1749247388575162880,"Trong đêm và trên vùng biển biên giới, 100 đối tượng buôn lậu từ Campuchia qua Kiên Giang đã tấn công, làm bị thương các chiến sĩ biên phòng và công an",1588069535.0,10,0,1,0
548,8857953693807479808,https://baophapluat.vn/tin-tuc-tinh-thanh/phuong-dien-nam-trung-thi-xa-dien-ban-quang-nam-neu-cao-tinh-than-doan-ket-nang-cao-hieu-qua-lanh-dao-520120.html,1590984477.0,,0,,0
549,4592130907003525120,"Tối 23/4, Công an Q.9, TP.HCM đã khám nghiệm hiện trường và đang điều tra làm rõ nguyên nhân một nam thanh niên được phát hiện chết trong tư thế treo cổ.",1587699572.0,3,0,,0
550,8449413412190499840,"Mở cửa trở lại từ 30/4, Sun World Ba Na Hills sẽ giảm tới 60% giá vé cáp treo cho du khách đến từ 19 tỉnh, thành phố Khu vực Miền Trung - Tây Nguyên.",1588150866.0,2,0,,0
551,-3533482413411831808,"2 TÊN CƯỚP GIẬT CHỐNG TRẢ QUYẾT LIỆT KHI BỊ VÂY BẮT Ở QUẬN 2, TP HCM

Ngày 13/6, trên mạng xã hội xuất hiện đoạn clip ghi lại cảnh 2 tên cướp đi xe máy giật đồ của 1 thanh niên nhưng bị nạn nhân chống trả khiến 2 tên cướp ngã xe. Lúc này, 2 thanh niên xông vào đánh nạn nhân.

Phát hiện sự việc, người dân đã cầm ghế ra giúp đỡ, 2 tên cướp nghi cầm hung khí tấn công người dân nên không ai dám khống chế đối tượng. Sau đó, 2 tên cướp lên xe tẩu thoát. Vụ cướp được cho là xảy ra trên đường Trần Não, quận 2, TP.HCM.",1592027440.0,40,48,9,0
552,896764849329199104,"Sau Hà Nội, TP.HCM, Hải Phòng, Bình Dương, Aeon Việt Nam tính xây tiếp trung tâm thương mại tại Cần Thơ",1593154107.0,5,0,,0
553,1485331411483879936,"Hình ảnh cậu bé 2 tuổi chơi trên mộ bố mẹ và liên tục gọi ""Mẹ ơi"" lấy đi nước mắt hàng nghìn người",1585705427.0,161,16,12,0
554,-3945074536763892224,"HOẢ TỐC❗LÙI KÌ THI THTP QUỐC GIA ĐẾN NGÀY 8-11/8-2020❗️Căn cứ vào những diễn biến phức tạp của dịch bệnh Covid-19, Bộ Giáo dục và Đào tạo đã đưa ra thông báo hoả tốc về việc điều chỉnh khung kế hoạch năm học 2019-2020. Cụ thể: - Kết thúc năm học trước ngày 15/7/2020. - Thi THPT Quốc gia từ ngày 08 -11/8/2020.",1584086822.0,46000,2900,3400,0
555,9173931044894373888,"BÁO ĐỘNG ĐỎ TPHCM vừa phát hiện thêm 1 ca nhiễm Covid 19 mới. Ca 54 này là nam giới, 33 tuổi, quốc tịch Latvia, đi cùng vợ trên chuyến bay TK162 từ Tây Ban Nha đến Thành phố Hồ Chí Minh vào ngày 08/3/2020.  Đáng chú ý là người này đã đến Phú Quốc của chúng ta. Cụ thể:... Ngày 09/3/2020, 2 vợ chồng đi Phú Quốc lúc 14:10 trên chuyến bay QH 1521 của hãng hàng không Bambo Airway. Tại Phú Quốc họ ở khách sạn La Nube Residence.  Ngày 13/03/2020, họ đáp chuyến bay QH 1524 của hãng hàng không Bambo Airway từ Phú Quốc về Thành phố.  Khoảng 16 giờ ngày 14/3/2020, BN54 có biểu hiện sốt, tự đi khám tại Bệnh viện Bệnh Nhiệt đới TP HCM, được lấy mẫu xét nghiệm, cho kết quả dương tính ngày 14/3/2020. Mẫu bệnh phẩm được chuyển về Viện Pasteur TPHCM, xét nghiệm bằng kỹ thuật RT-PCR cho kết quả xét nghiệm dương tính với vi rút SARS-CoV-2 ngày 15/3/2020. Hiện BN54 đang được điều trị cách ly tại Bệnh viện Bệnh Nhiệt đới TP Hồ Chí Minh. ****************** Từ ngày 9 đến ngày 13 tức là 5 ngày họ ở Phú Quốc.  Mọi người ơi, ai đi 2 chuyến bay QH1521 và QH1524 thì mau mau báo ngay cho chính quyền nhe và đặc biệt hạn chế đi lại, tiếp xúc với người khác.  Ai đã tiếp xúc với người này cũng nên liên hệ ngay với chính quyền nhe.  Lúc này rất cần sự tự giác của mọi người.  Số đường dây nóng Sở Y tế Kiên Giang: 0965201515.  ///NT Xem thêm",1584277383.0,4000,3200,6600,0
556,-2123092352081871104,"Phi công anh nhiễm Burkholderia cenocepacia. Đây là  loại vi khuẩn rất khó điều trị trên nền bệnh nhân có suy giảm miễn dịch.
[https://thoidai.com.vn/benh-nhan-phi-cong-anh-loc-mau-tro-lai-nhiem-loai-vi-khuan-kho-dieu-tri-109277.html](https://thoidai.com.vn/benh-nhan-phi-cong-anh-loc-mau-tro-lai-nhiem-loai-vi-khuan-kho-dieu-tri-109277.html)",1590551012.0,6,1,,0
557,-3533482413411831808,"Máy bay hạ cánh trượt khỏi đường băng Tân Sơn Nhất, Vietjet nói do mưa gió lớn

Chiều 14-6, Hãng hàng không Vietjet xác nhận chuyến bay VJ322 khởi hành từ Phú Quốc đi TP.HCM lúc 11h23.

Khi hạ cánh tại sân bay Tân Sơn Nhất lúc 12h10, do ảnh hưởng của thời tiết mưa gió lớn tại khu vực sân bay, máy bay đã trượt ra ngoài mép đường băng. Máy bay và toàn bộ hành khách, tổ bay đều an toàn.

Đại diện Vietjet cho biết hãng đã giải phóng toàn bộ hành khách và đang phối hợp với các đơn vị thuộc Cảng hàng không Tân Sơn Nhất tập trung giải phóng đường băng.

Vietjet lý giải tình huống máy bay hạ cánh trượt khỏi đường băng do ảnh hưởng của thời tiết xấu, mưa lớn là tình huống có thể xảy ra trong ngành hàng không.",1592130528.0,,0,,0
558,-6619105823571376128,"Bí thư Thái Nguyên lại quay về Bộ Công an làm Thứ trưởng. Đến nay, Bộ Công an đã có 9 Thứ trưởng.
",1589983353.0,18,15,1,0
559,8692598368039700480,"Quốc hội mà họp trực tuyến thì tiết kiệm được kha khá ngân sách đấy các bác nhỉ 😆

[https://nhadautu.vn/quoc-hoi-co-the-hop-truc-tuyen-vi-dich-covid-19-d36219.html](https://nhadautu.vn/quoc-hoi-co-the-hop-truc-tuyen-vi-dich-covid-19-d36219.html)",1587175319.0,15,11,1,0
560,-547446036625683008,"Sau khi kháng cáo bản án sơ thẩm, ca sĩ Lam Trường và gia đình nhận lại quyền sở hữu mảnh đất rộng 3.900 m2, giá trị hàng trăm tỷ đồng.",1590461999.0,14,5,,0
561,444210260057187776,"Thách thức pháp luật, bất chấp các qui định cấm đối với cán bộ, đảng viên, nguyên bí thư Đồng nai từng có công ty gia đình và thao túng tại chính tỉnh nhà !
 Vậy xử lý đảng viên này ra sao ?

https://m.thanhnien.vn/thoi-su/dong-nai-xet-xu-vu-kien-cong-ty-cua-gia-dinh-ba-phan-thi-my-thanh-1235441.html",1591692594.0,25,6,4,0
562,3702143726228634112,"Thủ tướng Phạm Văn Đồng đã từng nói “Nghề giáo là một nghề cao quý nhất trong những nghề cao quý” ...

",1589585468.0,2,0,,0
563,1049371931483827968,"Công an huyện Thanh Hà, tỉnh Hải Dương vừa khởi tố vụ án gây rối trật tự công cộng tại Nhà máy nước sạch Phượng Hoàng ở xã An Phượng và khởi tố năm bị can về tội gây rối trật tự công cộng…

",1589309545.0,3,0,,0
564,-5211958513124700160,https://motthegioi.vn/tin-tuc-su-kien-c-179/tphcm-chuyen-ho-so-de-nghi-khoi-to-85-doanh-nghiep-no-dong-bao-hiem-139698.html,1592408178.0,1,1,,0
565,2020615092385062912,https://m.baophapluat.vn/ong-kinh-phap-luat/doanh-nghiep-keu-cuu-vi-bi-mot-so-doi-tuong-chiem-nha-xuong-lam-noi-o-va-kinh-doanh-post245.html?utm_source=zalo&utm_medium=zalo&utm_campaign=zalo&zarsrc=31,1591263746.0,4,0,,0
566,1846872478075934976,"tin chả vui tí nào

[https://nhadautu.vn/gia-xang-dau-tang-manh-tro-lai-tu-15h-ngay-13-5-d37308.html](https://nhadautu.vn/gia-xang-dau-tang-manh-tro-lai-tu-15h-ngay-13-5-d37308.html)",1589358447.0,11,6,1,0
567,-5342659397765167104,"Theo một nghiên cứu của một nhóm các nhà dịch tễ học của chính phủ Trung Quốc, coronavirus có thể tồn tại trong không khí ít nhất 30 phút và có thể lây nhiễm trong khoảng cách tới 4,5 mét. Các nhà nghiên cứu cũng phát hiện ra rằng, virus có thể tồn tại nhiều ngày trên các bề mặt, làm tăng nguy cơ lây truyền nếu như một ai đó chạm vào và sau đó đưa tay lên mặt. Thời gian tồn tại trên bề mặt cũng phụ thuộc vào các yếu tố như nhiệt độ và loại bề mặt, ví dụ ở khoảng 37 độ C (98 đ...ộ F), nó có thể tồn tại trong khoảng từ hai đến ba ngày trên kính, vải, kim loại, nhựa hoặc giấy. Quý vị cũng có thể xem trực tiếp trên: Channel 57.14 KJLA (Southern California) Roku App: Vietmedia Channel Website: www.vietmedia.tv YouTube: https://bit.ly/2S3xFtp #Vietmedia #VMTV Xem thêm",,1800,141,2300,0
568,-2348788855700665856,"Chính thức rồi nha pà con. Anh T mỗi sáng ngủ dậy lại toát mồ hôi =))))

[https://vietnammoi.vn/my-chinh-thuc-cam-cac-chuyen-bay-thuong-mai-tu-trung-quoc-2020060409124614.htm](https://vietnammoi.vn/my-chinh-thuc-cam-cac-chuyen-bay-thuong-mai-tu-trung-quoc-2020060409124614.htm)",1591243526.0,104,10,6,0
569,-3945074536763892224,"BỆNH NHÂN SỐ 17 CÓ 2 HỘ CHIẾU NÊN ĐÃ KHÔNG BỊ PHÁT HIỆN KHI NHẬP CẢNH VỀ VIỆT NAM❗️ Thượng tá Nguyễn Thị Bình Phương, Trưởng Công an cửa khẩu Cảng Hàng không quốc tế Nội Bài cho biết: “Khi làm thủ tục nhập cảnh cho hành khách trên chuyến bay VN0054, cán bộ, chiến sỹ thực hiện theo đúng quy trình kiểm tra hành khách nhập cảnh vào Việt Nam, đặc biệt trong thời điểm dịch bệnh bùng phát như hiện nay, kiểm soát viên đã lật mở kiểm tra từng trang hộ chiếu để kiểm tra điểm đi/đến củ...a hành khách nhằm phát hiện những hành khách đi qua những vùng dịch theo khuyến cáo của Bộ Y tế.” Về trường hợp N.H.N, bệnh nhân thứ 17 nhiễm COVID-19 đã đi tới nhiều quốc gia trong đó có Italia nhưng không bị phát hiện khi nhập cảnh, Thượng tá Nguyễn Thị Bình Phương cho biết: N.H.N có 2 hộ chiếu: Hộ chiếu Việt Nam và hộ chiếu của Vương Quốc Anh.  Ngày 15/2, N.H.N sử dụng 2 hộ chiếu trên làm thủ tục hàng không và xuất cảnh trên chuyến bay VN0055 theo hành trình từ Nội Bài sang Anh. Ngày 2/3/2020, trên chuyến bay VN0054 từ Anh về Nội Bài, hành khách N.H.N tiếp tục sử dụng hộ chiếu Việt Nam để làm thủ tục nhập cảnh. Sau khi đi qua khu vực kiểm dịch y tế, đến khu vực làm thủ tục nhập cảnh, cán bộ, chiến sỹ Công an Cửa khẩu Nội Bài đã kiểm tra kỹ các trang của hộ chiếu, không phát hiện có dấu kiểm chứng nhập xuất cảnh của Italia cho nên đã giải quyết nhập cảnh bình thường, không phát hiện được hành khách này đã đi qua vùng dịch. Về việc vì sao N.H.N đã đến một số nước như Pháp, Italia nhưng không có dấu kiểm chứng xuất nhập cảnh của các nước trên trong hộ chiếu Việt Nam của khách, theo Thượng tá Nguyễn Thị Bình Phương thì ngoài hộ chiếu Việt Nam, N.H.N còn có hộ chiếu Anh, và theo quy định hiện hành, Anh không thuộc khối Schengen nhưng vẫn giữ quy chế EU đến hết ngày 31/12/2020. Công dân thành viên EU được đi lại tự do trong khối mà không cần visa và không đóng dấu kiểm chứng xuất nhập cảnh trên hộ chiếu.  Để thuận lợi cho việc đến và đi các nước trên, nhiều khả năng N.H.N đã sử dụng hộ chiếu Anh để đến các nước trên theo hình thức miễn thị thực (trong hộ chiếu Việt Nam của N.H.N không có thị thực Schengen) và khi nhập cảnh Việt Nam, N.H.N sử dụng hộ chiếu Việt Nam để làm thủ tục tại Cửa khẩu Nội Bài. © Theo Dân Trí Xem thêm",1583941810.0,32000,2900,2300,0
570,-1008826440266082048,"Trong cuộc chiến chống virus Corona,  các y bác sĩ đã không ngại khó khăn, không màng lợi ích của bản thân mà xông vào tâm dịch. :'( Các thiên sứ áo trắng ở Việt Nam cũng đã hành quân đến Vĩnh Phúc. <3 Xin cảm ơn những thiên sứ áo trắng.  ------------------------------- #AnnaLala #AnnaLalaOrder #Y",,20000,1100,4000,0
571,8449413412190499840,"Phó Chủ tịch UBND tỉnh Quảng Nam phê bình Sở Tài nguyên và Môi trường khi tham mưu UBND tỉnh phê duyệt giá đất tái định cư, nhưng không tham mưu giá đất có hiệu lực trong vòng một năm, trong khi chưa có Quyết định mới của UBND tỉnh hủy bỏ quy định trước đây về thời hạn của hiệu lực giá đất.",1587537883.0,4,0,1,0
572,7705034727967971328,"Nhóm quái xế phố núi bị phạt cuộc đất

Ngày 8/4, trao đổi với Báo Giao thông, Thượng úy Nguyễn Thanh Tùng, Trưởng Công an xã Ia Pết (Đắk Đoa, Gia Lai) cho biết, đã phối hợp với các gia đình mời các thiếu niên dùng mô tô nẹt pô quậy phá lên trụ sở công an xã để làm việc. “Chúng tôi thống nhất với gia đình, yêu cầu các em lao động công ích như cuốc đất trồng cây tại khuôn viên xã. Hình phạt này sẽ khiến các em “nhớ” để không tái phạm”, Thượng úy Tùng chia sẻ.
Ảnh 1 : Minh Hoạ.",1586663254.0,85,14,1,0
573,8060215820757883904,"Cuối cùng cũng thừa nhận...
Trích: “Công an tỉnh Long An thừa nhận thiếu sót trong quá trình điều tra tại hiện trường và cho rà soát lại toàn bộ hồ sơ...”",1589809403.0,64,14,4,0
574,1640000666715729920,"Cán bộ đoảng nổi như cồn, hết bí thư giả chết giết người giờ lại đụng xe chết người bỏ chạy?!

""Một vụ tai nạn đặc biệt nghiêm trọng vừa xảy ra trên địa bàn tỉnh Thái Bình khiến 1 người chết, 2 người khác bị thương. Tài xế điều khiển ô tô đã bỏ chạy sau tai nạn.

Đặc biệt, dư luận cho rằng, người điều khiển ô tô gây tai nạn là một cán bộ đang công tác tại ban Nội chính Tỉnh ủy Thái Bình...""",1589344120.0,51,14,6,0
575,6192915035044251648,"Nói gì thì nói chứ anh Trump đột ngột cắt viện trợ cho WHO giữa thời điểm nước sôi lửa bỏng thế này cũng căng thật.

",1586942611.0,86,108,7,0
576,2414171901192089088,"Các bác chia sẻ cảm nhận đóng thuế thu nhập cá nhân cho sự phát triển của chủ nghĩa xã họi đi ạ 😂 chúng ta phải tiến nhanh và tiến mạnh hơn nữa trên con đường công nghiệp hoá hiện đại hoá, mặc dù bây giờ đã gần nửa năm 2020

https://tuoitre.vn/viet-nam-tro-thanh-nuoc-cong-nghiep-nam-2020-135290.htm

Cp in tiền mà không đảm bảo sức mua dẫn đến lạm phát cao, đỉnh điểm trong giai đoạn 2008-2011! Trong khi đó, sau 8 năm lạm phát đã tăng vượt 20%, kéo một loạt chi phí tăng theo, chi phí cho cuộc sống của người dân rất đắt đỏ.

https://thanhnien.vn/tai-chinh-kinh-doanh/thue-thu-nhap-ca-nhan-10-nam-tang-gan-10-lan-qua-tan-thu-1218407.html

Nguồn: báo chính thống tuoitre và thanhnien",1588332180.0,85,249,15,0
577,-518934768342074176,"Vụ cháu bé 5 tuổi m.ấ.t tích ở Nghệ An: Gia đình bàng hoàng phát hiện con đã T.vong trong nhà hoang, 2 tay bị tr.ó.i",1591711007.0,69,15,3,0
578,-3413974553538971136,"42 ca xét nghiệm của Hải Phòng đã có kết quả âm tính! Thông tin từ cuộc họp trực tuyến của UBND thành phố về phòng chống dịch bệnh Covid-19 chiều nay 9/3, Giám đốc Sở Y tế Phạm Thu Xanh cho biết, đối với 24 trường hợp cùng đi trên chuyến bay VN0054 với bệnh nhân số 17, đã về Hải Phòng sinh sống, du lịch, công tác, đều đã có kết quả âm tính. Ngoài ra, 2 người khách du lịch đến Cát Bà (quốc tịch Đức) và 16 người có liên quan đến bệnh nhân số 30 quốc tịch Anh (hiện đang điều trị... tại Huế, từng đến du lịch Cát Bà ngày 5/3) đều đã có kết quả xét nghiệm âm tính.  Như vậy, 42 ca xét nghiệm của Hải Phòng đều đã có kết quả âm tính. Hiện còn 7 trường hợp liên quan đến bệnh nhân số 30 đang được tiếp tục cách ly theo dõi chờ kết quả xét nghiệm. Ảnh: Giám đốc Sở Y tế thông tin tin vui này tới người dân thành phố tại cuộc họp trực tuyến chiều nay Xem thêm",1583748440.0,6100,1100,3200,0
579,1543548005049796096,"# **Tặng nhà nhân ái giúp người nghèo**
# Nhân dịp kỷ niệm 130 năm Ngày sinh Chủ tịch Hồ Chí Minh (19-5-1890 - 19-5-2020) và chào mừng Đại hội Đảng bộ các cấp, tuổi trẻ Hải Dương có nhiều hoạt động thiết thực, chung tay xây dựng những ngôi nhà nhân ái tặng người nghèo.
# Chiều 15-5, huyện đoàn Gia Lộc phối hợp Ngân hàng Nhà nước và Đoàn Khối cơ quan tỉnh Hải Dương tổ chức khánh thành, tặng nhà nhân ái cho bà Lê Thị Cải (SN 1956), ở xã Đoàn Thượng, huyên Gia Lộc (Hải Dương). Bà Cải là cựu TNXP, sống đơn thân, sức khoẻ yếu và có hoàn cảnh rất khó khăn. Ngôi nhà tặng bà Cải được xây dựng trên nền móng nhà cũ, có diện tích 40 m2, kinh phí xây dựng hơn 60 triệu đồng.
# Nằm trong chuỗi hoạt động của tuổi trẻ Hải Dương hướng về những ngày lễ lớn năm 2020, Thành đoàn Hải Dương phối hợp Công an tỉnh Hải Dương vừa khởi công xây dựng công trình nhà nhân ái, tặng đối tượng nghèo là bà Đặng Thị Tình, ở xã Gia Xuyên (TP Hải Dương), công trình được xây dựng với tổng kinh phí 160 triệu đồng. Dự kiến, sẽ hoàn thành trong tháng 6-2020, trước ngày tổ chức Đại hội Đảng bộ TP Hải Dương.
# Trước đó, ngày 8-5, huyện đoàn Gia Lộc đã bàn giao nhà nhân ái mang tên “mái ấm đoàn viên"" trị giá gần 150 triệu đồng cho gia đình em Vũ Xuân Sô, ở xã Yết Kiêu, huyện Gia Lộc. Nguồn vốn xây dựng ngôi nhà chủ yếu do các tổ chức đoàn đóng góp.

QUỐC VINH

",1589632755.0,4,0,,0
580,-3192169035961691136,"“Ngăn chặn hiệu quả tệ tham nhũng vặt, tệ phiền hà sách nhiễu trong một bộ phận cán bộ, công chức thực thi công vụ”

#chongthamnhung

#hanoi

[https://laodongthudo.vn/ha-noi-so-ket-cong-tac-phong-chong-tham-nhung-nam-2020-109835.html](https://laodongthudo.vn/ha-noi-so-ket-cong-tac-phong-chong-tham-nhung-nam-2020-109835.html)",1593424454.0,,0,,0
581,1640000666715729920,"3,4 năm trời nhà báo Hoàng Thiên Nga và các đồng đội ở Tiền Phong kiên trì chiến đấu, vượt qua ngàn vạn trở ngại và đây là kết quả!

“Sáng 28/4/2020, Viện KSND tỉnh Đắk Lắk cho biết đã phê chuẩn các quyết định khởi tố hình sự, bắt tạm giam các bị can liên quan vụ án đấu thầu mua thuốc chữa bệnh xảy ra tại Sở Y tế Đắk Lắk, và Cơ quan CSĐT Công an tỉnh Đắk Lắk vừa thi hành các Quyết định này...”",1588034020.0,85,6,18,0
582,1049371931483827968,"Theo báo Asahi Shimbun của Nhật, Công ty con tại Bắc Ninh của Tenma (Nhật) đã khai chi hơn 5 tỉ đồng tiền mặt cho một số quan chức ở Cục Hải quan và Cục Thuế ở Việt Nam để trốn thuế…",1590384523.0,17,7,1,0
583,-3454077027764580864,"Bộ Y tế cho hay, bệnh nhân mắc Covid-19 số 251 tử vong do xơ gan giai đoạn cuối. Bệnh nhân 251 là một trong các trường hợp mắc Covid-19 không xác định được nguồn lây.
",1588614021.0,,1,,0
584,-493267176473744576,"# Nhạc sĩ/ca sĩ Minh Beta - ""cha đẻ"" bản hit Việt Nam ơi đình đám - cho ra mắt phiên bản mới của ca khúc này để hưởng ứng công tác chống dịch Covid-19. Minh Beta chia sẻ, anh chọn cái tên Việt Nam ơi! Đánh bay Covid vì tin tưởng rằng cùng chung tay, dân tộc Việt Nam sẽ chiến thắng dịch bệnh. Thời gian qua, bên cạnh việc quyên góp tiền và vật tư y tế chống dịch Covid-19, các nghệ sĩ cũng thực hiện nhiền sản phẩm âm nhạc cổ động tinh thần chiến đấu với dịch bệnh. Nổi bật nhất là Ghen Cô Vy – một sản phẩm kết hợp giữa Min – Erik – Khắc Hưng và ca khúc này còn gây sốt truyền thông quốc tế./.",,16000,426,5700,0
585,9054162502202324992,"Sẽ báo cáo, đề xuất với Thủ tướng trên tinh thần là ủng hộ karaoke, vũ trường mở cửa hoạt động trở lại bình thường",1591105761.0,5,0,,0
586,7132687466266536960,"😮😮... NÓNG...😮😮
TẠI SÂN BAY TÂN SƠN NHẤT: MÁY BAY VIETJET HẠ CÁNH CHỆCH ĐƯỜNG BĂNG 😢

✈✈✈ Đây là chuyến bay số hiệu VJ322 từ Phú Quốc đến Tân Sơn Nhất vào ngày 14/6. Khi máy bay hạ cánh xuống đường băng và đang chạy xả đà thì bị lệch đường băng, nổ lốp.

❌❌❌ Hiện Tân Sơn Nhất đang tạm thời đóng cửa một đường băng khoảng 120 phút. Máy bay đang được kéo vào sân đỗ.
Được biết chuyến bay VJ322 hạ cánh trong lúc thời tiết ở TP.HCM mưa to.

Thông tin ban đầu tất cả hành khách an toàn, nhưng chắc hành khách cũng được 1 phen hú hồn luôn. 😰

Theo TTO",1592127520.0,2,2,1,0
587,3546208530238422016,"Cục Hàng không Việt Nam mới đây đã có công văn gửi Công ty cổ phần Hàng không Tre Việt (Bamboo Airways) về ""tình hình Bamboo Airways nợ quá hạn kéo dài tại các doanh nghiệp cung cấp dịch vụ hàng không"".

Trước đó vào ngày 1/4/2020, Bộ Giao thông vận tải đã có công văn số 3096/BGTVT-VT về việc nghiên cứu giải quyết các kiến nghị của Tổng Công ty Cảng hàng không Việt Nam – CTCP (Mã: ACV) đối với việc vi phạm hợp đồng của Bamboo Airways.

",1587711001.0,10,0,,0
588,-6924069813718051840,"Ngày 20-3, Phòng Cảnh sát hình sự (PC02), Công an TP HCM cho biết đã phối hợp với cục nghiệp vụ Bộ Công an khám phá đường dây mua bán trái phép chất ma tuý quy mô lớn.

Đến nay, Công an TP HCM đã khởi tố vụ án, khởi tố bị can và thi hành lệnh bắt tạm giam đối với 8 đối tượng về hành vi mua bán, tàng trữ, vận chuyển trái phép chất ma túy. Trong đó, có 2 đối tượng cầm đầu là Nguyễn Hoàng Danh (SN 1997, quê Đồng Tháp) và Đặng Xuân Hải (SN 1960, quê Nghệ An; cùng ngụ quận Tân Bình). Quá trình điều tra công an thu giữ một lượng lớn tang vật gồm: 50 bánh ma túy, 35kg ma túy đá, 1 kg ma túy dạng khay, nhiều ma túy dạng viên.

Trước tình hình phức tạp về các loại tội phạm ma túy, Công an TP HCM chỉ đạo PC02 vào cuộc điều tra. Qua trinh sát địa bàn, PC02 phát hiện một số đối tượng có hành vi mua bán, vận chuyển trái phép chất ma túy với số lượng lớn nên xác lập ban chuyên án đấu tranh.

Khoảng 9 giờ ngày 25-2, Hải và Danh hẹn nhau tại một quán cà phê ở vòng xoay Nguyễn Trãi – Cống Quỳnh (quận 1) để nhận ma túy. Sau đó, Danh ngồi ở quán cà phê đợi, còn Hải chạy xe máy mang theo 1 bịch ma túy ra bán cho khách ở trước cổng chợ Thái Bình (quận 1).

Đến nơi, Hải đưa số lượng ma túy trên cho 1 phụ nữ tên Hạnh (không rõ lai lịch) rồi nhận 210 triệu đồng. Hải chạy xe về quán cà phê đưa tiền cho Danh thì được đối tượng này trả công 5 triệu đồng.

Chiều cùng ngày, Hạnh gọi điện cho Hải yêu cầu đổi lại số ma túy do không đạt chất lượng thì Danh đồng ý. Danh gọi Hải đến quán cà phê trên đường Hoàng Diệu, quận 4 để lấy ma tuý đưa cho Hạnh. Lúc này, Hạnh sai đàn em là Phạm Thị Mỹ Trinh (SN 1978, ngụ quận 1) đi xe đạp đến chỗ Hải nhận ma túy thì bị trinh sát bắt quả tang.
#BAOPHAPLUAT.",1584761996.0,3,1,1,0
589,-4662999891683462144,"Mỹ viện trợ gần 3 triệu USD cho Việt Nam chống dịch COVID-19  Bộ Ngoại giao Hoa Kỳ hôm 27-3 thông báo hỗ trợ 274 triệu USD hỗ trợ nhân đạo và y tế khẩn cấp cho 64 nước trên thế giới để chống đại dịch COVID-19, trong đó Việt Nam nhận được số tiền gần 3 triệu USD.  Theo thông báo của Bộ Ngoại giao Mỹ, số tiền hỗ trợ y tế này sẽ giúp chính phủ Việt Nam chuẩn bị hệ thống phòng thí nghiệm, kích hoạt hệ thống giám sát phát hiện trường hợp khả nghi và dựa trên sự kiện, hỗ trợ chuyên... gia trong việc ứng phó và chuẩn bị, truyền thông về rủi ro, phòng ngừa và kiểm soát lây nhiễm, ... Trong vòng 20 năm qua, Mỹ đã đầu tư hơn 706 triệu USD vào hỗ trợ y tế và tổng cộng 1,8 tỷ USD hỗ trợ tổng thể. Hôm 26-3, chính phủ Trung Quốc cũng thông báo hỗ trợ khẩn cấp y tế cho 83 quốc gia chống dịch COVID-19 nhưng không nêu cụ thể danh tính các nước và không rõ liệu Việt Nam có nằm trong số được viện trợ.  Hôm 9-2, chính phủ Việt Nam đưa một chuyên cơ chuyển số vật tư, trang thiết bị y tế gồm máy thở, quần áo sát khuẩn, găng tay và khẩu trang y tế với tổng trị giá 500 ngàn USD viện trợ cho Vũ Hán, kèm vật tư y tế của Hội Chữ thập đỏ trị giá 100 ngàn USD.   Chuyên cơ này sau đó chở khoảng 30 công dân Việt từ tâm dịch về nước.  Theo Thứ trưởng Bộ Ngoại giao Tô Anh Dũng, đây là các trang thiết bị, vật tư y tế tốt nhất mà Việt Nam đang có trong bối cảnh Việt Nam cũng đang có nhu cầu rất lớn đối với các trang thiết bị, vật tư y tế để chống lại ảnh hưởng của dịch bệnh. --- Bạn nghĩ sao? Xem thêm",1585602577.0,8100,1100,2200,0
590,6432001634353916928,"Phiên tòa rất đáng để theo dõi:

[https://kienthuc.net.vn/xa-hoi/gay-that-thoat-gan-nghin-ty-ong-nguyen-van-hien-doi-mat-an-gi-1384704.html](https://kienthuc.net.vn/xa-hoi/gay-that-thoat-gan-nghin-ty-ong-nguyen-van-hien-doi-mat-an-gi-1384704.html)",1589763703.0,51,34,1,0
591,1543548005049796096,"# **Góp lương ủng hộ người nghèo**
# Bầu ơi thương lấy bí cùng... Với tâm niệm những món quà trao đi, triệu yêu thương ở lại, triệu hy vọng thắp lên, Công an quận Hoàng Mai (Hà Nội) đã và đang làm những việc thiện, góp phần vì sự bình yên của xã hội; nhân lên hình ảnh đẹp về người chiến sỹ Công an nhân dân. Tự nguyện góp một ngày lương; vận động tặng gạo, mỳ tôm và các nhu yếu phẩm cần thiết, giúp đỡ người dân có hoàn cảnh khó khăn do ảnh hưởng của dịch COVID-19...., đó là những việc làm đầy ý nghĩa của các cán bộ Công an quận Hoàng Mai (Hà Nội).
# **Nhân tính thiện trong những người từng thời lầm lỡ**
# Trở về sau những lần trực tiếp xuống cơ sở, cùng các đồng chí cảnh sát khu vực và cán bộ y tế phường, tiến hành rà từng ngõ, ngõ từng nhà, rà từng người; sàng lọc các trường hợp bị cách li... Trưởng Công an phường Hoàng Văn Thụ, quận Hoàng Mai (Hà Nội), Thiếu tá Phan Trần Trung và cán bộ đơn vị không khỏi trăn trở trước những điều mắt thấy, tai nghe.
# Hoàng Văn Thụ có hơn 30 nghìn dân, phần lớn là người lao động, các hộ kinh doanh nhỏ lẻ, dân cư là những người nông dân ở làng Thanh Mai cũ, sau khi đô thị hóa lấy đất làm đô thị chẳng còn nghề nghiệp, kiếm sống bằng việc lao động tự do... Cuộc sống bình thường với họ vốn đã không dễ dàng, vào những ngày bị ảnh hưởng nặng nề của dịch COVID-19, khó khăn càng chồng chất khó khăn.
# Từ đó, Ban chỉ huy Công an phường Hoàng Văn Thụ đã có ý tưởng vận động mỗi cán bộ, chiến sỹ (CBCS) đóng góp một ngày lương, mua những nhu yếu phẩm cần thiết, ủng hộ cho người dân có hoàn cảnh khó khăn, bị ảnh hưởng của dịch COVID-19. Danh sách căn cứ vào số liệu do UBND phường Hoàng Văn Thụ cung cấp, số còn lại được các đồng chí cảnh sát khu vực tổng hợp từ số liệu thực tế ở địa bàn...
# Sau khi biết được ý nghĩa nhân văn của chương trình, một số người dân trên địa bàn, bạn bè đã đề nghị với Công an phường được tham gia ủng hộ; cùng chung tay với CBCS Công an phường Hoàng Văn Thụ. Không dừng lại ở đó, qua hệ thống zalo, facebook..., nhiều doanh nghiệp có tấm lòng hảo tâm cũng muốn qua Công an phường nhằm giúp đỡ những người có cảnh ngộ khó khăn.
# Ban chỉ huy Công an phường Hoàng Văn Thụ đã thống nhất giao cho chi đoàn của Công an phường tổng hợp và thực hiện. Để chuẩn bị cho việc làm này, chi đoàn Công an phường Hoàng Văn Thụ đã phải xây dựng kế hoạch một cách tỉ mỉ; tính toán phân chia, mỗi gói quà bao gồm 3kg gạo, 5 gói mỳ tôm và một chai dầu ăn.
# Giai đoạn một, được tổ chức vào ngày 11/4, tại nhà tưởng niệm anh hùng liệt sĩ của phường, thành phấn tham gia là cán bộ Công an phường, cán bộ y tế và các đoàn viên thanh niên... Việc phát quà được tổ chức một cách quy củ, đúng với quy định của việc phòng, chống dịch COVID-19. Theo đó, người đến nhận quà đều phải đeo khẩu trang, thực hiện việc sát khuẩn tay và giữ khoảng cách 2m.
# ""Giai đoạn 2 vào ngày 18/4, ngoài những hộ nghèo, cận nghèo, chúng tôi đã nới rộng trường hợp nhận các phần hỗ trợ. Ngoài các trường hợp khó khăn, người lao động mất việc làm, nghèo hoặc cận nghèo, đã  hướng tới đối tượng tù tha, những trường hợp từng có quá khứ không tốt nhưng nay đã hoàn lương, có hoàn cảnh khó khăn"", Thiếu tá Trung cho biết.
# Việc mở rộng diện đối tượng này cũng bắt nguồn từ  thực tiễn tại địa bàn. Trong quá trình đến nhà người dân tuyên truyền về việc thực hiện các quy định về phòng, chống dịch COVID-19, một số cảnh sát khu vực đã nhận thấy hoàn cảnh kinh tế của một số người rất khó khăn... Sự quan tâm của lực lượng Công an và các ban, ngành đoàn thể ở các địa phương giúp họ cảm nhận được tình người giữa những ngày COVID-19 diễn biến phức tạp; từ đó, giúp họ hướng thiện...
# Qua hai đợt triển khai đã có hơn 1600 suất quà từ sự đóng góp của CBCS Công an phường Hoàng Văn Thụ, người dân và các doanh nghiệp gửu đến cho bà con nhằm giúp họ vơi đi nỗi lo cơm áo gạo tiền hằng ngày. Cá biệt, một số trường hợp bị ốm đau không có điều kiện ra nhận quà thì cảnh sát khu vự sẽ mang xuống tận nhà và trao tận tay từng hộ.
# Anh Hoàng Đình Khánh (SN 1978, trú tại tổ 37, phường Hoàng Văn Thụ), một trong những người lầm lỗi chia sẻ: ""Giá trị món quà không lớn nhưng anh cảm nhận được tình cảm của các cán bộ Công an phường Hoàng Văn Thụ gửi gắm vào đó. Trong khi xã hội đâu đó vẫn còn có những cái nhìn kỳ thị, thậm chí xa lánh với người có quá khứ sai lầm thì anh và những người cùng cảnh ngộ vẫn được đón nhận; được chia sẻ và cảm thông... "".
# **2.** Những ngày này, dù bận rộn với việc thực hiện các chốt đảm bảo cách ly xã hội và thực hiện phòng, chống dịch COVID-19, Đại úy Đinh Văn Cường, Trưởng Công an phường Hoàng Liệt, quận Hoàng Mai và các cán bộ đơn vị vẫn dành thời gian để chuẩn bị cho chương trình phát gạo nhân ái cho các hộ nghèo và cận nghèo trên địa bàn và các trường hợp có hoàn cảnh khó khăn.
# Từ sáng sớm, anh cùng các đồng đội đã cùng với cán bộ UBND phường chuẩn bị cho việc làm thiện nguyện, đầy ý nghĩa này. Một chiếc bàn sát khuẩn được xếp ngay ngắn ở ngoài cửa nhà văn hóa, bên trên có các chai nước sát khuẩn, đây là nơi các cán bộ y tế của UBND phường Hoàng Liệt sẽ tiến hành việc kiểm tra thân nhiệt, nhắc nhở người dân đo khẩu trang và ghi tên từng trường hợp đến lấy quà. Phía bên trong, các hàng ghế bên được xếp giãn cách nhau, đảm bảo khoảng cách 2m...
# Liền sát nhà văn hóa, từng túi quà đã được đóng gói đầy đủ; một tổ công tác đã sẵn sàng tiếp nhận các đồ dùng thiết yếu do những người dân có tấm lòng hảo tâm ủng hổ và phát những món quà đầy nghĩa tình. Hơn 8h ngày 20/4, người dân đã bắt đầu đến, họ ở mọi lứa tuổi, già có, trẻ có, tất cả đều được các cán bộ ở nơi đây hướng dẫn một cách tận tình, chu đáo....
# Bác Lưu Thị Thức, một người phụ nữ đã gắn bó với mảnh đất Hoàng Mai suốt bao năm, hai ngày qua đều đến nhận gạo chia sẻ, chẳng hiểu dịch bệnh nghiêm trọng như thế nào chỉ biết là từ lúc con trai ở nhà, gia đình bác lần ăn từng bữa. Sau khi được các đồng chí sát khu vực, tổ trưởng tổ dân phố và một số người thông báo, bác đã đến lấy gạo
# Bầu ơi thương lấy bí cùng... Với tâm niệm những món quà trao đi, triệu yêu thương ở lại, triệu hy vọng thắp lên, Công an quận Hoàng Mai (Hà Nội) đã và đang làm những việc thiện, góp phần vì sự bình yên của xã hội; nhân lên hình ảnh đẹp về người chiến sỹ Công an nhân dân.

Xuân Mai

[http://cand.com.vn/nhip-cau-nhan-ai/Gop-luong-ung-ho-nguoi-ngheo-nghia-cu-nhan-van-cua-nhung-can-bo-Cong-an-giua-dai-dich-COVID-19-591895/](http://cand.com.vn/nhip-cau-nhan-ai/Gop-luong-ung-ho-nguoi-ngheo-nghia-cu-nhan-van-cua-nhung-can-bo-Cong-an-giua-dai-dich-COVID-19-591895/)",1587980020.0,3,2,,0
592,803527139942472064,"Phòng cảnh sát Hình sự (PC02) Công an TPHCM vừa xoá sổ một băng cướp chuyên sử dụng roi điện, nhằm cướp tài sản.

Qua trinh sát địa bàn, các chiến sĩ đội 3 nắm được thông tin về một băng nhóm nguy hiểm chuyên cướp giật tài sản trên địa bàn thành phố.

Sau khi xác định được danh tính của kẻ cầm đầu và một số đối tượng, PC02 Công an TP đã xác lập chuyên án đấu tranh.

Khoảng 14 giờ 20 phút ngày 10-3, trinh sát đeo bám 2 đối tượng gồm Võ Hữu Quyền (SN 1993; ngụ quận Tân Bình, từng có 1 tiền án về tội cướp giật tài sản), cùng Lưu Kim Yến (sinh năm 2001, ngụ quận Tân Bình).

Lúc đến đường Nguyễn Sơn, Quận Tân Phú, trinh sát yêu cầu 2 đối tượng dừng xe để kiểm tra hành chính, sau đó đưa về trụ sở làm việc.

Tại cơ quan công an, Quyền khai nhận cùng đồng bọn thực hiện trót lọt nhiều vụ cướp giật tài sản.

Từ lời khai của Quyền, công an bắt giữ 7 đối tượng nằm trong băng cướp. Nhóm này thừa nhận đã thực hiện 7 vụ cướp giật ở các quận 2, Tân Bình, Tân Phú.

Thủ đoạn của bọn chúng là theo từng nhóm, ra tay trấn lột ở những đoạn đường vắng. Đây là băng nhóm rất nguy hiểm, sẵn sàng dùng hung khí, bình xịt hơi cay để tấn công nếu nạn nhân chống trả.

Hiện công an đã ra quyết định bắt giữ người trong trường hợp khẩn cấp đối với 6 đối tượng trong băng nhóm cướp giật do Võ Hữu Quyền cầm đầu.

Ngoài ra, công an cho gia đình bảo lãnh đối với 3 đối tượng để chờ làm rõ xử lý sau; đồng thời đang tiếp tục truy bắt các đối tượng còn lại trong băng cướp.",1586609060.0,57,3,4,0
593,2889231228186874880,"Dù chưa “đóng mạch” toàn tuyến cao tốc từ Hà Nội tới Tp. HCM, nhưng một số “điểm nóng” giao thông sẽ được giải toả như đoạn: Hà Nội – Vinh; Tp. HCM – Phan Thiết và đoạn Quảng Trị - Quảng Nam.",1591084201.0,1,0,,0
594,-2302572375939463936,"- Cách ly gần 1.600 người của 480 hộ dân tại ấp Thừa Lợi, xã Thừa Đức, huyện Bình Đại, tỉnh Bến Tre sau khi ghi nhận ca COVID-19 đầu tiên. - Việt Nam ghi nhận bác sĩ nhiễm COVID-19 trong quá trình điều trị cho bệnh nhân! - Thực hư câu chuyện bệnh nhân số ",,20000,137,4500,0
595,-1954590809943793920,"Trên tàu gas có thiết bị cảnh báo mà vẫn đam đc là sao
https://www.baogiaothong.vn/nan-nhan-vu-tau-ca-bi-dam-chim-tren-bien-hien-ra-sao-d468335.html",1591765123.0,,0,,0
596,-7678537472421132288,"Cuộc thi ảnh ""Tự hào Tuổi trẻ Đào Duy Từ"" [10D2] Thông điệp:  ""Rửa tay đúng cách bạn ơi  Xa nơi đông đúc , phòng ngừa Corona... Tiên phong lực lượng Đoàn ta Khẩu trang đeo đúng, tham gia tuyên truyền  Đẩy lùi đại dịch lan truyền  Để vang tiếng hát mọi miền yên vui "" Xem thêm",1584498781.0,385,21,4200,0
597,3626231325196201984,"Quán cà phê của vợ Phó phòng cảnh sát chữa cháy bất chấp cách ly xã hội

Theo Báo Tiền Phong, Quán cà phê Phố Núi của bà Nguyễn Thị Tình (vợ của ông Trần Văn Tuấn - Phó trưởng Phòng cảnh sát Phòng cháy chữa cháy và cứu nạn cứu hộ thuộc Công an tỉnh Gia Lai) ngang nhiên hoạt động, bất chấp việc thực hiện đóng cửa theo đúng tinh thần cách ly, giãn cách xã hội tại Chỉ thị 16/CT-TTg của Thủ tướng Chính phủ.

Bất chấp việc thực hiện đóng cửa theo đúng tinh thần cách ly, giãn cách xã hội, quán cà phê Phố Núi (số 248-250, đường Nguyễn Tất Thành, phường Phù Đổng, thành phố Pleiku, Gia Lai) vẫn hoạt động bình thường với hàng chục lượt khách vào buổi sáng 13/4.
Ghi nhận của phóng viên Tiền Phong cho thấy, thời điểm 9h sáng 13/4, có khoảng 10 bàn có khách (khoảng 20 khách hàng) đang ngồi uống cà phê bên trong quán cà phê Phố Núi.
Qua quan sát, một nhân viên luôn túc trực trước cánh cửa cuốn, có ai vào sẽ bấm nút kéo lên, ai ra ngay lập tức đóng lại. Việc ra vào của khách hàng không khác gì “sòng bạc chui”.
Ông Đỗ Trung Hùng - Chủ tịch UBND phường Phù Đổng, thành phố Pleiku xác định, quán cà phê Phố Núi là của bà Nguyễn Thị Tình (vợ của ông Trần Văn Tuấn - Phó trưởng Phòng cảnh sát Phòng cháy chữa cháy và cứu nạn cứu hộ thuộc Công an tỉnh Gia Lai).
Tiếp nhận thông tin trên, ông Nguyễn Hữu Quế - Chủ tịch UBND thành phố Pleiku cho biết sẽ cử lực lượng kiểm tra, lập biên bản xử lý vi phạm.

Theo báo cáo số 14/BC-QTĐT, ngày 7/4/2020 của Đội Kiểm tra quy tắc Quản lý đô thị Pleiku, 85 cơ sở kinh doanh vẫn tiếp tục hoạt động sau Chỉ thị 16/CT-TTg. Tuy nhiên, thành phố Pleiku chỉ xử phạt 2 cơ sở để răn đe, các trường hợp còn lại được nhắc nhở, vận động.",1586879084.0,,0,,0
598,4158723834140614144,https://ngaynay.vn/24-7/cong-ty-dien-luc-hoai-duc-bi-khieu-nai-vi-luong-dien-tieu-thu-co-dau-hieu-map-mo-174838.html,1593259322.0,13,0,,0
599,-5318231186253755392,https://m.baomoi.com/bat-giu-doi-tuong-cam-sung-ban-trong-thuong-phu-xe-o-ben-xe-quy-nhon/c/35263267.epi,1591197926.0,39,2,1,0
600,7717037201428829184,"Nông sản của ta ùn ứ nhiều quá các cụ ạ!

[https://dantri.com.vn/xa-hoi/lang-son-lam-gi-de-day-nhanh-thong-quan-hang-hoa-dang-un-u-o-cua-khau-20200417015601863.htm](https://dantri.com.vn/xa-hoi/lang-son-lam-gi-de-day-nhanh-thong-quan-hang-hoa-dang-un-u-o-cua-khau-20200417015601863.htm)",1587086109.0,9,1,1,0
601,9054162502202324992,"Phó Thủ tướng Thường trực yêu cầu kiểm tra, xác minh làm rõ thông tin “Trả nợ cho Fe Credid bằng cách tìm cái chết” và “Đòi nợ kiểu bất lương, có dấu hiệu bắt cóc con nợ”.",1593415786.0,5,0,,0
602,791476576906839040,Công an tỉnh Thái Bình vừa điều động Trung tá Cao Giang Nam – Phó trưởng Công an TP Thái Bình nhận công tác mới,1588061562.0,50,27,2,0
603,-8587400719749495808,"Chiều 16/4/2020, Bệnh viện số 2 tỉnh Quảng Ninh đã tổ chức công bố cho 2 bệnh nhân mắc Covid-19 là bệnh nhân số 50 và 149 đã được điều trị khỏi bệnh.
",1587030323.0,2,0,,0
604,-1954590809943793920,"Nghi Lễ chào cờ là nghi Lễ Quốc gia phải đảm bảo tính trang nghiêm, trang trọng, nhưng việc chào cờ trực tuyến thì không đem lại điều này và có vẻ hình thức, các thầy cô và phụ huynh thấy chào cờ trực tuyến có hiệu quả.

https://www.baogiaothong.vn/tranh-cai-xung-quanh-buoi-le-chao-co-truc-tuyen-cua-hoc-sinh-o-hai-phong-d461300.html",1586945299.0,,0,,0
605,-4653046432415538176,"Công đoàn ngành Giao thông Vận tải (GTVT) Việt Nam đã lên tiếng sau khi báo Lao Động phản ánh tình trạng hàng trăm [c](https://laodong.vn/su-kien-binh-luan/phai-thuong-lon-cho-cong-nhan-xay-dung-cau-ghenh-526389.ldo)ông nhân xây cầu rơi vào tình trạng khó khăn do bị công ty nợ lương và bảo hiểm xã hội (BHXH) kéo dài.

https://laodong.vn/cong-doan/hang-tram-cong-nhan-xay-cau-bi-no-luong-bao-hiem-cong-doan-gtvt-len-tieng-806880.ldo?fbclid=IwAR1q-EcWiGTQadRBp1CI3X4bmJqF2MocqGoX0QWarioqzCgL2L1VqOHEamY",1590123296.0,2,1,,0
606,2544831554344403968,"TPHCM: Chưa quyết định chính thức cho học sinh đi học lại từ ngày 17/2 Sở GD&ĐT TPHCM đang báo cáo tình hình phòng chống dịch và xin ý kiến chỉ đạo, quyết định thời gian đi học lại của học sinh. Sáng 13/2, Sở GD&ĐT TPHCM phản hồi về thông tin giả mạo trên mạng xã hội xoay quanh việc học sinh nghỉ học do dịch virus corona (Covid-19). ... Phản hồi của Sở do Giám đốc Lê Hồng Sơn ký thông tin, đêm ngày 12/2, trên mạng xã hội lan truyền văn bản về việc kéo dài thời gian nghỉ học do dịch Covid-19 là giả mạo Sở. Thông tin này gây hoang mang cho quý phụ huynh, học sinh.  Hiện Sở đang thực hiện chỉ đạo của Thường trực UBND TPHCM báo cáo về tình hình phòng chống dịch Covid-19. Đồng thời, xin ý kiến chỉ đạo, quyết định thời gian đi học lại của học sinh.  Ngày 12/2, UBND TPHCM có văn bản khẩn gửi các Sở liên quan về báo cáo việc chuẩn bị cho học sinh đi học lại từ ngày 17/2.  Thành phố đề nghị các Sở GD&ĐT, Sở Lao động - Thương binh và Xã hội phối hợp với Sở Y tế rà soát việc tiêu độc, khử trùng tại các trường học, các cơ sở giáo dục - đào tạo, các cơ sở giáo dục nghề nghiệp... sẵn sàng các phương án đưa học sinh, sinh viên của thành phố quay lại trường.  Văn bản này yêu cầu báo cáo tình hình các Sở chuẩn bị cho học sinh đi học lại từ ngày 17/2, chứ chưa phải là quyết định chính thức cho học sinh đi học lại từ ngày 17/2. Nguồn: Báo Dân trí Xem thêm",1581562784.0,6200,1200,2200,0
607,1543548005049796096,"# **Nông dân miền núi Nghệ An được mùa lúa. **
# **Xin được chúc mừng bà con Nông dân ở Miền núi Nghệ an nói riêng và Ngành Nông nghiệp, ngành Khuyễn nông cả nước nói chung. Cầu mong Trời đất Mưa gió sẽ thuận hòa, Nhà nước, chính quyền và ngành khuyến nông sẽ tiếp tục hỗ trợ đồng hành cùng bà con để vụ mùa sau sẽ thu được những thắng lợi to lớn hơn đề bà con đỡ khổ cực.**
# **Nhờ áp dụng khoa học kỹ thuật và thay đổi tập quán canh tác, nên vụ mùa lúa năm nay của nông dân tại nhiều vùng miền núi Nghệ An đã cho năng suất cao so với cùng kỳ.**
# **Những ngày này, nông dân tại nhiều vùng [miền núi tỉnh Nghệ An](https://vtv.vn/mien-nui-tinh-nghe-an.html) đang tranh thủ nắng ráo để thu hoạch vụ lúa Đông Xuân và chuẩn bị cho vụ Hè Thu sắp tới. Khác những năm trước năm, bà con nhờ áp dụng khoa học kỹ thuật và thay đổi tập quán canh tác nên vụ mùa năm nay đã cho năng suất cao so với cùng kỳ năm ngoái, nhờ vậy tự chủ được về lương thực, đời sống ngày càng ổn định.**

[https://vtv.vn/vtv8/nong-dan-mien-nui-nghe-an-duoc-mua-lua-2020060523113775.htm](https://vtv.vn/vtv8/nong-dan-mien-nui-nghe-an-duoc-mua-lua-2020060523113775.htm)",1591681695.0,3,0,,0
608,1543548005049796096,"XIN HÃY CHIA SẺ VÀ LAN TỎA NHỮNG HÌNH ẢNH VỀ NHỮNG NGHĨA CỬ ĐẸP CỦA NHỮNG NGƯỜI CÁN BỘ CHIẾN SĨ CÔNG AN NHÂN DÂN.

Nghĩa cử kép của Cục Cảnh sát hình sự trong mùa dịch

Ngày 16/4, Cục Cảnh sát hình sự (CSHS, Bộ Công an) tổ chức chương trình ủng hộ phòng, chống dịch COVID-19 và hiến máu tình nguyện trong toàn thể CBCS, đoàn viên hội viên, công nhân viên trong Cục.
Phát biểu tại buổi Lễ, Thiếu tướng Trần Ngọc Hà, Cục trưởng Cục CSHS cho biết, trước tình hình dịch bệnh COVID-19 diễn biến hết sức phức tạp, đội ngũ y bác sỹ, CBCS CAND, QĐND và nhiều lực lượng khác đang ngày đêm phòng, chống dịch bệnh, nhiều người hy sinh lợi ích cá nhân, chấp nhận khó khăn vất vả.
Nhiều người bệnh đang phải đối mặt với sự nguy hiểm đến tính mạng do không có đủ máu để cứu chữa kịp thời… Vì vậy, mỗi CBCS tiếp sức, san sẻ tự nguyện ủng hộ một phần kinh phí, hiến một phần máu của mình để cứu tính mạng những người khác, san sẻ khó khăn, góp phần nâng cao ý thức chung sức vì cộng đồng, khơi dậy tinh thần tuơng thân tương ái nghĩa tình trong CBCS Cục CSHS nói riêng và lực lượng CSHS nói chung.
Ngay trong buổi sáng, đã tiếp nhận được 82 đơn vị máu từ CBCS của Cục CSHS, số máu này được chuyển đến Viện Huyết học truyền máu trung ương để mang lại sự sống cho hàng nghìn người bệnh.

Cùng ngày, Thiếu tướng Hoàng Văn Vĩnh, Phó Cục trưởng Cục CSHS làm trưởng đoàn đã trao số tiền 100 triệu đồng quyên góp ủng hộ của CBCS cho Ủy ban Trung ương MTTQ Việt Nam để chuyển vào Quỹ Phòng, chống dịch bệnh COVID-19 của Chính phủ.

Minh Hiền.

",1587050198.0,2,0,,0
609,-8526667636677473280,Đề nghị phạt Nóng ca bện COVID 19 thứ 100 vì TRỐN CÁCH LY. Mình không biết các bạn thấy thế nào nhưng mình nghĩ cần phải xử phạt thật nặng những người ý thức kém trong mùa dịch như vậy. mỗi người có ý thức 1 chút thì bệnh dịch có lớn đến mấy cũng không sợ. Buồn thay cho nhiều người ý thức kém như vậy 😞😞😞,1585029838.0,14,13,1,0
610,-6319793463092617216,"""Sau khi cảnh báo sẽ áp đặt mức thuế mới tới 25% đối với lượng hàng hóa nhập khẩu từ Trung Quốc trị giá 370 tỷ USD (do liên quan cách xử lý dịch Covid-19), chính quyền Tổng thống Mỹ Donald Trump đang đẩy mạnh sáng kiến nhằm rút những chuỗi cung ứng công nghiệp toàn cầu khỏi Trung Quốc.

Bộ Thương mại, Bộ Ngoại giao cũng như các cơ quan khác của Mỹ đang tìm biện pháp nhằm thúc đẩy các công ty loại bỏ cả nguồn cung và sản xuất khỏi Trung Quốc, thay vào đó là các nước khác “thân thiện hơn”. Trong số những biện pháp này có các ưu đãi về thuế và trợ cấp đang được cân nhắc.

Hãng tin Reuters dẫn lời Thứ trưởng Ngoại giao Mỹ Keith Krach cho biết, đây là vấn đề then chốt với an ninh Mỹ và chính phủ sẽ sớm thông báo biện pháp mới."".",1588634587.0,335,19,30,0
611,7843652529954922496,"Ngân hàng Phương Đông (OCB) có né tránh trách nhiệm với khách hàng?
Ngoài trường hợp này còn trường hợp nào khác không?
Câu trả lời là CÒN
https://tapchitoaan.vn/bai-viet/cong-dan-va-phap-luat-2/hon-4-ty-dong-o-ocb-boc-hoi-va-ngan-hang-thoai-thac-cho-do-la-so-gia",1592629603.0,7,2,,0
612,-2338446493805937152,"Sáng 26/6, Hội nghị Cấp cao ASEAN lần thứ 36 tổ chức theo hình thức trực tuyến khai mạc tại Trung tâm Hội nghị quốc tế Hà Nội.

[https://danviet.vn/thu-tuong-nguyen-xuan-phuc-tham-du-khai-mac-hoi-nghi-cap-cao-asean-lan-thu-36-20200626103221381.htm?fbclid=IwAR0qYtyV4g8KHGlu2oAgh6LHpjWPZfCoZfr9yqhr6D-RtW50dFrzpr_eCIE](https://danviet.vn/thu-tuong-nguyen-xuan-phuc-tham-du-khai-mac-hoi-nghi-cap-cao-asean-lan-thu-36-20200626103221381.htm?fbclid=IwAR0qYtyV4g8KHGlu2oAgh6LHpjWPZfCoZfr9yqhr6D-RtW50dFrzpr_eCIE)",1593143801.0,6,0,,0
613,3702143726228634112,"Hiệu trưởng của trường cho biết, Trường sẽ xử lý nghiêm giáo viên chủ nhiệm....

[https://lsvn.vn/xe-khach-30-cho-cho-hoc-sinh-di-chup-anh-ky-yeu-o-sam-son-bi-lat.html](https://lsvn.vn/xe-khach-30-cho-cho-hoc-sinh-di-chup-anh-ky-yeu-o-sam-son-bi-lat.html)",1592984445.0,8,1,3,0
614,-1375722551606348032,"HÀ NỘI BỐ TRÍ 3 TÒA NHÀ 21 TẦNG ĐỂ CÁCH LY TẬP TRUNG, TĂNG CƯỜNG 4.800 GIƯỜNG. Tại cuộc họp Ban Chỉ đạo phòng chống dịch bệnh COVID-19 của TP Hà Nội, Chủ tịch UBND TP Nguyễn Đức Chung khẳng định xuất hiện trường hợp lây nhiễm chéo trên địa bàn, bắt nguồn từ cán bộ an ninh tại cảng hàng không Nội Bài. Lãnh đạo TP Hà Nội nhận định, còn khoảng 10 tuần sẽ bùng phát dịch, từ nay đến ngày 3/4 là thời điểm rất nguy hiểm, là giai đoạn ủ bệnh.... Để bố trí đủ chỗ cách ly tập trung cho công dân về từ vùng có dịch phục vụ công tác phòng chống dịch COVID-19, TP Hà Nội đã quyết định lập thêm khu cách ly tập trung tại khu nhà ở sinh viên Mỹ Đình II. Đây là khu nhà ở sinh viên tại phường Mỹ Đình II, quận Nam Từ Liêm, có quy mô 3 tòa nhà, mỗi tòa gồm 21 tầng. Ngoài ra thành phố còn tăng cường thêm 4.800 giường để đáp ứng đủ nhu cầu nếu cần cách ly số lượng lớn. Anh em hãy tự ý thức giữ gìn sức khỏe bản thân và gia đình trong tình hình hiện tại nhé. Mỗi cá nhân hãy là một phần tử tốt và có trách nhiệm cộng đồng thì cuộc chiến chống Covid sẽ bớt 1 phần khó khăn đấy!!!! -Vịt- [ Oanh Hoàng gửi tin, Tham khảo: Tuổi trẻ ] #beatvn #BeatTheCovid #diễnbiến Xem thêm",1584602824.0,29000,3800,5600,0
615,3067781570706400256,"Năm 2003, chỉ sau 45 ngày có dịch SARS, Việt Nam là quốc gia đầu tiên được Tổ chức Y tế Thế giới (WHO) công nhận khống chế thành công. Đến 19h hôm nay, ngày 19/02/2020 theo thông báo của Bộ Y tế, tất cả 16 người nhiễm  Covid-19 đã khỏi bệnh. Ngày hôm nay 20/02/2020 hai bệnh nhân ở Vĩnh Phúc sẽ xuất viện, ngày mai 21/02/2020 một bệnh nhân ở TP Hồ Chí Minh cũng sẽ được về với gia đình. Như vậy, từ ngày 13/2/2020 đến nay, Việt Nam chưa ghi nhận ca bệnh mới và đến thời điểm này V...iệt Nam là quốc gia đầu tiên đã chữa khỏi cho 100% bệnh nhân nhiễm Covid-19. Nói Việt Nam là quốc gia hàng đầu trong công tác phòng chống dịch tễ cũng không sai. Bạn có thể yêu, có thể ghét, có thể tự nhục nhưng bạn không thể phủ nhận rằng Nhà nước và các cơ quan chức năng đã làm rất tốt trong công tác phòng chống dịch bệnh viêm đường hô hấp cấp do Covid - 19 gây ra, nhất là trong bối cảnh chúng ta lại có chung biên giới với Trung Quốc, nằm ngay sát trung tâm vùng dịch.  Đất nước ta còn nghèo thật và còn một khoảng cách dài để tiến lên nhóm những quốc gia có thu nhập bình quân đầu người cao của thế giới. Nhưng trong công tác phòng chống dịch bệnh nhà nước ta đã làm tốt nhất những gì có thể để bảo hộ và bảo vệ công dân của mình. Không phải đất nước nào trong điều kiện kinh tế và y tế khó khăn, cơ sở vật chất còn thiếu thốn cũng có thể khống chế thành công dịch SARS trong 45 ngày, trở thành quốc gia đầu tiên trên thế giới làm được điều này. Không phải đất nước nào trong điều kiện khó khăn vẫn di dời toàn bộ công dân của mình khỏi vùng chiến sự Bắc Phi mà những công dân đó không phải mất một đồng chi phí nào. Không phải đất nước nào cũng có thể biến nhiều quốc gia châu Phi khô cằn với xung đột sắc tộc, nghèo đói và chết chóc trở thành những vựa lúa tươi tốt và người dân họ được no đủ. Không phải đất nước nào kể cả những quốc gia giàu có nhất thế giới cũng sẵn sàng bay vào vùng tâm dịch Vũ Hán để đón những công dân của mình trở về và chăm sóc sức khoẻ cho họ mà không thu bất kỳ một khoản kinh phí nào. Không phải đất nước nào cũng có thể chữa khỏi 100% bệnh nhân bị nhiễm Covid 19 trong đó có trẻ sơ sinh 3 tháng tuổi. Bạn không tự hào về những điều đó ư? Riêng tôi, tôi có thể dõng dạc mà nói rằng “tôi tự hào là người con của đất nước Việt Nam”! Xem thêm",1582168399.0,6300,2100,3500,0
616,1543548005049796096,"Phòng chống COVID-19: Liên tiếp những tin vui

Lần đầu tiên kể từ ngày 7/3, 48 giờ liên tiếp Việt Nam không ghi nhận ca mắc mới COVID-19. Đến thời điểm này, số ca bệnh vẫn là 268 trường hợp. Trong đó, 198 bệnh nhân đã khỏi bệnh – bằng gần 80% tổng số ca mắc. Cũng trong 24h qua, sức khỏe của 3 bệnh nhân nặng đã có nhiều tiến triển.
Thông tin mới nhất từ Bộ Y tế cho biết tính đến 9h ngày 18/4 Việt Nam ghi nhận 268 ca mắc COVID-19 (160 người từ nước ngoài chiếm 59,7%; 108 người lây nhiễm trong cộng đồng chiếm 40,3%); không có ca tử vong.

Trong số các bệnh nhân, 198 người đã bình phục, 70 người đang được điều trị đang được điều trị tại 12 cơ sở y tế trong cả nước. Có cả bệnh viện tuyến trung ương, tuyến tỉnh, tuyến huyện, bệnh viện dã chiến, bệnh viện chuyên khoa. 13 ca đã có kết quả xét nghiệm 1 lần âm tính với SARS-CoV-2; 4 ca có kết quả xét nghiệm 2 lần âm tính với SARS-CoV-2.

24h qua cũng là ngày thứ 2 liên tục, Việt Nam không ghi nhận ca mắc mới COVID-19. Đến thời điểm này, số ca bệnh vẫn là 268 trường hợp. Bên cạnh đó, tin vui trong công tác phòng chống dịch ở nước ta là trong 24h qua là đã có thêm 21 trường hợp bệnh nhân được công bố khỏi bệnh, nâng số ca khỏi bệnh của Việt Nam lên 198 – bằng gần 80% tổng số ca mắc. Cũng trong 24h qua, sức khỏe của 3 bệnh nhân nặng đã có nhiều tiến triển.

Tổng số người tiếp xúc gần và nhập cảnh từ vùng dịch đang được theo dõi sức khỏe (cách ly) là 69.045 người, trong đó:Cách ly tập trung tại bệnh viện là 324 người; cách ly tập trung tại cơ sở khác 11.549 người; cách ly tại nhà, nơi lưu trú 57.172 người.

Trên thế giới, dịch bệnh đã lan ra 211 quốc gia và vùng lãnh thổ, với 2.248.037 người mắc, 154.126 người tử vong. Tại Đông Nam Á, tất cả các quốc gia trong khu vực đều có người mắc bệnh, với tổng số ca mắc là 24.105, số ca tử vong là 1.003. Việt Nam đứng thứ 112/211 quốc gia, vùng lãnh thổ có ca mắc trên thế giới; 6/11 quốc gia có ca mắc trong khu vực ASEAN.

Số ca mắc COVID-19 tại Việt Nam và trên thế giới.

13.007 mẫu ở Hạ Lôi âm tính

Tại ổ dịch thuộc thôn Hạ Lôi, Mê Linh, Hà Nội hiện nay ghi nhận 13 ca mắc COVID-19. Cơ quan chuyên môn đã tiến hành lấy 13.012 mẫu xét nghiệm, trong đó 13.007 mẫu âm tính, 5 mẫu dương tính.

Về việc xử lý ổ dịch tại Hạ Lôi, cơ quan chức năng đã cách ly toàn bộ thôn Hạ Lôi kể từ ngày 8/4/2020; bố trí 12 chốt, 66 tổ giám sát kiểm soát chặt chẽ người ra vào thôn. Ngoài ra, thành phố Hà Nội tăng cường 15 tổ chống dịch cơ động của Trung tâm Kiểm soát bệnh tật thành phố Hà Nội.

* Liên quan đến trường hợp bệnh nhân mắc COVID-19 số 262 (ở Hạ Lôi, Mê Linh, Hà Nội) làm việc tại Công ty SamSung, Bắc Ninh, đã rà soát 210 đối tượng tiếp xúc gần (F1) và 1.109 trường hợp tiếp xúc với người tiếp xúc gần (F2); lấy 277 mẫu xét nghiệm, trong đó có 190 mẫu âm tính, còn lại đang chờ kết quả.

110 trường hợp liên quan đến BN262 tại các tỉnh khác đều cho kết quả xét nghiệm âm tính.

Để chủ động ứng phó với các tình huống dịch theo tình hình thực tế, Ban Chỉ đạo phòng, chống COVID-19 tỉnh Bắc Ninh đã xây dựng, điều chỉnh kế hoạch đáp ứng với từng cấp độ dịch trên địa bàn, ban hành Phương án cách ly vùng có dịch, Quyết định thành lập Bệnh viện dã chiến ứng phó với dịch COVID-19. Đồng thời, thành lập 315 chốt liên ngành kiểm soát dịch ở các cấp nhằm phát hiện sớm các trường hợp có dấu hiệu nghi ngờ nhiễm bệnh hoặc có yếu tố dịch tễ để khám, sàng lọc.

Công tác kiểm tra, giám sát được thực hiện thường xuyên tới các huyện, thị xã, thành phố, các cơ sở khám, chữa bệnh và các khu cách ly tập trung. Thực hiện khẩn trương, quyết liệt việc điều tra, giám sát dịch tễ, thực hiện các hình thức cách ly đối với các trường hợp liên quan đến Bệnh viện Bạch Mai, các trường hợp tiếp xúc (trực tiếp, gián tiếp) đối với các bệnh nhân dương tính với SARS-CoV-2, đặc biệt là bệnh nhân 262, tổ chức cách ly, xét nghiệm kịp thời, sớm khoanh vùng, dập dịch…

BN268 sức khỏe ổn định, thể trạng đang tốt lên

Về bệnh nhân số 268 mắc COVID-19 (Bộ Y tế công bố 6h sáng ngày 16/4) , chiều qua, bác sĩ Lương Viết Thuần, Giám đốc Sở Y tế Hà Giang thông tin cho biết, sức khỏe của bệnh nhân số 268 hiện đang được điều trị tại khu cách ly của BVĐK huyện Đồng Văn, ổn định, không sốt, không ho, không khó thở. Thể trạng đang tốt lên.

Hiện nay ngành y tế Hà Giang đang thực hiện cách ly 3 khu vực bao gồm: Thôn Pín Tủng, xã Phố Là, huyện Đồng Văn; Phòng khám đa khoa Phố Bảng, huyện Đồng Văn (nơi bệnh nhân đến khám đầu tiên vào ngày 8/4/2020) và BVĐK huyện Đồng Văn (nơi người bệnh đến điều trị và thực hiện cách ly tại đây).

Qua rà soát có 318 người liên quan đến bệnh nhân 268. Tổng số mẫu đã lấy xét nghiệm là 147 mẫu.. Tổng số mẫu đã có kết quả xét nghiệm là 22 mẫu, gồm 16 người nhà người bệnh, 6 cán bộ y tế của BVĐK huyện Đồng Văn và Trung tâm y tế huyện Đồng Văn đều cho kết quả âm tính..

Hiện nay ngành y tế Hà Giang đã phun hóa chất khử khuẩn toàn bộ các hộ trong thôn Pín Tủng, Phòng khám đa khoa Phố Bảng và BVĐK huyện Đồng Văn.

3 nội dung trọng tâm trong công tác phòng chống dịch

Tại cuộc họp của Ban Chỉ đạo Quốc gia phòng chống dịch COVID-19 chiều ngày 17/4, Phó Thủ tướng Chính phủ Vũ Đức Đam, Trưởng Ban Chỉ đạo nhấn mạnh 3 điểm trong công tác chống dịch hiện nay là: Phải kiểm soát được dịch bệnh, tiến tới chung sống an toàn, thúc đẩy sự điều chỉnh tích cực của xã hội.

Phải tiếp tục kiên định, quyết liệt tiếp tục tực hiện thật nghiêm, thật tốt lời kêu gọi của Tổng Bí thư, Chủ tịch nước Nguyễn Phú Trọng và các chỉ đạo của Bộ Chính trị, Ban Bí thư, Chính phủ, Thường trực Chính phủ, Thủ tướng Chính phủ, Ban Chỉ đạo quốc gia, các hướng dẫn, và luôn bám sát nguyên tắc chống dịch: Ngăn chặn – Phát hiện – Cách ly – Khoanh vùng – Dập dịch.

Theo Phó Thủ tướng, vì dịch còn dài nên phải xác định chung sống nhưng nhất thiết phải an toàn. Có an toàn mới phát triển được, nhưng tuyệt đối không được chủ quan. An toàn đ ầu tiên là trong lĩnh vực chăm sóc và bảo vệ sức khỏe; tiếp đến là an toàn trong học tập;thứ 3 là đi lại an toàn;thứ 4 là sản xuất-kinh doanh an toàn; thứ 5 là các hoạt động của các cơ quan công quyền an toàn và cuối cùng là sinh hoạt vui chơi, văn hóa, thể thao, du lịch.

Để kiểm soát được dịch bệnh, để chung sống an toàn, Phó Thủ tướng cho rằng đã và đang có những điều chỉnh, thay đổi ở các cấp độ, lĩnh vực đời sống xã hội, từ trong các cơ quan Đảng, công quyền ra ngoài xã hội, từ cấp độ toàn xã hội đến tập thể nhỏ, đến gia đình, cá nhân. Theo đó, dễ thấy nhất là các giải pháp thực hiện chuyển đổi số để tận dụng thời cơ của thời đại số hóa, của cuộc cách mạng 4.0. Từ việc hội họp trực tuyến, dịch vụ công trực tuyến, học trực tuyến đến tư vấn khám bệnh trực tuyến, thanh toán điện tử... sẽ được thúc đẩy mạnh mẽ hơn. Tiếp đến là một số thói quen trong ăn uống, sinh hoạt, thói quen chen lấn, không xếp hàng, ồn ã nơi công cộng, ở các lễ hội xô bồ, vừa thiếu văn minh và cũng không đúng với lễ tiết tôn giáo, tín ngưỡng truyền thống

Bộ Y tế khuyến cáo 10 biện pháp đơn giản phòng, chống dịch COVID-19

1. Không đi ra ngoài khi không thật sự cần thiết. Không tập trung quá 2 người tại nơi công cộng.

2 . Luôn đeo khẩu trang khi đi ra ngoài kể cả khi làm việc; luôn đứng cách xa người khác 2 m.

3 . Luôn rửa tay bằng xà phòng dưới vòi nước chảy hoặc bằng dung dịch sát khuẩn, nhất là sau khi sờ tay vào bất cứ vật dụng nào và sau khi gặp, nói chuyện với người khác và khi về nhà.

4. Không bắt tay khi gặp người khác, không đưa tay lên mắt, mũi miệng.

5 . Thường xuyên súc miệng bằng nước muối hoặc nước súc miệng; giữ ấm vùng ngực cổ, uống nước ấm. Thay quần áo khi về nhà và quần áo thay ra cần được ngâm với xà phòng.

6 . Ăn uống đủ chất, ăn chín, uống chín, tập luyện thể thao phù hợp, sinh hoạt lành mạnh. Thường xuyên vệ sinh, giữ thông thoáng nhà cửa, lau rửa các bề mặt hay tiếp xúc.

7. Nếu phải cách ly thì phải ở nhà, hạn chế gặp người trong nhà, thực hiện theo các hướng dẫn cách ly của cơ quan y tế.

8 . Không nên đến cơ sở y tế nếu không phải cấp cứu. Hãy hỏi cán bộ y tế bằng điện thoại hoặc qua mạng trước khi muốn đi khám bệnh.

9. Khai báo y tế qua ứng dụng (https://ncovi.vn) cho mình và cho người thân trong nhà; theo dõi sức khỏe hàng ngày và báo ngay cho cơ quan y tế hoặc trên ứng dụng NCOVI.

10. Không mời khách đến nhà và cũng không nên đến nhà người khác. Cuộc sống sẽ còn nhiều dịp để gặp nhau.

(Theo chínhphủ.vn)",1587231553.0,2,0,,0
617,-4412041519408712192,"ABC BAKERY RA MẮT BÁNH MÌ THANH LONG ĐỂ “GIẢI CỨU” CHO BÀ CON NÔNG DÂN BỊ ẢNH HƯỞNG VÌ DỊCH CORONA  3 ngày nay, cửa hàng ABC Bakery (Công ty TNHH Một thành viên bánh kẹo Á Châu – ABC) trên đường Nguyễn Trãi, quận 5 (TP HCM) vừa giới thiệu 1 sản phẩm mới là bánh mì thanh long, giá 6.000 đồng/ổ. Ông Kao Siêu Lực, Tổng giám đốc ABC, người trực tiếp thử nghiệm thành công bánh mì thanh long, cho biết với giá bán này, công ty chưa tính lời lỗ mà chủ yếu giới thiệu sản phẩm mới. Đây... cũng là cách ông chọn để ""giải cứu"" thanh long cho bà con nông dân bị ảnh hưởng bởi dịch corona (nCoV). Bánh mì thanh long lên màu đậm hơn bánh mì thường do có chứa lượng đường tự nhiên của trái cây. ""Hôm rồi, tôi đi công tác miền Tây, thấy thanh long chín đầy ruộng, đọc báo thấy nông dân không bán được hàng do ảnh hưởng dịch nCoV, càng nghĩ càng muốn làm gì đó có ý nghĩa cho họ. Vậy nên tôi quyết định thử dùng thanh long làm nguyên liệu bánh mì"" – ông chủ ABC Bakery vui vẻ cho biết. Theo ông Lực, công thức làm bánh mì thanh long khá đơn giản: giảm 80% lượng nước trong mẻ bột bánh mì, thay vào đó là 60% lượng thanh long xay nhuyễn. Sản phẩm ra lò có màu đậm hơn bánh mì thường, có vị ngọt tự nhiên của trái cây và mùi thơm của thanh long. Trong giai đoạn thử nghiệm, mỗi ngày ABC cho ra lò 150 ổ bánh mì thanh long. Cuối tuần này công ty sẽ tổ chức giới thiệu bánh mì thanh long cùng một số sản phẩm có sử dụng nông sản khác như bánh sầu riêng, bánh khoai môn, tiến tới phát triển sản phẩm ra toàn hệ thống ABC Bakery. ""Công ty đã mua 1 tấn thanh long, xay nhuyễn bảo quản đông lạnh để dùng dần. Tôi dự định sẽ chia sẻ công thức cho một số tiệm bánh cùng làm, có như vậy mới phát triển đại trà và giúp tiêu thụ nhiều thanh long hơn. Song song đó, sẽ chào hàng đến các khách hàng lớn là doanh nghiệp chế biến thực phẩm, doanh nghiệp thức ăn nhanh, biết đâu họ có nhu cầu hoặc có ý tưởng phát triển sản phẩm gì khác"" - ông Lực nói. Nguồn: Người Lao Động Vũ Mạnh Linh chia sẻ trong group Maybe you missed this f*cking news Xem thêm",1581433402.0,13000,675,2400,0
618,-7519702009016190976,"Vụ thảm sát tại bệnh viện phụ sản làm rung chuyển Afghanistan

Ít nhất 24 người, trong đó có 16 phụ nữ và 2 trẻ sơ sinh đã bị giết sau vụ xả súng tại một bệnh viện phụ sản nhỏ ở tây nam thủ đô Kabul, Afghanistan vào sáng 13/5 (theo giờ địa phương).

",1589437676.0,4,1,,0
619,1543548005049796096,"# **Sản xuất lúa năm 2020: Nông dân được mùa, được giá. Một điểm sáng đáng khích lệ đông viên của Kinh tế Xã hội Việt nam. Xin được chúc mừng Ngành nông nghiệp Việt nam nói chung và bà con nôn dân nói riêng. Cầu mong cho mưa thuận gió hòa đề ngành nông nghiệp và bà con sẽ tiếp tục gặt hái những thắng lợi mới.**

# Từ đầu năm đến nay, diễn biến thời tiết khá phức tạp gây bất lợi cho sản xuất nông nghiệp, tuy nhiên nhờ chủ động các phương án ứng phó phù hợp nên nông dân các tỉnh ĐBSCL đạt kết quả tốt vụ lúa đông xuân và đang thu hoạch vụ hè thu 2020 trong kỳ vọng “được mùa, được giá”.
# **Nông dân lãi 20 - 30 triệu đồng/ha**

Những ngày này, nông dân các tỉnh Đồng Tháp, Hậu Giang, TP Cần Thơ… bắt đầu thu hoạch lúa hè thu sớm trong niềm vui được mùa. Ông Nguyễn Văn Khoa, canh tác 2ha lúa ở xã Đông Bình, huyện Thới Lai (TP Cần Thơ) phấn khởi: “Vụ hè thu 2020 nhờ ít sâu bệnh và khu vực này chủ động tốt nguồn nước ngọt nên phần lớn nông dân trúng mùa, năng suất lúa đạt bình quân khoảng 6,5 - 7 tấn/ha, tăng cao so cùng kỳ năm ngoái. Giá lúa loại thường được thương lái thu mua khoảng 5.000 - 5.200 đồng/kg, lúa dài 5.300 - 5.500 đồng/kg, lúa thơm 5.600 - 5.900 đồng/kg… Sau khi trừ chi phí còn lãi từ 20 - 30 triệu đồng/ha, cao nhất trong nhiều năm qua”. Cùng niềm vui trên, ông Lâm Văn Sáu, ngụ xã Thạnh Lộc, huyện Giồng Riềng (Kiên Giang) cho hay, ngay sau khi vụ lúa đông xuân được mùa trong điều kiện hạn mặn gay gắt thì đến vụ hè thu 2020 tình hình thời tiết dễ chịu hơn nhiều. Cộng với giá lúa ở mức cao đã tạo thêm động lực để nông dân tích cực đầu tư, chăm sóc lúa; nhờ đó mà lúa hè thu đầu vụ đang thu hoạch trúng mùa là chuyện hiển nhiên.

Tại Đồng Tháp, nông dân các huyện gieo sạ 190.000ha lúa hè thu và một số nơi đang thu hoạch. Ông Nguyễn Văn Đời, Giám đốc HTX Dịch vụ nông nghiệp Bình Thành (huyện Lấp Vò), tiết lộ: “Hơn 1.000ha lúa hè thu của bà con xã viên vừa thu hoạch xong với năng suất khá cao 7 tấn/ha. Trúng mùa và trúng giá, cộng với dễ tiêu thụ nên nông dân rất vui mừng”. Theo Cục Trồng trọt (Bộ NN-PTNT), thực hiện triệt để phương châm sản xuất lúa hè thu ở ĐBSCL đồng loạt, tập trung, nhanh chóng theo từng vùng, trên cơ sở nguồn nước cung cấp hợp lý và né rầy; đồng thời dự báo tình hình tiêu thụ lúa gạo thuận lợi… nên các địa phương xuống giống hơn 1,53 triệu ha lúa, với sản lượng ước đạt hơn 8,7 triệu tấn, tăng 31.000 tấn so cùng kỳ. Những ngày qua, hầu hết diện tích lúa đã thu hoạch đều đạt năng suất cao, bà con lãi khá. Từ nay đến tháng 9 sẽ là cao điểm thu hoạch toàn bộ lúa hè thu ở vùng ĐBSCL; sau khi trừ đi lượng lúa gạo tiêu thụ nội địa, sẽ dành từ 2,3 - 2,5 triệu tấn gạo hàng hóa phục vụ nhu cầu xuất khẩu.

**Đẩy mạnh sản xuất lúa thu đông
**
Tổng cục Thủy lợi cho rằng, từ tháng 6 đến tháng 9-2020, tổng lượng mưa ở ĐBSCL phổ biến xấp xỉ trung bình nhiều năm; sang tháng 10, tổng lượng mưa sẽ cao hơn trung bình nhiều năm từ 15%-30%. Đối với dự báo bão 2020 trên khu vực biển Đông có xu hướng hoạt động muộn hơn so với trung bình nhiều năm và khả năng xuất hiện từ 11-13 cơn bão, áp thấp nhiệt đới. Trung tâm Dự báo Khí tượng thủy văn quốc gia nhận định, ít có khả năng xuất hiện lũ sớm ở đồng bằng Nam bộ. Đỉnh lũ năm 2020 ở đầu nguồn sông Cửu Long trên sông Tiền tại Tân Châu và sông Hậu ở Châu Đốc dự báo dao động từ báo động 1 đến báo động 2, thấp hơn trung bình nhiều năm từ 0,2 - 0,4m. Thời gian xuất hiện đỉnh lũ vào khoảng cuối tháng 9-2020.

Từ những dự báo trên, ông Lê Thanh Tùng, Phó cục trưởng Cục Trồng trọt cho biết, vụ lúa thu đông 2020 ở ĐBSCL dự kiến có 2 phương án sản xuất. Phương án 1, ước gieo sạ 750.000ha, tăng 25.800ha so với cùng kỳ 2019; sản lượng ước đạt 4,1 triệu tấn, tăng 215.000 tấn. Trong tháng 6 sẽ bắt đầu gieo sạ hơn 286.000ha và kết thúc xuống giống vào tháng 9. Qua theo dõi khoảng 5 năm gần đây, diện tích lúa thu đông ở ĐBSCL dao động 730.000 - 770.000ha. Do đó, phương án 1 được cho là khả thi nhất. Đối với phương án 2, dự kiến xuống giống 800.000ha, tăng 75.800ha so với cùng kỳ; sản lượng ước đạt 4,4 triệu tấn, tăng 492.000 tấn. Nguyên nhân là do dự báo năm 2020 lũ nhỏ, cộng với giá lúa đang cao nên cần tăng cường sản xuất vụ thu đông. Ngoài ra, việc tăng xuống giống lúa thu đông cũng nhằm bù đắp một phần thiếu hụt của vụ đông xuân 2019-2020 do ảnh hưởng hạn mặn… Còn vụ lúa mùa ở ĐBSCL sẽ gieo sạ hơn 176.000ha, tăng 5.800ha; sản lượng ước đạt 845.000 tấn, tăng 65.000 tấn. Thời gian xuống giống từ tháng 7 đến tháng 8 đối với vùng sản xuất tôm - lúa và tháng 9 đối với vùng trồng lúa mùa một vụ.

Ông Nguyễn Thanh Hùng, Phó Chủ tịch UBND tỉnh Đồng Tháp bộc bạch, qua khoảng 2 quý đầu năm 2020, tình hình xuất khẩu gạo ở tỉnh tăng khoảng 20% về sản lượng và 12% về giá trị. Trước những thuận lợi trên, tỉnh tiếp tục yêu cầu các địa phương phối hợp cùng nông dân gieo sạ sớm vụ lúa thu đông nhằm thu hoạch trước khi lũ về. Sau đó, theo dõi chặt diễn biến thời tiết, mực nước… để sản xuất sớm vụ đông xuân 2020-2021 đảm bảo thắng lợi.
# **Thứ trưởng Bộ NN-PTNT Lê Quốc Doanh nhận định, năm 2020 toàn vùng ĐBSCL hứng chịu hạn hán và xâm nhập mặn đến sớm, kéo dài, diễn biến rất phức tạp; cộng với dịch Covid-19 gây ảnh hưởng cho sản xuất.**
# **Tuy nhiên, với sự chỉ đạo sâu sát của Chính phủ, sự vào cuộc quyết liệt của Bộ NN-PTNT và các tỉnh, thành, cùng ngành chức năng, hợp tác xã, nông dân… đã mang lại thắng lợi mỹ mãn trong vụ lúa đông xuân vừa qua; và hiện nay đang hướng tới một vụ hè thu thành công về năng suất lẫn giá cả.**
# **Từ kết quả đó, Bộ NN-PTNT sẽ quyết tâm cùng các địa phương tổ chức sản xuất tốt nhất 2 vụ lúa còn lại là vụ thu đông và vụ mùa trong năm 2020 này. Nỗ lực cao nhất để đạt 43 triệu tấn lúa trong năm 2020 mà Chính phủ giao, nhằm đảm bảo an ninh lương thực và phục vụ tốt nhu cầu xuất khẩu.**

HUỲNH LỢI - ĐĂNG NGUYÊN

[https://www.sggp.org.vn/san-xuat-lua-nam-2020-nong-dan-duoc-mua-duoc-gia-669189.html](https://www.sggp.org.vn/san-xuat-lua-nam-2020-nong-dan-duoc-mua-duoc-gia-669189.html)",1593060349.0,3,1,,0
620,1874494937047144960,"Nguyên nhân tăng trưởng doanh thu trong quý 1/2020 một phần là nhờ công ty bắt đầu hợp nhất kết quả hoạt động kinh doanh của CTCP GTNFoods (mã chứng khoán GTN) mà Vinamilk đang sở hữu 75% vốn từ Q1/2020. Trong Q1/2020, GTNfoods đã ghi nhận doanh thu thuần 633 tỉ đồng và đóng góp đáng kể vào mức tăng trưởng 7,9% của toàn tập đoàn.",1588642443.0,,0,,0
621,-7695370380763816960,"15/3 sẽ là ngày đáng nhớ cho ko chỉ Việt Nam mà của toàn thế giới do những gì COVID-19 gây ra !!! - Rạng sáng 15/3, Pháp 🇫🇷 ra lệnh đóng cửa toàn bộ nhà hàng, rạp chiếu phim, cửa hàng,....trừ... siêu thị, trạm xăng, ngân hàng, tabac, presse báo chí và pharmacie. Phong tỏa 1 phần đất nước.  - Chủ tịch hiệp hội Y Tế Ý 🇮🇹 vừa qua đời vì Corona Virus. Hưởng thọ 67 tuổi... - Vợ thủ tướng Canada 🇨🇦 đã dương tính Corona Virus . Ông cũng đang bị cách ly - Rạng sáng 14/3 vừa qua, Ba Lan 🇵🇱 chính thức đóng cửa đất nước và cảnh sát sẽ đi tuần khắp nước để chắc chắn rằng không ai ra đường - Bộ trưởng Úc 🇦🇺 dương tính Corona Virus ngày 13/3 - Bộ trưởng văn hoá Pháp 🇫🇷 đã nhiễm Corona Virus được 5 ngày - Tướng cao cấp Iran 🇮🇷 đã tử vong vì Corona Virus hôm kia, 13/3 - Thứ trưởng Iran nhiễm bệnh và Nghị sĩ Iran, cố vấn ngoại trưởng Iran cũng chết vì corona 2 tuần trước - Tây Ban Nha 🇪🇸 ngày 13/3 ban lệnh đóng cửa toàn bộ hàng quán ngay thủ đô nước này - Ông Donald Trump sáng 14/3 ban bố tình trạng khẩn cấp toàn đất nước Hoa Kỳ 🇺🇸 - Pháp 🇫🇷 đã đóng cửa các trường hoc vô thời hạn - Hàn Quốc 🇰🇷 và Trung Quốc 🇨🇳 đã tuyên bố đỉnh điểm dịch đã qua, chặn đứng được sự lây lan virus ở 2 đất nước này - Czechs vừa tuyên bố 2 giờ trước đóng cửa toàn bộ nhà nước, quán bar tại nước này - Việt Nam 🇻🇳 vừa tuyên bố 3 giờ trước, đóng cửa toàn bộ bar, khách sạn, nhà hàng, karaoke.. các tụ điểm vui chơi toàn quận 1. Từ chối các passport (hộ chiếu) châu Âu nhập cảnh vào VN. Hủy hàng loạt các chuyến bay tới VN sau ngày 15/3, trừ những chuyến đưa người Việt trở về quê hương. - Nga 🇷🇺 chặn cửa không cho Ba Lan 🇵🇱 và Na Uy 🇳🇴 vào để ngăn chặn Virus - Colombia 🇨🇴 chặn cửa Venezeula vào để ngăn chặn virus - Đan Mạch 🇩🇰 tuyên bố đóng cửa khẩu 4 tuần - Luật sư của tổng thống Brazil 🇧🇷 đã dương tính với virus nhưng tổng thống nước này vẫn bác bỏ ông bị dương tính ?! - Giới chức Hoa Kỳ 🇺🇸 ngày 15/3 tuyên bố Donald Trump negative (âm tính) với virus. Nhưng rất nhiều câu hỏi được đặt ra khi ông đã tiếp xúc trực tiếp, là F1 với hàng loạt các lãnh đạo đã nhiễm Covid-19 trước đó. - Tổng cộng 155,220 người bị virus trên toàn thế giới. 5,819 người chết - Rất nhiều đất nước tiên tiến trên thế giới không thể chữa khỏi 1 ca nhiễm Covid-19 nào như : Brazil, Phần Lan 🇫🇮, Qatar 🇶🇦, Iceland 🇮🇸, Ireland 🇮🇪, Ba Lan, Czech, Chile 🇨🇱... - Cũng trong 14/3, Ông Tim Cook tuyên bố đóng cửa hơn 400 stores trên toàn thế giới, để lại 42 stores tại China. - Virus Covid-19 đã tấn công đến lãnh thổ Châu Phi. Nâng tổng số 146 quốc gia bị nhiễm virus này. - Anh 🇬🇧 là nước duy nhất trên thế giới hiện tại hờ hững với virus và tự cho là có cách đối phó chống dịch khác biệt với thế giới. Cre: VFC Xem thêm",1584249441.0,2700,389,2900,0
622,-7845741394264275968,"📌THÔNG TIN CÁC CA BỆNH COVID-19 Tới 18h00 chiều nay (28/3), đã ghi nhận thêm 5 trường hợp mắc mới, nâng tổng số người mắc COVID-19 của Việt Nam lên 174. Ba trong số đó liên quan tới Bệnh viện Bạch Mai (Hà Nội), 1 ca có thời gian sống trong cộng đồng và 1 ca  được cách ly ngay sau khi nhập cảnh. CA BỆNH 170 (BN170): Bệnh nhân nam, 27 tuổi, có địa chỉ tại Định Hoá, huyện Kim Sơn, tỉnh Ninh Bình, nghề nghiệp: lao động tự do (làm thạch cao).... Đầu tháng 3/2020, bệnh nhân làm trần thạch cao trong khu đô thị mới của Vingroup ở huyện Gia Lâm. Tại đây bệnh nhân ở cùng 04 người, hàng ngày chủ yếu tiếp xúc với 4 người này và một người giám sát trông công trình. Thời điểm này bệnh nhân khỏe mạnh, không ho, không sốt. Khoảng ngày 14-15/3/2020, bệnh nhân biết tin bố ốm nên về quê. Bệnh nhân bắt xe Grab (nhưng không đặt xe trên điện thoại) từ Gia Lâm đến bến xe Giáp Bát, lúc 9h30 bệnh nhân lên xe của nhà xe Đức Long và về đến nhà khoảng 12h cùng ngày. Bệnh nhân ở nhà và không đi đâu trong thời gian khoảng 5-6 ngày (không ho, không sốt, không khó thở). Đến sáng ngày 20/3, bệnh nhân cùng hai người chú, thuê xe đến Bệnh viện Đa khoa tỉnh Ninh Bình để chuyển bố lên Bệnh viện Bạch Mai (Hà Nội). Khoảng 12h cùng ngày, bố của bệnh nhân được đưa vào Khoa Cấp cứu A9 - Bệnh viện Bạch Mai. Bệnh nhân và bố ở đây khoảng 1.5-2h, sau đó bố của bệnh nhân được chuyển đến Khoa Tiêu hoá ở tầng 3. Từ 20-22/3, bệnh nhân  đến mua và ăn cơm 5 lần ở quầy số 1 căng tin Bệnh viện Bạch Mai. Sáng ngày 22/3/2020, bệnh nhân đi xe ôm từ Bệnh viện Bạch Mai tới bến xe Giáp Bát, 9h30 lên xe Đức Long và về đến quê lúc 12h, vợ ra đón về.  Tối cùng ngày, bệnh nhân bị sốt 38.5 độ C,  được anh vợ chở vào Bệnh viện Đa khoa huyện Kim Sơn tối ngày 23/3/2020. Vào 10h30 ngày 25/3/2020, bệnh nhân được lấy mẫu xét nghiệm và có kết quả ban đầu dương tính với virus SARS-CoV-2. CA BỆNH 171 (BN171):Bệnh nhân nữ, quốc tịch Việt Nam, 19 tuổi, là du học sinh tại Mỹ, có địa chỉ tại phường 11, quận 10, TP. Hồ Chí Minh. Bệnh nhân từ Mỹ về, quá cảnh ở Philippines, nhập cảnh Việt Nam ngày 13/3/2020. Khi nhập cảnh, bệnh nhân không có triệu chứng và được yêu cầu cách ly tại nhà. Ngày 24/3/2020, Trung tâm Y tế Quận 10, TP. Hồ Chí Minh tiến hành lấy mẫu theo diện điều tra cộng đồng những người từ Mỹ và Đông Nam Á trở về. Bệnh viện Bệnh Nhiệt đới TP. Hồ Chí Minh kết luận mẫu bệnh phẩm của bệnh nhân dương tính với virus SARS-Cov-2 vào ngày 28/3/2020. Hiện bệnh nhân đang được cách ly tại nhà. CA BỆNH 172 (BN 172): nữ, quốc tịch Việt Nam, là con dâu bệnh nhân số 133, chăm sóc bệnh nhân 23 ngày. Hiện nay bệnh nhân không ho, không sốt, không khó thở. CA BỆNH 173 (BN 173): Nữ, quốc tịch Việt Nam,  sống và làm việc Mátxcơva (LB Nga) về nước ngày 25/3/2020, được chuyển đến  khu cách ly tập trung tại trường Đại học FPT ở  Hòa Lạc, huyện Thạch Thất, Hà Nội.  Bệnh nhân xuất hiện sốt khoảng 38 độcC, kèm theo ho nhiều, đau mỏi người, đã được nhập viện. CA BỆNH 174 (BN 174): Nữ, quốc tịch Việt Nam. Bệnh nhân làm việc tại nhà ăn Bệnh viện Bạch Mai, có tiếp xúc với nhiều người. Hai ngày nay bệnh nhân xuất hiện sốt từng cơn, sốt nóng  38,6 độ C, ho húng hắng có đờm trắng , không chảy nước mũi, không đau mỏi người, đã được nhập viện.  Bộ Y tế đề nghị người dân thực hiện tốt 5 điểm sau đây: 1. Hạn chế tối đa ra ngoài, chỉ ra ngoài khi thực sự cần thiết. 2. Nếu buộc phải ra ngoài luôn luôn đeo khẩu trang, hãy giữ khoảng cách tiếp xúc, tốt nhất là 2m. 3. Thường xuyên rửa tay bằng xà phòng hoặc dung dịch sát khuẩn. 4. Thường xuyên vệ sinh nhà cửa, lau rửa thường xuyên, để thông thoáng, sinh hoạt lành mạnh. 5. Thực hiện khai báo y tế, cập nhật tình hình sức khỏe hàng ngày, giữ liên hệ thường xuyên với cán bộ y tế, cơ sở y tế. Xem thêm",1585394871.0,33000,1500,3100,0
623,1049371931483827968,"Liên quan đến việc TP. HCM cho Công ty CP Gamuda Land thuê hàng chục ha đất làm dự án không thu tiền sử dụng. Phó Thủ tướng Trương Hòa Bình vừa yêu cầu các bộ, ngành liên quan kiểm tra, làm rõ...

",1587323133.0,4,0,1,0
624,6511862079676998656,"Chủ tịch tỉnh Thái Bình lên tiếng về việc ""bảo kê, chống lưng"" đối với băng nhóm khét tiếng Đường 'Nhuệ'",1586848490.0,78,30,8,0
625,6861366631905227776,"Thanh tra Chính phủ kết luận hàng loạt sai phạm trong xây dựng, sử dụng đất đai tại các dự án lớn trên địa bàn Phú Quốc như xây dựng khách sạn không phép, xây vượt tầng. Nhiều chủ đầu tư được miễn giảm tiền thuế gây thiệt hại cho ngân sách.

[https://kinhtemoitruong.vn/nhieu-du-an-lon-o-phu-quoc-xay-dung-chui-duoc-mien-tien-dat-hang-tram-ti-dong-17234.html](https://kinhtemoitruong.vn/nhieu-du-an-lon-o-phu-quoc-xay-dung-chui-duoc-mien-tien-dat-hang-tram-ti-dong-17234.html)",1590026210.0,1,0,,0
626,-1871599148686573056,"Quảng Ninh: Phó Chủ tịch UBND tỉnh kí Quyết định bổ nhiệm cấp Chủ tịch UBND tỉnh Nguyễn Văn Thắng giữ chức Hiệu trưởng Đại học Hạ Long!

Nguồn: TTL",1589945373.0,49,44,3,0
627,2360483965817011200,"Trước kia tui mê Malcolm Gladwell, giờ là fan trung thành của Yuval Noah Harari. Anh là nhà sử học người Do Thái, tác giả của ba siêu phẩm “Sapiens: A Brief History of Humandkind”, “Homo Deus: A Brief History of Tomorrow” và “21 Lessons for the 21st Century”. Ba cuốn này đều đã được dịch ra tiếng Việt nha các đồng chí. Sách khoa học nhưng viết bởi bộ não sexy. Nếu ai chưa đọc, hãy mua về đọc qua mùa dịch! Đảm bảo bao hay, bao vui, bao bổ ích! Cứ mỗi khi thế giới có biến, ngườ...i ta lại tranh nhau mời anh lên các talk show, viết op-ed và trả lời phỏng vấn. Bộ óc vĩ đại như này nếu chỉ để 2 năm ra 1 cuốn sách và hành thiền Vipassana thì quả là hết sức lãng phí. Nhân mùa corona, anh viết một bài cho Financial Times, tui dịch chỉ để thỏa mãn cơn khát của một fangirl. P/S: Mọi người cứ share thoải mái nha. Có gì vui bằng idol của mình được nhiều người yêu mến! #coronavirus #yuvalharari Xem thêm",1584742629.0,8100,294,5000,0
628,2027806663036476928,"Corona chưa xong, Dịch lợn lại quay về
...
https://nongnghiep.vn/dich-ta-lon-chau-phi-xuat-hien-tro-lai-o-bac-kan-d262516.html?utm_source=zalo&utm_medium=zalo&utm_campaign=zalo&zarsrc=30",1586930732.0,2,0,1,0
629,-754707285036130944,"""Ngày 15/5, Nguyễn Tiến Dũng, 49 tuổi, nguyên nhân viên phòng Quản lý hồ sơ của Trung tâm Hỗ trợ xã hội thuộc Sở Lao động - Thương binh và Xã hội TP HCM bị TAND quận Bình Thạnh tuyên phạt về tội Dâm ô đối với người dưới 16 tuổi theo Điều 146 BLHS năm 2015; buộc bồi thường cho mỗi nạn nhân 20 triệu đồng.

HĐXX xác định Dũng có nhiều tình tiết tăng nặng như PHẠM TỘI NHIỀU LẦN, với nhiều người và với người mình có trách nhiệm giáo dục chăm sóc, nên phải xử lý nghiêm. Tuy nhiên, bị cáo LẦN ĐẦU PHẠM TỘI, thành khẩn khai báo nên được xem xét giảm nhẹ một phần hình phạt.""- trích từ Vnexpress.

 Hiểu được chết liền :)",1589544732.0,7,10,,0
630,-7275719959188271104,"Với những gì mắt thấy tai nghe, sau 2 năm làm việc, Luyến (tên nhân vật đã được thay đổi-PV) tin rằng, bác sĩ Phương và phòng khám Phương Thanh có thể được coi là “đen nhất” trong các “địa chỉ đen” chuyên phá bỏ các ca thai có độ tuổi lớn tại Hà Nội. Theo Quyết định 4128 ban hành năm 2016 của Bộ Y tế, tất cả hành vi phá thai trên 22 tuần tuổi đều vi phạm pháp luật, trừ một số trường hợp cần cứu phụ nữ khi thai nghén đe dọa tính mạng, do thai nhi bất thường, bị dị tật bẩm sinh có thể ảnh hưởng đến cuộc sống của đứa trẻ sau này.",1592355478.0,10,0,,0
631,5274084274198870016,"Điểm lại phiên tòa sơ thẩm xét xử 12 bị cáo trong vụ gian lận thi cử ở Sơn La ngày 21/5

- Bị cáo Trần Xuân Yến (cựu Phó giám đốc Sở GĐ&ĐT Sơn La) khai nhờ nâng điểm thi cho các thí sinh vì động cơ trong sáng chứ không có thỏa thuận gì.
- Ông Yến cũng khai đã nhận thông tin nhiều thí sinh từ từ ông Hoàng Tiến Đức để “xem điểm”. Tuy nhiên do nể ông Đức là Giám đốc Sở nên Yến giúp chứ không phải để kiếm chác gì.
- Cựu thượng tá công an Nguyễn Minh Khoa lần đầu tiên xuất hiện tại toà với tư cách bị cáo đã liên tục kêu oan, phủ nhận cáo buộc và cho rằng do mình làm việc này hoàn toàn vô tư chứ chẳng đưa hối lộ cho ai…
",1590069837.0,5,1,,0
632,27224945636299780,"HÀ NỘI HỌP KHẨN TRONG ĐÊM VÌ COVID-19 Ban chỉ đạo phòng chống Covid-19 của thành phố Hà Nội (Ban chỉ đạo) tiếp tục triệu tập cuộc họp khác lúc hơn 22h. Trong diễn biến khác, theo quan sát, lực lượng chức năng tối nay đã dựng barie chốt chặn khoảng 500 m phố Trúc Bạch (quận Ba Đình). Xe cứu thương cùng nhiều nhân viên y tế mặc trang phục bảo hộ xuất hiện ở hiện trường. Khu phố này có nhiều nhà dân. ... Lúc 21h25, ông Hoàng Đức Thăng, Bí thư phường Trúc Bạch thông tin, trên địa bàn có một trường hợp phụ nữ trẻ vừa trở về từ châu Âu nghi nhiễm nCoV, trú ở phố Trúc Bạch. Cơ quan chức năng lập rào chắn, khoanh vùng khu phố này để thực hiện các biện pháp theo quy định. Trước đó, trong cuộc họp chiều nay của Ban chỉ đạo Hà Nội, Chủ tịch thành phố Nguyễn Đức Chung yêu cầu các ngành, quận, huyện triển khai rà soát tất cả học sinh, sinh viên là công dân của Hà Nội, đi học ở các nước châu Âu, đã về trong khoảng thời gian từ ngày 20/2 đến nay nhưng chưa thực hiện khai báo y tế.  Theo: Vtv24, Vnexpress, Zing Xem thêm",1583509081.0,8300,1200,2400,0
633,-6393162443554609152,"Chiều nay ghi nhận thêm 2 ca nhiễm mới, tổng số ca tăng lên 270.

Hai BN là du học sinh trở về từ Nhật trên chuyến bay VN311 ngày 22/4.",1587727561.0,13,0,1,0
634,-6334932266829473792,"Nghệ An: Sai phạm nghiêm trọng ở các ban quản lý rừng phòng hộ :

Theo điều tra của các ngành chức năng, có 7/11 Ban quản lý rừng phòng hộ trên địa bàn tỉnh Nghệ An xảy ra tình trạng khai thác trái phép lâm sản; lấn chiếm đất rừng, khai thác rừng trồng phòng hộ và sai phạm trong công tác quản lý tài chính.

Nhiều cán bộ bảo vệ rừng bị bắt giam

Đại tá Nguyễn Mạnh Hùng – Phó Giám đốc Công an tỉnh Nghệ An cho biết, thời gian qua, Cơ quan cảnh sát điều tra (CSĐT) đã khởi tố trên 10 vụ án hình sự với hơn 20 bị can, trong đó có nhiều đối tượng là trưởng ban, phó ban, cán bộ, kế toán liên quan đến vi phạm tại các Ban quản lý rừng phòng hộ (BQLRPH) trên địa bàn tỉnh này.

Điển hình là 6/5/2019, Cơ quan CSĐT Công an tỉnh Nghệ An đã thực hiện lệnh bắt tạm giam ông Phan Tiến Sỹ - nguyên Trưởng Ban BQLRPH huyện Yên Thành; ông Nguyễn Thọ Huy - Phó Ban và ông Nguyễn Văn Thanh - Trưởng phòng Kỹ thuật của Ban này để điều tra về hành vi ""Lợi dụng chức vụ, quyền hạn trong khi thi hành công vụ"". Mở rộng vụ án, có thêm 5 cán bộ của cơ quan này đã bị khởi tố để điều tra về cùng tội danh nói trên.
Được biết, năm 2014, Công ty Đông Bắc thực hiện việc thuê đất rừng tại huyện Yên Thành để làm dự án trồng cây thức ăn nuôi bò sữa của Công ty CP Thực phẩm sữa TH, thời gian thuê 50 năm. Ban này được nhận tiền đền bù từ doanh nghiệp nhưng sau đó các cán bộ đã lập 3 bộ hồ sơ giả để chiếm đoạt số tiền khoảng 5 tỷ đồng.

Cũng trong năm 2019, Công an huyện Quỳnh Lưu đã khởi tố vụ án, khởi tố bị để điều tra về hành vi ""Vi phạm quy định về quản lý, sử dụng tài sản Nhà nước gây thất thoát, lãng phí"" xảy ra tại BQLRPH huyện Quỳnh Lưu. 4 bị can bị khởi tố, trong đó có ông Võ Văn Vinh, nguyên Trưởng Ban và bà Nguyễn Thị Bích Thủy, nguyên kế toán của Ban.
Từ năm 2008, thực hiện Dự án trồng mới 5 triệu ha rừng phòng hộ của Chính phủ, BQLRPH Quỳnh Lưu được UBND tỉnh phê duyệt làm chủ đầu tư về trồng rừng phòng hộ trên địa bàn. Thực hiện dự án, ông Vinh đã chỉ đạo cán bộ dưới quyền lập khống một số hồ sơ thanh, quyết toán kinh phí ngân sách Nhà nước, không tổ chức chi trả tiền cho các hộ dân theo các quy định mà chỉ chi trả một phần trong số ngân sách được cấp về.

Kết luận cho thấy, BQLRPH Quỳnh Lưu đã vi phạm chế độ quản lý, sử dụng tài sản của Nhà nước, làm thất thoát ngân sách với tổng số tiền trên 750 triệu đồng trong quá trình thực hiện dự án nói trên.

Nhiều sai phạm

Thống kê cho thấy, trong những năm vừa qua, đã có hàng loạt các sai phạm tại các Ban QLRPH, được cơ quan chức năng vào cuộc kiểm tra, điều tra phát hiện. Cụ thể, có tới 7 trong tổng số 11 Ban QLRPH xảy ra sai phạm.

Đánh giá về vấn đề này, ngày 7/5/2020, tại phiên giải trình của Thường trực HĐND tỉnh Nghệ An về việc làm rõ những sai phạm tại một số Ban QLRPH trên địa bàn. Ông Nguyễn Văn Đệ - Giám đốc Sở NNPTNT cho biết: ""Có 3 sai phạm chính xảy ra tại các Ban QLRPH. Cụ thể, sai phạm khai thác trái phép lâm sản, trong giai đoạn 2016-2019, tại các Ban QLRPH Kỳ Sơn, Tương Dương, Quỳ Châu đã xảy ra 9 vụ. Các vụ việc phá rừng kể trên đã tạo ra nhiều dư luận bất bình từ nhân dân. Cơ quan điều tra đã khởi tố 19 bị can. Ngoài ra, các tập thể và nhiều cá nhân liên quan cũng bị xử lý kỷ luật bằng nhiều hình thức.

Sai phạm lấn chiếm đất rừng, khai thác rừng trồng phòng hộ, tình trạng tranh chấp đất đai, lấn chiếm đất đai giữa người dân và các Ban QLRPH, Công ty lâm nghiệp trên địa bàn tỉnh diễn biến có chiều hướng phức tạp.

Tại các huyện Anh Sơn, Yên Thành, Quỳnh Lưu, TX. Hoàng Mai, Tân Kỳ, Quỳ Hợp, tình trạng người dân tự ý lấn chiếm đất đai, khai thác trên diện tích đất của Ban QLRPH xảy ra nhiều. Mặc dù cơ quan chức năng đã vào cuộc xử lý nhưng đến nay vẫn chưa xử lý dứt điểm.

Tại Ban QLRPH Yên Thành có 8 cán bộ, nhân viên bị khởi tố do lập hồ sơ giả, biến hơn 30 lô đất rừng của nhà nước thành tiền riêng để chia nhau và chi sai nguyên tắc gần 5 tỷ đồng. Tại Ban QLRPH Bắc Nghệ An, có 4 cán bộ đã bị tòa án xét xử do chi sai 752 triệu đồng, gây thiệt hại cho nhà nước. Còn những sai phạm tại Ban QLRPH Anh Sơn, Kỳ Sơn, Tương Dương, cơ quan công an đang điều tra làm rõ.

Giải trình trách nhiệm về những sai phạm tại các Ban QLRPH ở Nghệ An, ông Nguyễn Văn Đệ - Giám đốc Sở NNPTNT cho rằng, với vai trò là cơ quan chủ quản, Sở xin nhận trách nhiệm. Ngoài ra, tinh thần trách nhiệm, năng lực, trình độ của một số cán bộ thực thi công vụ còn yếu. Có những nguyên nhân khách quan như diện tích rừng trên địa bàn lớn, trong khi biên chế cán bộ bảo vệ rừng của các Ban QLRPH giảm nên rất khó khăn trong công tác quản lý, bảo vệ rừng. Do các Ban QLRPH là đơn vị sự nghiệp có thu nhưng do nguồn thu rất ít hoặc hầu như không có là một áp lực rất lớn, điều đó tạo tâm lý không yên tâm công tác của cán bộ bảo vệ rừng. Đời sống người dân miền núi còn khó khăn nên tình trạng khai thác, chặt phá rừng trái phép vẫn còn xảy ra.

Link : https://danviet.vn/nghe-an-sai-pham-nghiem-trong-o-cac-ban-quan-ly-rung-phong-ho-20200512164015499.htm",1589433351.0,1,0,,0
635,5274084274198870016,"Theo luật sư, quá trình điều tra chưa đấu tranh đến cùng vai trò này của ông Hoàng Tiến Đức (cựu giám đốc sở GD&ĐT) cũng như không triệu tập được ông Đức đến Tòa để đối chất với bị cáo Yến về động cơ, mục đích đưa danh sách thông tin thí sinh.

Nếu truy cứu bị cáo Yến về tội Lợi dụng chức vụ quyền hạn khi thi hành công vụ mà không truy cứu ông Đức là không công bằng.
",1590459028.0,16,4,2,0
636,-3571350031186707968,"Nhiều đoàn xe tải chở đất đá thải từ dự án Nhà máy nước Thái Nguyên đang ngang nhiên ""lộng hành"" trên tuyến đường từ xã Phúc Trìu vào khu ĐH Nông Lâm Thái Nguyên gây ô nhiễm môi trường, khiến cuộc sống người dân ảnh hưởng nghiêm trọng.
#Đời_sống_và_Pháp_luật_Online",1592456497.0,6,0,,0
637,-5983520487359571968,"NÓNG ! 15/3 sẽ là ngày đáng nhớ cho không chỉ Việt Nam mà của toàn thế giới do những gì COVID-19 gây ra !!! - Rạng sáng 15/3, Pháp 🇫🇷 ra lệnh đóng cửa toàn bộ nhà hàng, rạp chiếu phim, cửa hàng,....trừ... siêu thị, trạm xăng, ngân hàng, tabac, presse báo chí và pharmacie. Phong tỏa 1 phần đất nước. - Chủ tịch hiệp hội Y Tế Ý 🇮🇹 vừa qua đời vì Corona Virus. Hưởng thọ 67 tuổi... - Vợ thủ tướng Canada 🇨🇦 đã dương tính Corona Virus . Ông cũng đang bị cách ly - Rạng sáng 14/3 vừa qua, Ba Lan 🇵🇱 chính thức đóng cửa đất nước và cảnh sát sẽ đi tuần khắp nước để chắc chắn rằng không ai ra đường - Bộ trưởng Úc 🇦🇺 dương tính Corona Virus ngày 13/3 - Bộ trưởng văn hoá Pháp 🇫🇷 đã nhiễm Corona Virus được 5 ngày - Tướng cao cấp Iran 🇮🇷 đã tử vong vì Corona Virus hôm kia, 13/3 - Thứ trưởng Iran nhiễm bệnh và Nghị sĩ Iran, cố vấn ngoại trưởng Iran cũng chết vì corona 2 tuần trước - Tây Ban Nha 🇪🇸 ngày 13/3 ban lệnh đóng cửa toàn bộ hàng quán ngay thủ đô nước này - Ông Donald Trump sáng 14/3 ban bố tình trạng khẩn cấp toàn đất nước Hoa Kỳ 🇺🇸 - Pháp 🇫🇷 đã đóng cửa các trường hoc vô thời hạn - Hàn Quốc 🇰🇷 và Trung Quốc 🇨🇳 đã tuyên bố đỉnh điểm dịch đã qua, chặn đứng được sự lây lan virus ở 2 đất nước này - Czechs vừa tuyên bố 2 giờ trước đóng cửa toàn bộ nhà nước, quán bar tại nước này - Việt Nam 🇻🇳 vừa tuyên bố 3 giờ trước, đóng cửa toàn bộ bar, khách sạn, nhà hàng, karaoke.. các tụ điểm vui chơi toàn quận 1. Từ chối các passport (hộ chiếu) châu Âu nhập cảnh vào VN. Hủy hàng loạt các chuyến bay tới VN sau ngày 15/3, trừ những chuyến đưa người Việt trở về quê hương. - Nga 🇷🇺 chặn cửa không cho Ba Lan 🇵🇱 và Na Uy 🇳🇴 vào để ngăn chặn Virus - Colombia 🇨🇴 chặn cửa Venezeula vào để ngăn chặn virus - Đan Mạch 🇩🇰 tuyên bố đóng cửa khẩu 4 tuần - Luật sư của tổng thống Brazil 🇧🇷 đã dương tính với virus nhưng tổng thống nước này vẫn bác bỏ ông bị dương tính ?! - Giới chức Hoa Kỳ 🇺🇸 ngày 15/3 tuyên bố Donald Trump negative (âm tính) với virus. Nhưng rất nhiều câu hỏi được đặt ra khi ông đã tiếp xúc trực tiếp, là F1 với hàng loạt các lãnh đạo đã nhiễm Covid-19 trước đó. - Tổng cộng 155,220 người bị virus trên toàn thế giới. 5,819 người chết - Rất nhiều đất nước tiên tiến trên thế giới không thể chữa khỏi 1 ca nhiễm Covid-19 nào như : Brazil, Phần Lan 🇫🇮, Qatar 🇶🇦, Iceland 🇮🇸, Ireland 🇮🇪, Ba Lan, Czech, Chile 🇨🇱... - Cũng trong 14/3, Ông Tim Cook tuyên bố đóng cửa hơn 400 stores trên toàn thế giới, để lại 42 stores tại China. - Virus Covid-19 đã tấn công đến lãnh thổ Châu Phi. Nâng tổng số 146 quốc gia bị nhiễm virus này. - Anh 🇬🇧 là nước duy nhất trên thế giới hiện tại hờ hững với virus và tự cho là có cách đối phó chống dịch khác biệt với thế giới. Nguồn: VFC #namplus Xem thêm",1584237224.0,14000,1400,8300,0
638,1637094071716932096,"Tố cáo thì sợ trù dập, hết đường làm ăn. Không tố cáo thì uất ức. Làm chủ doanh nghiệp đôi lúc rất đau khổ:

https://laodong.vn/phap-luat/vu-mua-not-nong-san-nhieu-doanh-nghiep-so-khong-dam-to-cao-803314.ldo",1588748273.0,13,0,1,0
639,-8981911441643700224,"Sở GTVT TP.HCM có nóng vội?

Chỉ cách nhau mấy tiếng trong buổi chiều 22/4, mà Sở GTVT TP.HCM ban hành 2 văn bản hoả tốc, văn bản trước cho phép taxi hoạt động trở lại từ 0h ngày 23/4, văn bản sau lại cấm ...

Haizzzz",1587566675.0,33,7,8,0
640,6570265313371844608,"Dự kiến, hỗ trợ trực tiếp 1 triệu đồng/người/tháng với hộ nghèo, người lao động tự do không có hợp đồng, mất việc hoặc không có việc làm; hộ kinh doanh cá thể phải tạm ngừng kinh doanh gặp khó khăn nhất do COVID-19. Dự kiến hỗ trợ người lao động có hợp đồng làm việc với doanh nghiệp nhưng phải nghỉ việc, làm việc bán thời gian, nghỉ không lương giảm thu nhập thì mức hỗ trợ 1,8 triệu đồng/người/tháng (tức 50% lương tối thiểu), trước mắt hỗ trợ cho 3 tháng 4,5,6. Đồng thời, dự ...kiến hỗ trợ cho một bộ phận đối tượng bảo trợ xã hội, người có công 500.000 đồng/người/tháng. Xem thêm tại: bit.ly/hotronguoingheo Xem thêm",1585660787.0,32000,10000,25000,0
641,7050444021058475008,"“Việt Nam đã chuẩn bị rất kĩ lưỡng và làm việc không ngừng nghỉ để ngăn chặn sự lây lan của Covid-19, vì thế nếu bạn không tự bảo vệ bạn cũng như người khác khi ở đây, thì cũng giống như bạn đang không tôn trọng họ vậy.” - Gavin Wheeldon, chàng trai người Anh đang cách ly tại Sơn Tây (Hà Nội) nói trong một cuộc phỏng vấn với VTV24.",,47000,577,2700,0
642,-7464585192276002816,Một cậu học sinh nhỏ tuổi ở Đồng Nai trên đường đi học về đã dừng xe bới rác từng cái cống để nước mưa thoát đi.,1592969111.0,,1,,0
643,-689142098539858560,"Thu giữ hơn 5.000 sản phẩm giày, dép có dấu hiệu giả mạo

Ngày 8/6, Đội Quản lý thị trường số 1 (TP Hà Nội) cùng tổ công tác 368 đã tiến hành kiểm tra đột xuất một cơ sở kinh doanh giày dép trên địa bàn quận Cầu Giấy, phát hiện và thu giữ hơn 5.000 sản phẩm có dấu hiệu giả mạo nhãn hiệu nổi tiếng như Nike, Adidas.

https://ngaynay.vn/kinh-te/thu-giu-hon-5000-san-pham-giay-dep-co-dau-hieu-gia-mao-173667.html

Tùng Lâm",1591604615.0,20,0,,0
644,-5254268584848034816,"Gia đình anh Trịnh Văn Hải, Giám đốc Công ty TNHH Xây dựng và Thương mại vận tải Hải Minh ở xã Định Bình bị một số đối tượng bịt mặt phóng hỏa đốt xe ô tô, dùng súng bắn vào cổng nhà để uy hiếp xảy ra từ tháng 4/2018 nhưng đến nay vụ án vẫn đang bỏ dở.",1588375188.0,143,59,32,0
645,-8318346087637567488,"Luật sư phân tích rất xác đáng, không lẽ bị đánh bầm giập suốt nhiều giờ đồng hồ nhưng tỉ lệ thương tích dưới 11% thì xử phạt hành chính à!
Đây là hành vi côn đồ, đề nghị Hội phụ nữ lên tiếng, bảo vệ nạn nhân này!
[https://dantri.com.vn/xa-hoi/vu-thieu-nu-bi-danh-trong-nhieu-gio-co-dau-hieu-toi-co-y-gay-thuong-tich-20200614143217373.htm](https://dantri.com.vn/xa-hoi/vu-thieu-nu-bi-danh-trong-nhieu-gio-co-dau-hieu-toi-co-y-gay-thuong-tich-20200614143217373.htm)",1592127372.0,26,13,1,0
646,7050444021058475008,"Dịch Covid-19 đã vô tình tạo ra định nghĩa mới, hay là thay đổi những câu nói, khái niệm đã quá quen thuộc với chúng ta. Ví dụ như câu ""Mọi con đường đều dẫn đến thành Rome"". Giờ thì chịu, vì Italy đã phong tỏa toàn bộ đất nước. Hay là từ Ý THỨC, giờ đây được cắt nghĩa là, một cô gái đã từng đến Ý và khiến cả Hà Nội phải thao thức. Đây là chuyên mục Điểm tuần của Chuyển động 24h với những câu chuyện ""nóng"" nhất tuần qua.",,20000,923,8300,0
647,-8121156769546520576,"Lại một lần nữa, nhận mệnh lệnh từ Thủ tướng, mệnh lệnh từ trái tim và tình đồng bào, Hãng hàng không Quốc gia Việt Nam-Vietnam Airline lại lên đường sang Châu Âu đón đồng bào trong tâm dịch về nước. Vì hiện nay, chính quyền một số nước tư bản châu Âu chọn giải pháp chỉ chữa cho ai có khả năng sống cao vì lý do không đủ giường bệnh, máy thở và thu viện phí với giá rất cao.

Sau những chuyến bay đón đồng bào ở nước ngoài về, những phi công và tiếp viên phải chịu cách ly 14 ngày. Nếu không vì mệnh lệnh từ trái tim họ đã từ chối đi vào vùng dịch để mang lại niềm hy vọng cho đồng bào xa quê hương.

Chỉ mong đồng bào Việt kiều sau khi được chữa bệnh yên lành cần hiểu Chính phủ và nhân dân Việt Nam mặc dù đất nước còn nghèo, còn khó khăn, nhưng đã không bỏ rơi những đứa con xa quê; mong là quý vị đừng bao giờ quay lưng lại với Đất Nước, Dân Tộc, nhận thù lao từ ngoại bang mà chửi rủa, nói xấu, xuyên tạc về cội nguồn - nơi đã cưu mang mình.
____
Tôi yêu Việt Nam ❤❤❤❤",1584426260.0,59,2,14,0
648,9054162502202324992,"🛒 🏨 🏪 Các cơ sở kinh doanh thương mại dịch vụ (bán buôn, bán lẻ, xổ số kiến thiết, khách sạn, cơ sở lưu trú, nhà hàng, quán ăn…) trừ các cơ sở nêu tại điểm c mục 2, khu tập luyện thể thao, khu di tích, danh lam thắng cảnh được hoạt động trở lại.

🎒 Giảm, giãn số học sinh trong phòng học, bố trí lệch giờ học, ăn trưa, sinh hoạt tập thể bảo đảm không tập trung đông người; thực hiện khử trùng, vệ sinh lớp học; kết hợp học trực tuyến, thực hiện các biện pháp phòng bệnh cho học sinh.

🏙 Tỉnh, thành phố trực thuộc Trung ương có nguy cơ:
- Khuyến cáo người dân không ra khỏi nhà nếu không cần thiết và thực hiện các biện pháp phòng, chống dịch.
- Không tập trung quá 20 người tại nơi công cộng, ngoài phạm vi công sở, trường học, bệnh viện; giữ khoảng cách tối thiểu 01m khi tiếp xúc.

🌃 Các tỉnh, thành phố trực thuộc Trung ương có mức nguy cơ thấp:
- Tuyên truyền, vận động người dân không ra khỏi nhà nếu không cần thiết và thực hiện các biện pháp phòng, chống dịch.
- Không tập trung quá 30 người tại nơi công cộng, ngoài phạm vi công sở, trường học, bệnh viện; giữ khoảng cách tối thiểu 01m khi tiếp xúc.",1587782173.0,5,0,,0
649,-5278442414383704064,"Xin phép ad! Mong được ad duyệt bài!
GÓC KÊU GỌI!

Nhạc sĩ Phan Mạnh Quỳnh viết trong bài hát Nơi Ấy Con Tìm Về những câu hát:'' Ngày con cất tiếng khóc chào đời/ Ngày mẹ đã nói niềm vui trào dâng ngập trời/ Bằng yêu thương của cha đã dành để trong mái ấm từng ngày qua con lớn lên''. Nói lên niềm vui sướng của các bậc làm cha, mẹ khi thấy con chào đời. Và hạnh phúc khi nhìn con lớn lên từng ngày. Nhưng, mẹ của bé Lê Anh Phát, ở buôn Tà Râu, xã Eahiu, huyện Krông Pắk, Đắk Lắk, thì không được hưởng niềm vui đó, khi con vừa chào đời vài tháng đã phải mang những căn bệnh ""quái ác"" .

Sau khi nằm ở bệnh viện Tây Nguyên( vì không tìm ra được bệnh của bé) vài ngày, bé đã được đưa xuống bệnh viện Nhi Đồng II, TP HCM.  Bé đã được các bác sĩ bệnh viện đưa vào phòng cấp cứu  đặc biệt. Ba, mẹ thì không được vào phải ngồi ở ngoài nóng ruột chờ bác sĩ khám chỉ 1 mình bé với bác sĩ trong phòng sau khi được bác sĩ khám  xét nghiệm máu . Sau khi, lấy tủy trong vòng 1 ngày thì đến 4h00 chiều hôm qua, bé đã được đưa ra phòng cấp cứu ba mẹ có thể vào cùng bé. Sau khi khám tất cả mẫu xét nghiệm thì kết quả của bé Lê Anh Phát được bác sĩ chuẩn đoán như sau: Viêm Phổi Nặng - Hẹp Môn Vị- Máu thiếu chất Natri- Nhiễm Trùng máu.

Bây giờ bé đang vô thuốc và điều trị Nhiễm trùng máu và máu thiếu chất Natri. Và thứ 2 này, bé sẽ được làm xét nghiệm tủy, khả năng cao là sẽ làm cả ba, và mẹ để tìm ra căn bệnh của bé. Vì bảo hiểm không chi trả, nên khám ngoài, và làm một số xét nghiệm khác, được biết chi phí rất cao. Nhưng gia đình khó khăn, và dù đã được một nhóm thiện nguyện ở trên Tây Nguyên giúp đỡ nhưng kinh phí vẫn còn hạn chế. Và hôm nay, em có vô thăm gia đình bé, được biết thêm chi phí sinh hoạt ở đây rất cao, nên cũng không dám ăn uống gì, vì chỉ có ít tiền để dành điều trị cho bé.

Ngừoi Việt Nam ta, có tinh thần ""lá lành, đùm lá rách"" cùng nhau giúp đỡ những ngừơi khó khăn vượt qua, để cuộc sống tốt đẹp hơn. Hôm nay, em viết bài kêu gọi này rất mong nhận được sự giúp đỡ từ tất cả anh, chị. Dù ít, dù nhiều nhưng đó là tất cả tấm lòng của mọi ngừoi dành cho gia đình. Mọi đóng góp xin gửi về:
19027497827015 ngân hàng techcombank chi nhánh đồng nai - Đinh Văn Minh
Sđt momo: 0349273416
Sdt của mẹ bé: 0889211905
Khi chuyển tiền, vui lòng ghi rõ '' Ủng hộ bé Lê Anh Phát''. Em sẽ cập nhật danh sách trên Facebook của em ạ.",1589021350.0,2,1,,0
650,6192915035044251648,"Nghị quyết kêu gọi đánh giá ""công bằng, khách quan và toàn diện"" về biện pháp ứng phó quốc tế đối với khủng hoảng, bao gồm cả cuộc điều tra về các hành động của WHO liên quan đến đại dịch COVID-19.

",1589943936.0,5,0,,0
651,8047486249277774848,"THÔNG TIN CA BỆNH 100 – 106

Theo kết quả xét nghiệm nhận được lúc 20h ngày 22/3/2020 từ Viện Pasteur TP Hồ Chí Minh, đã xác định được thêm 7 bệnh nhân mắc COVID-19 tại TPHCM và khu vực Đồng bằng Sông Cửu Long

CA BỆNH 100: Bệnh nhân nam, 55 tuổi, quốc tịch Việt Nam, địa chỉ ở Quận 8, TP. Hồ Chí Minh. Tiền sử bệnh đái tháo đường và viêm khớp.

Ngày 03/3/2020, bệnh nhân từ Kuala Lumpur - Malaysia về Việt Nam trên chuyến bay của hãng hàng không AsiaAir số hiệu AK524. Bệnh nhân được hướng dẫn tự cách ly tại nhà. Tuy nhiên trong thời gian từ ngày 04/3/2020 đến ngày 17/3/2020, bệnh nhân có đi lễ 5 lần/ngày tại Thánh đường Hồi giáo Jamiul Anwar - số 157B/9 Dương Bá Trạc, Phường 1, Quận 8, TP. Hồ Chí Minh.

Ngày 18/3/2020, mặc dù bệnh nhân chưa có dấu hiệu bệnh, nhưng được Trung tâm Y tế Quận 8 lấy mẫu giám sát theo nhóm đối tượng dự lễ hội từ Malaysia.  Viện Pasteur TPHCM kết luận mẫu bệnh phẩm dương tính với vi rút SARS-CoV-2 vào ngày 22/3/2020.

Hiện bệnh nhân được cách ly tại Bệnh viện Bệnh Nhiệt đới TP. Hồ Chí Minh.

Tại khu cách ly Đồng Tháp: phát hiện được 04 trường hợp dương tính với SARS-COV-2  đều là hành khách trên chuyến bay của Hãng Hàng không Vietnam Airlines số hiệu VN0050 từ Anh về  sân bay Cần Thơ sáng ngày 18/3/2020.  Khi nhập cảnh, các trường hợp đều chưa có triệu chứng bệnh và được đưa về khu cách ly tập trung của Đồng Tháp. 04 trường hợp dương tính bao gồm:

CA BỆNH 101: Bệnh nhân nữ, quốc tịch Việt Nam, 26 tuổi, địa chỉ ở Tp.Vũng Tàu, Bà Rịa-Vũng Tàu. Số ghế trên chuyến bay là 26F.

CA BỆNH 102: Bệnh nhân nữ, quốc tịch Việt Nam, 9 tuổi, địa chỉ ở Quận Hoàn Kiếm, Hà Nội. Số ghế trên chuyến bay là 20D.

CA BỆNH 103: Bệnh nhân nam, quốc tịch Việt Nam, 22 tuổi, địa chỉ ở Quận Phú Nhuận, TPHCM. Số ghế trên chuyến bay là 12F.

CA BỆNH 104: Bệnh nhân nữ, quốc tịch Việt Nam, 33 tuổi, địa chỉ ở Quận 12, TP. Hồ Chí Minh. Số ghế trên chuyến bay là 27D.

Tại khu cách ly Trà Vinh: phát hiện 02 trường hợp dương tính với SARS-COV-2,  đều là hành khách trên chuyến bay của hãng hàng không AirAsia số hiệu AK575 từ Malaysia về tới sân bay Cần Thơ sáng ngày 18/3/2020.  Khi nhập cảnh, các trường hợp đều chưa có triệu chứng bệnh, được đưa về khu cách ly tập trung của Trà Vinh. 02 trường hợp dương tính bao gồm:

CA BỆNH 105: Bệnh nhân nữ, quốc tịch Việt Nam, 35 tuổi, địa chỉ ở huyện Chợ Mới, An Giang. Số ghế trên chuyến bay là 6E.

CA BỆNH 106: Bệnh nhân nữ, quốc tịch Việt Nam, 20 tuổi, địa chỉ ở huyện Châu Phú, An Giang. Số ghế trên chuyến bay là 6C.
Nguồn : Thời sự VTV",1584886082.0,7,0,1,0
652,-3487078356290515968,"“Mối quan hệ song phương Trung Quốc - Mỹ phục vụ cho lợi ích của người dân hai nước. Mỹ cần phải hợp tác với Trung Quốc để đạt mối quan hệ song phương ổn định"", người phát ngôn Bộ Ngoại giao Trung Quốc Triệu Lập Kiên trả lời báo giới.
",1589539590.0,16,6,2,0
653,1049371931483827968,"Lượng hàng lậu lớn lọt được qua cửa sân bay...

[https://enternews.vn/pho-thu-tuong-yeu-cau-kiem-tra-lam-ro-nguon-goc-lo-hang-lau-tai-san-bay-quoc-te-noi-bai-175174.html](https://enternews.vn/pho-thu-tuong-yeu-cau-kiem-tra-lam-ro-nguon-goc-lo-hang-lau-tai-san-bay-quoc-te-noi-bai-175174.html)",1592016617.0,2,0,,0
654,1656224916297520128,"XỬ LÝ CƠ SỞ KINH DOANH LỢI DỤNG DỊCH BỆNH BÁN KHẨU TRANG Y TẾ GIÁ CAO Chiều ngày 09/3/2020, nhận được tin báo của quần chúng nhân dân, Công an TP Vinh đã tiến hành kiểm tra, bắt quả tang 01 cơ sở kinh doanh trên đường Đặng Thái Thân về hành vi bán khẩu trang y tế với giá cao so với thị trường.  Tại thời điểm kiểm tra, tổ công tác của Công an TP Vinh phát hiện chủ cơ sở kinh doanh đang bán 01 hộp khẩu trang (50 chiếc) cho khách với giá 380.000 đồng. Tiến hành làm việc, đại diệ...n chủ cơ sở kinh doanh không xuất trình được giấy tờ chứng minh nguồn gốc số khẩu trang được bày  bán. Tổ công tác đã tiến hành tạm giữ 60 hộp khẩu trang (mỗi hộp 50 chiếc), mời đại diện chủ cơ sở lên trụ sở làm việc theo quy định.   Hiện Công an TP Vinh đang hoàn tất thủ tục để xử lý theo quy định của pháp luật. Trước diễn biến phức tạp của dịch bệnh covid 19, quần chúng nhân dân có tâm lý hoang mang trước nhiều nguồn thông tin, vì vậy chúng ta cần tiếp thu thông tin từ các nguồn chính thống. Đặc biệt đối với các trường hợp lợi dụng tình hình dịch bệnh để tăng giá bán các mặt hàng nhu yếu phẩm như khẩu trang, nước rửa tay,... Tất cả mọi người người dân cần lên án những hành vi trên. Nếu phát hiện các cơ sở bán khẩu trang y tế, nước rửa tay sát khuẩn cũng như các mặt hàng nhu yếu phẩm khác có giá cao hơn so với thị trường, hãy báo ngay về cho chính quyền địa phương hoặc báo cho Công an TP Vinh qua fanpage hoặc số điện thoại 02383844533! Xem thêm",1583764123.0,1100,1000,2100,0
655,-9124917804542192640,"TIN VUI💓💓💓

Thêm 27 người mắc Covid-19 ở Việt Nam khỏi bệnh nâng tổng số người khỏi bệnh lên 122 người

Thông tin từ Bệnh viện Bệnh Nhiệt đới Trung ương (Hà Nội), sáng 7/4, bệnh viện đã công nhận khỏi bệnh cho 11 bệnh nhân mắc Covid-19 đang điều trị tại đây.

BN21, N.Q.T., nam, 61 tuổi ở Ba Đình, Hà Nội, vào viện ngày 7/3. Xét nghiệm vào các ngày 25/3, 1/4 và 3/4 cho kết quả âm tính. Hiện tại, bệnh nhân tỉnh, không ho, không tức ngực, khó thở, tim đều, diễn biến ổn định.

BN72, A.L.W., nữ, 25 tuổi, quốc tịch Pháp, vào viện ngày 14/3. Xét nghiệm ngày 30/3 có kết quả dương tính yếu, ngày 2/4 và 3/4 có kết quả âm tính. Hiện bệnh nhân tỉnh, không ho, không sốt, không khó thở, diễn biến ổn định.

BN84, Q.H.V., nam, 21 tuổi ở Phương Mai, Đống Đa, Hà Nội, vào viện ngày 19/3. Xét nghiệm ngày 3/4 và 5/4 cho kết quả âm tính. Hiện tại, bệnh nhân không sốt, diễn biến sức khỏe ổn định.

BN111, P.T.T.H., nữ, 25 tuổi ở Hải Hậu, Nam Định, vào viện ngày 22/3. Xét nghiệm ngày 27/3 cho dương tính yếu, ngày 30/3 và 3/4 cho kết quả âm tính. Hiện tại, bệnh nhân không sốt, không ho, không khó thở, các chỉ số sinh tồn ổn định.

BN116, N.X.T., nam, 29 tuổi, ở Hoài Đức, Hà Nội, vào viện ngày 21/3. Xét nghiệm ngày 27/3 dương tính, ngày 30/3 và ngày 2/4 cho kết quả âm tính. Hiện tại, bệnh nhân tỉnh táo, không sốt, diễn biến ổn định.

BN136, T.A.T., nữ, 23 tuổi, quốc tịch Việt Nam, vào viện ngày 24/3. Xét nghiệm ngày 28/3 dương tính, ngày 31/3 và ngày 3/4 cho kết quả âm tính. Hiện tại, bệnh nhân không sốt, không ho, không khó thở, các chỉ số sinh tồn ổn định.

BN137, Đ.V.B., nam, 36 tuổi, ở Yên Thành, Nghệ An, vào viện ngày 23/3. Xét nghiệm âm tính các ngày 3,4,5/4. Hiện tại, bệnh nhân tiếp xúc được, dấu hiệu sinh tồn ổn định.

BN192, N.T.H., nữ, 23 tuổi, ở Lý Nhân, Hà Nam, vào viện ngày 29/3. Xét nghiệm âm tính vào ngày 29/3 có kết quả dương tính yếu, ngày 1/4 và 4/4 cho kết quả âm tính. Hiện tại, bệnh nhân tỉnh, không khó thở, các chỉ số sinh tồn ổn định.

BN197, V.K.L., nam, 41 tuổi, ở Thanh Oai, Hà Nội, vào viện ngày 30/3. Xét nghiệm ngày 30/3, ngày 2/4 và 5/4 có kết quả âm tính. Hiện tại, bệnh nhân tiếp xúc tốt, dấu hiệu sinh tồn ổn định.

BN200, N.T.B., nữ, 61 tuổi ở Đại Từ, Thái Nguyên, vào viện ngày 29/3. Xét nghiệm vào các ngày 29/3, 1/4 và 4/4 cho kết quả âm tính. Hiện tại, bệnh nhân tỉnh, tiếp xúc tốt, diễn biến ổn định.

BN222, T.T.M.T., nữ, 28 tuổi, ở Long Biên, Hà Nội, vào viện ngày 23/3. Xét nghiệm vào các ngày 23/3, 26/3 và 29/3 cho kết quả âm tính. Hiện tại, bệnh nhân tỉnh, tiếp xúc tốt, diễn biến ổn định.

Tại TP.HCM, Sáng nay, TS.BS Lê Mạnh Hùng, Phó giám đốc Bệnh viện Điều trị Covid-19 Cần Giờ (huyện Cần Giờ, TP.HCM) cho biết 4 bệnh nhân mắc Covid-19 là BN98, BN142, BN159 và BN160 đang điều trị tại bệnh viện này cũng được công bố khỏi bệnh.

TS Hùng cho biết các trường hợp này điều âm tính nhiều lần với SARS-CoV-2. Sau khi công bố khỏi bệnh, họ tiếp tục được theo dõi sức khỏe và cách ly tại nhà thêm 14 ngày dưới sự giám sát của y tế địa phương.

Bác sĩ Nguyễn Thành Dũng, Giám đốc Bệnh viện Dã Chiến Củ Chi (huyện Củ Chi, TP.HCM) cũng thông tin 5 bệnh nhân mắc Covid-19 khỏi bệnh.

Tại Bệnh viện Trung ương Huế có 2 bệnh nhân sẽ được công bố khỏi bệnh là: BN30 và 31.

Tại Bệnh viện Sa Đéc có 4 bệnh nhân sẽ được công bố khỏi bệnh là: BN101, 102, 103 và 104.

Tại Trung tâm y tế huyện Bình Đại- Bến Tre ngày 6/4 đã có 1 bệnh nhân được công bố khỏi bệnh là: BN123.

Như vậy, đến chiều nay, Việt Nam ghi nhận 27 trường hợp mắc Covid-19 khỏi bệnh, nâng tổng số ca khỏi bệnh lên 122 trường hợp.
#conganthachxuan
#thachhaonline
#hatinhit
#beatthachha
#chamsocsausinhphuongmy
#caytrongvatnuoihatinh
#baithuocchuabenh",1586260266.0,3,0,,0
656,-5302696336647014400,"2 bị cáo vụ xe Innova đi lùi trên cao tốc hầu tòa phúc thẩm

Sáng 4/6, TAND tỉnh Thái Nguyên mở lại phiên xét xử phúc thẩm đối với 2 bị cáo vụ xe Innova chạy lùi trên cao tốc Hà Nội - Thái Nguyên khiến 5 người tử vong hồi cuối năm 2016.
Khoảng 7h, TAND tỉnh Thái Nguyên triển khai lực lượng bảo vệ, kiểm soát tại cổng. Rất đông công an được điều động tới.
Theo ghi nhận của Zing, luật sư bào chữa cho các bị cáo cũng có mặt từ sớm ở khuôn viên toà án.
Ngoài 2 bị cáo và những người liên quan, tất cả được bố trí ngồi ở phòng riêng, xem qua màn hình tivi.
Hôm 13/5, phiên tòa phúc thẩm phải bị hoãn do sự vắng mặt không lý do của nhiều người liên quan.
Các bị cáo trong vụ án này là Ngô Văn Sơn (42 tuổi, quê Bắc Ninh) và Lê Ngọc Hoàng (35 tuổi, ở Thái Bình). Cả hai bị truy tố về tội Vi phạm quy định về điều khiển phương tiện giao thông đường bộ.
Tại tòa sơ thẩm ngày 14/2, TAND thị xã Phổ Yên (Thái Nguyên) tuyên phạt bị cáo Lê Ngọc Hoàng 4 năm 6 tháng tù và Ngô Văn Sơn 9 năm tù, về tội Vi phạm quy định về điều khiển phương tiện giao thông đường bộ.
Về phần dân sự, tòa buộc 2 tài xế bồi thường cho gia đình các bị hại tổng số tiền hơn 1,5 tỷ đồng.
Trước đó, ngày 19/11/2016, Ngô Văn Sơn lái chiếc Toyota Innova khi trong người có nồng độ cồn, chở quá số người cho phép trên cao tốc Hà Nội - Thái Nguyên.
Đến nút giao Yên Bình ở thị xã Phổ Yên, Sơn chạy quá lối ra nên bị cáo dừng xe bên lề cao tốc rồi bật đèn cảnh báo nguy hiểm và cho xe đi lùi. Cùng lúc, Lê Ngọc Hoàng lái xe container chở thép đi phía sau đã đâm vào đuôi chiếc Toyota Innova khiến 5 người trên ôtô của tài xế Sơn tử vong.",1591236031.0,2,0,,0
657,3702143726228634112,"Theo Điều 124, Bộ luật hình sự có quy định về tội “Giết hoặc vứt bỏ con mới đẻ”

Pháp luật quy định, người mẹ nào do ảnh hưởng nặng nề của tư tưởng lạc hậu hoặc trong hoàn cảnh khách quan đặc biệt mà vứt bỏ con do mình đẻ ra trong 07 ngày tuổi dẫn đến hậu quả đứa trẻ chết, thì bị phạt cải tạo không giam giữ đến 02 năm hoặc bị phạt tù từ 03 tháng đến 02 năm.
Hành vi vứt bỏ con mới đẻ thể hiện sau khi đẻ ra người mẹ đã bỏ con mình ở một nơi nào đó như ngoài chợ, cổng bệnh viện, trường học, nhà chùa, đường đi,…
Lần theo trách nhiệm và hành vi của đối tượng T., đây là trường hợp người mẹ có thái độ tuy không mong muốn đứa trẻ chết nhưng lại để mặc cho hậu quả xảy ra.
Tuy nhiên, nếu hậu quả xảy ra là đứa trẻ chết, đây sẽ là dấu hiệu bắt buộc của cấu thành tội phạm.
Theo đó, để truy cứu trách nhiệm hình sự về tội này cần xác định mối quan hệ nhân quả giữa hành vi của người mẹ và hậu quả đứa trẻ chết.

[https://lsvn.vn/be-so-sinh-bi-bo-roi-o-ho-gas-da-tu-vong-vi-soc-nhiem-khuan-huyet.html](https://lsvn.vn/be-so-sinh-bi-bo-roi-o-ho-gas-da-tu-vong-vi-soc-nhiem-khuan-huyet.html)",1593425393.0,3,0,,0
658,7232123072953674752,"ĐÃ QUÁ SỨC TƯỞNG TƯỢNG CỦA LOÀI NGƯỜI - HÔM NAY ( 07h00 20.03.2020)TẠI Ý: 41.035 ca nhiễm. 3405 ca tử vong!!!... Toàn bộ nước Ý đóng cửa. ------ Một lá thư từ nước Ý Bình an cho mọi người, Chúng tôi sống ở Ý - Milan, Tôi sẽ chia sẻ với bạn và giải thích cho bạn, “Cuộc sống ở Milan ra sao” trong những ngày khó khăn này và tôi nghĩ bạn nên học hỏi từ những sai lầm và hậu quả của chúng tôi khi sống ở đây. Chúng tôi hiện đang bị cách ly. Chúng tôi không xuống đường, cảnh sát liên tục di chuyển và bắt giữ bất cứ ai bên ngoài nhà họ. Mọi thứ kết thúc rồi! ... kinh doanh, trung tâm thương mại, cửa hàng, tất cả các đường phố mà không lưu chuyển. Cảm giác về ngày tận cùng của thế giới!! Nước Ý, đất nước của cuộc sống sống động, được chuyển đổi từ khoảnh khắc này sang khoảnh khắc khác như thể nó đã là đất nước của một chiến tranh đen tối. Thực tế chưa bao giờ nghĩ rằng tôi sẽ sống! Mọi người bối rối, buồn bã, lo lắng và bất lực, và thường không hiểu thực tế này trút lên đầu họ và khi nào cơn ác mộng này sẽ kết thúc. Sai lầm lớn là khi bắt đầu những cảnh báo về bệnh dịch, mọi người vẫn tiếp tục sống một cuộc sống như thường lệ và đi đến nơi làm việc, giải trí và cảm thấy như một kỳ nghỉ, vì vậy, những việc tụ tập với bạn bè và tiệc tùng cứ đều đều. Mọi người đã sai và bạn cũng thế! Tôi xin bạn, hãy cẩn thận, đây không phải là một trò đùa hay một là một câu chuyện phiếm. Hãy bảo vệ những người thân yêu, cha mẹ và ông bà của bạn! Bệnh dịch này thật là nguy hiểm cho họ. Khoảng 200 người chết ở đây mỗi ngày, không phải vì thuốc men ở Milan không tốt (nó là một trong những nơi tốt nhất trên thế giới), mà là vì không có nhiều nơi dành cho tất cả mọi người! Bác sĩ chọn ai sẽ chết mà thôi! Điều này chỉ là do sự ngu muội của người dân ngay từ lúc đầu, đã quyết định tiếp tục cuộc sống của họ như bình thường, bất chấp tình hình mới! Xin vui lòng, hãy học hỏi từ những sai lầm, chúng tôi là một quốc gia nhỏ bé mà lại có kết cục với một bi kịch quá lớn. Bây giờ hãy nghe tôi,,, Đừng đi ra ngoài nơi đông người. Cố gắng không ăn uống ở những nơi công cộng. Ở lại lâu dài hơn trong nhà suốt thời gian này! Hãy lắng nghe những hướng dẫn của Bộ Y tế (đừng đùa với nó!). Nói chuyện với người khác có khoảng cách, không đến gần, không âu yếm hay ôm ấp. Nhận một điều trị bổ sung và phòng ngừa và học hỏi từ những sai lầm của người khác. Chúng tôi khuyên bạn nên dùng vitamin C để tăng cường hệ thống miễn dịch. Hãy giúp các chuyên gia ngăn chặn sự lây lan của dịch ... Ở Ý, toàn bộ đất nước bị cô lập, nghĩa là 60 triệu người bị cách ly!! Điều này sẽ được ngăn chặn nếu mọi người đã nghe hướng dẫn từ lúc ban đầu. Chăm sóc bản thân và cuộc sống của người bạn thương yêu. Hãy chia sẻ thông điệp này cho mọi người. ĐẠI DỊCH CORONA QUẢ THẬT LÀ ĐÁNG SỢ. ĐỪNG ĐÙA GIỠN VỚI NÓ! Xem thêm",1584687776.0,1200,522,4500,0
659,896764849329199104,"Thủ tướng Nguyễn Xuân Phúc vừa ký Quyết định số 705 phê duyệt quy hoạch chung đô thị Hòa Lạc đến năm 2030, tỷ lệ 1/10000. Đô thị Hòa Lạc trong tương lai được định hướng là đô thị khoa học công nghệ, nơi tập trung trí tuệ và công nghệ tiên tiến",1590742952.0,6,0,,0
660,1640000666715729920,"Thiếu thốn là nhất thời, ngạo nghễ là mãi mãi...

""Dù được coi là ""mỏ dầu của thế giới"" với trữ lượng dầu thô khổng lồ nhưng Venezuela lại đang rơi vào tình trạng khủng hoảng nhiên liệu trầm trọng...""",1590376058.0,37,7,2,0
661,5601504402364599296,"chờ xem Mỹ làm một thứ hay ho

[https://vnexpress.net/trump-my-se-hanh-dong-voi-trung-quoc-trong-tuan-nay-4105709.html](https://vnexpress.net/trump-my-se-hanh-dong-voi-trung-quoc-trong-tuan-nay-4105709.html)",1590548985.0,49,5,10,0
662,1990186542003379968,"Đừng triệt hạ cây Phượng. Lỗi là tại con người: Cây Phượng đổ, rất đau lòng học sinh không may gặp nạn. Người ta bắt đầu thi nhau chặt cây Phượng.

Đã vậy, thêm mấy ông giáo sư tiến sĩ, cả đời không thấy đâu, không thấy nói gì. Đùng một cái tự dưng xuất hiện trên truyền thông, nói hoa phượng là thế này thế nọ, chặt đi.

Và một viễn cảnh: sân trường trống trơn. Những cây phượng nằm lăn lóc. Người ta chặt Phượng như mọi tội lỗi là dồn hết cho chúng còn mình thì vô can.

Có ai tự hỏi trách nhiệm của mình trước vụ tai nạn đổ cây Phượng trong sân trường ngoài thầy hiệu trưởng nhận lỗi về mình. Xin thưa, lỗi thì nhiều lắm. Nếu không thẳng thắn nhìn vào mà chỉ nhằm nhè vào cỏ cây vô tội, con người còn vô lý và ác hơn những gì họ tưởng.

🛑Thứ nhất, chúng ta phải xem lại, nếu không phải là Phượng, mà trồng vào đó những bàng, sưa, trắc gụ hay Cẩm Lai thì có xảy ra tình trạng tương tự không, chắc chắn là có. Bất cứ cây nào cũng đều có những tuổi đời nhất định và mục ruỗng đi theo quy luật của tạo hoá.

Vậy thì dù là Phượng hay bất cứ cây gì, theo thời gian, rễ cũng sẽ bị thoái hoá, cây cũng bị rỗng ruột và việc không chịu được sự quăng quật của mưa bão, đó là lẽ thường tình. Một vấn đề chưa ai chịu đề cập, là cây cối trồng trong khuôn viên bên trên là bê tông hoá, thì việc bị thoái hoá rễ nhanh hơn cũng là điều dễ hiểu.

Thế nên vấn đề ở đây không phải là cây Phượng hay cho dù có bất cứ cây gì đi chăng nữa. Người ta đang không hiểu quy luật của cây cối, cũng như không quá quan tâm đến con người, nên sự việc đau lòng đã xảy ra.

🛑Thứ hai, mọi người nhìn nhận lại, cây Phượng có thực sự ""yếu ớt"", có trở thành hung thủ thực sự hay không, khi mà bao đời nay, hàng Phượng vẫn đứng hiên ngang ở thành phố Hoa phượng đỏ Hải Phòng hay nhiều con phố nên thơ khác? Bên bờ sông Hương, Phượng vẫn đỏ rực tháng Năm, hiên ngang qua mưa bão. Ngay bên bờ hồ Gươm, những cây Phượng xiêu ngã xuống mặt hồ, có thấy chúng bật gốc để đè lên bất cứ thứ gì?

Bao nhiêu thế hệ học trò đi qua, bao cây Phượng vẫn ngồi đếm thời gian như nhân chứng nhìn các thế hệ học trò đi qua, bao nhiêu cây đã ngã xuống và đè vào học trò?

Người ta đã chọn cây Phượng để đổ lỗi, thay vì nhận cái lỗi từ phía mình. Ngoài việc thiếu trách nhiệm, họ còn mang trọng tội tàn sát thiên nhiên, bên cạnh việc xoá đi những hình ảnh đẹp của loài hoa học trò tạo ra muôn trùng lớp lớp ký ức trong trẻo cho lứa tuổi cắp sách nữa.
-----------------------------
🛑Vậy, trách nhiệm sẽ thuộc về ai?

Hình như chúng ta có cơ quan mang tên Cây xanh đô thị; chúng ta có những giáo sư, tiến sĩ nghe nói đâu đó là hàng đầu về mặt sinh học..., nhưng gần như bao nhiêu năm qua, họ lướt qua phố mang theo cái danh xưng của họ, rồi...mặc kệ.

Không biết, họ từng có đề tài nghiên cứu nào về việc Trồng cây xanh ở các khuôn viên bê tông, và giải pháp gì cho mùa mưa bão hay chưa? Hay họ mải miết mang những đề tài cấp thần thánh để phục vụ cái thiên đường danh xưng cho sang của họ?

Các công ty cây xanh hàng năm vẫn cưa cây cắt cành trên phố mùa mưa bão. Vậy những khuôn viên công cộng như sân trường, công sở, thì trách nhiệm tư vấn thuộc về ai, có thuộc về họ không? Hay cây trồng được thì cây đổ được, họ vô can?

Hay là cây của công cộng, có của riêng ai đâu mà nhắc nhở cảnh báo, phải không?

🛑Gần nhất, trong trường, cũng có những thầy cô dạy môn sinh học nữa. Hay là các trường đào tạo ra các thầy cô không dạy cho các thầy cô kỹ càng về cây xanh nhỉ?

Trước khi chưa có những kết luận xác đáng và khoa học, xin hãy dừng ngay việc triệt hạ cây kiểu hồng vệ binh như thế đi. Lỗi không phải ở cây, mà là ở con người!

Bài: Hoàng Nguyên Vũ.",1590873322.0,350,64,70,0
663,-3486512289612838912,"Mấy chú Ba Tàu bán bánh bao và mỳ vằn thắn chơi Bà đầm già quả này vừa mất tiền oan:

https://zingnews.vn/anh-bo-20-trieu-usd-mua-xet-nghiem-tu-tq-nhung-khong-dung-duoc-post1074158.html

 Lại thêm nỗi lo dân mất mạng..

https://vnexpress.net/anh-thua-dau-vi-danh-cuoc-vao-kit-xet-nghiem-trung-quoc-4085956.html",1587183381.0,75,2,7,0
664,7079993910247831552,"< Bản tin Covid cuối ngày > Nhìn đường phố hôm nay vắng hoe vắng hoắt, quán xá, cửa hàng thì đóng cửa im lìm hết cả, chắc ai cũng không khỏi hoang mang. Thông tin thì cập nhật hết ca nhiễm nọ đến ca nhiễm kia, tăng theo từng ngày... ai cũng chỉ một câu cửa miệng: ""Toang thật rồi""... Nhưng yên tâm đi, chưa có gì là toang cả. Hàng ngày ngoài những cập nhật làm người ta lo lắng thì còn rất nhiều những dấu hiệu tích cực về tình hình dịch bệnh như thế này. Anh em hãy cứ lạc quan và tin tưởng vào công tác phòng dịch của nước mình nhé!!! Cứ yên tâm ở nhà, đeo khẩu trang cẩn thận, rửa tay sạch sẽ thì ngày Covid bị đẩy lùi sẽ không còn xa nữa đâu!!! #beatvn #BeatTheCovid #cậpnhật Xem thêm",1585237504.0,68000,844,2100,0
665,3788621513892423168,"Phát hiện ca dương tính Covid-19 đầu tiên tại tỉnh  BDK.VN - 20 giờ 30 phút ngày 22-3-2020, Ban Chỉ đạo phòng chống dịch bệnh Covid-19 tỉnh (BCĐ) tổ chức cuộc họp khẩn cấp về diễn biến phát hiện trường hợp dương tính với Covid-19 trên địa bàn tỉnh. Chủ tịch UBND tỉnh Cao Văn Trọng, Phó chủ tịch Thường trực UBND tỉnh Nguyễn Văn Đức chủ trì cuộc họp.... Trường hợp có kết quả dương tính với tác nhân vi-rút SARS-CoV-2 gây bệnh Covid-19 là bệnh nhân nữ, 17 tuổi có địa chỉ thường trú tại Tổ 15, ấp Thừa Lợi, xã Thừa Đức, Bình Đại. Ngày 17-3-2020, bệnh nhân từ Sarawak, Malaysia nhập cảnh về Việt Nam bằng đường hàng không, hạ cánh xuống sân bay Tân Sân Nhất (TP. Hồ Chí Minh). Số hiệu chuyến bay BI381, hàng ghế 27K. Sau khi xuống sân bay, 3 giờ 30 phút cùng ngày, bệnh nhân di chuyển bằng xe khách Công Tạo mang biển số 51B -142.48 về thẳng nhà.  Từ khi về địa phương, bệnh nhân có tiếp xúc với 2 người là mẹ ruột (cùng địa chỉ) và bạn trai ngụ Ấp 4, xã Thạnh Phước, huyện Bình Đại. Đến thời điểm hiện tại, bệnh nhân không có biểu hiện nào của bệnh, sức khỏe bình thường và được cách ly tại Trung tâm Y tế huyện Bình Đại. 2 trường hợp tiếp xúc sức khỏe ổn định. Trước đó, ngày 18-3-2020, bệnh nhân đã được ngành y tế huyện Bình Đại thực hiện cách ly y tế tại nhà theo quy định. Ngày 20-3-2020, theo thông báo mới của hệ thống y tế quốc gia, tất cả người nước ngoài nhập cảnh tại Việt Nam đều tiến hành xét nghiệm mẫu bệnh phẩm với Covid-19. Ngành y tế đã tiến hành lấy mẫu bệnh phẩm vào ngày 21-3-2020. Ngày 22-3-2020, Viện Pasteur TP. Hồ Chí Minh có thông báo mẫu bệnh phẩm dương tính. Sau khi ghi nhận ca dương tính, ngành y tế tiếp tục điều tra dịch tễ, giám sát những trường hợp có tiếp xúc gần với bệnh nhân. Kêu gọi tất cả các hành khách có liên quan đến chuyến bay, chuyến xe nêu trên nhanh chóng khai báo với ngành y tế và chính quyền địa phương để có sự hướng dẫn, theo dõi y tế và cách ly khi cần thiết nhằm kiểm soát dịch bệnh lây lan trong cộng đồng. Tin, ảnh: P. Hân Nguồn : http://baodongkhoi.vn/phat-hien-ca-duong-tinh-covid-19-dau-… Xem thêm",1584926991.0,4100,3300,6000,0
666,-6581113671343607808,"Bình Dương chưa có trường hợp nào dương tính với Covid-19; Bình Chuẩn đã gỡ bỏ cách ly trong chiều nay. Tối qua cho đến nay, nhiều trang cá nhân chia sẽ 2 văn bản với nội dung về tiếp xúc và cách ly do liên quan đến bệnh nhân dương tính với Covid-19. 1- trường hợp ông Vũ Trọng Dũng, ở Chánh Mỹ, Thủ Dầu Một 2-  trường hợp anh Đ.Đ.H. ở Bình Chuẩn, Thuận An.... Về trường hợp tại phường Chánh Mỹ, TP Thủ Dầu Một được báo cáo như sau: sau khi nắm bắt tình hình, lực lượng chức năng đã cách ly đối với ông Vũ Trọng Dũng (SN 1986, ngụ đường CMT8). Người này từng tiếp xúc với ca nhiễm thứ 34 nhưng thuộc F5. Cụ thể, trường hợp ca mắc Covid-19 thứ 34 có tiếp xúc gần với 2 người là Trần Vũ Minh Hiền và Đỗ Tuấn Anh. Về trường hợp tại phường Chánh Mỹ, TP Thủ Dầu Một được báo cáo như sau: sau khi nắm bắt tình hình, lực lượng chức năng đã cách ly đối với ông Vũ Trọng Dũng (SN 1986, ngụ đường CMT8). Người này từng tiếp xúc với ca nhiễm thứ 34 nhưng thuộc F5. Cụ thể, trường hợp ca mắc Covid-19 thứ 34 có tiếp xúc gần với 2 người là Trần Vũ Minh Hiền và Đỗ Tuấn Anh. Ông Huỳnh Thanh Hà, Phó Giám đốc Sở Y tế tỉnh Bình Dương cho biết, việc cách ly là để xác minh quá trình tiếp xúc của người dân khu trọ với H. và có những giải pháp phòng, chống lây lan Covid-19 khi cần thiết. Riêng trường hợp của H. không nằm trong tiêu chí lấy mẫu xét nghiệm nên đang xin ý kiến của Viện Pasteur TP.HCM. Hiện H. sức khỏe bình thường, không ho, sốt./. Trường hợp người đi cùng chuyến bay với bệnh nhân thứ 54 là Đ.Đ.H. ( năm 1992, quê Lâm Đồng). Ngày 8/3, H. bay từ Tây Ban Nha đến TP.HCM rồi về thẳng nhà trọ tại khu phố Bình Quới B, phường Bình Chuẩn, thành phố Thuận An. Nhận được tin báo, tối ngày 15/3, các ngành chức năng của thành phố Thuận An tìm được H. và đưa đi cách ly tập trung tại Trung tâm Y tế thành phố Thuận An. Song song đó, khu trọ nơi H. ở gồm 60 phòng, với khoảng 180 người dân cư trú đã được phong tỏa, cách ly. Sáng nay, Trung tâm Y tế thành phố Thuận An đã cử cán bộ phun xịt hóa chất quanh khu trọ. UBND phường Bình Chuẩn cũng đã hỗ trợ khẩu trang, nước uống, thực phẩm cho người trong khu trọ. Xem thêm",1584363203.0,6000,1300,4300,0
667,5793496426347473920,"Vụ việc Đường Dương đặt ra một số vấn đề tại một số địa phương có tình trạng tội phạm núp bóng doanh nghiệp để hoạt động phi pháp

",1586918331.0,28,14,3,0
668,7889586169644129280,[H](https://www.tienphong.vn/phap-luat/bat-ngo-nhan-than-nguoi-me-bop-co-dap-danh-con-5-tuoi-da-man-gay-phan-no-du-luan-1665033.tpo)aiz mấy đời bánh khúc có xương...,1590719735.0,1,1,,0
669,6861366631905227776,"Công ty TNHH Khoáng sản và Luyện kim Việt – Trung (VTM) đã “âm thầm” bán 7 triệu tấn quặng thép trong phiên đấu giá chớp nhoáng, với giá rẻ bất ngờ. Hai DN trúng đấu giá đều có liên quan đến 1 cá nhân lãnh đạo...  Sự việc này đặt ra nghi vấn có hay không hành vi móc ngoặc thông đồng để mua bán rẻ tài sản Nhà nước, trục lợi cá nhân khi VTM vừa thay lãnh đạo?

",1589794485.0,16,9,1,0
670,-6924069813718051840,"Ôtô lao xuống suối, nữ tài xế tử vong trong xe.

Xe ô tô 4 chỗ mang BKS 29A-328.32, do một người phụ nữ điều khiển chạy trên QL.279, hướng đi thị trấn Văn Quan, Lạng Sơn. Khi qua địa bàn Bản Cóng, xã Xuân Mai, Văn Quan, Lạng Sơn, thì bị mất lái, lao xuống suối nước sâu bên đường, nữ tài xế không thoát ra được 😥😥
Chia buồn cùng gia đình nạn nhân !!",1584346706.0,45,17,2,0
671,896764849329199104,"Từ bãi đỗ xe được hô biến thành chung cư 17 tầng, Hà Nội kêu khó trong việc xử lý sai phạm vì cư dân đã vào ở ổn định.",1589701373.0,10,0,,0
672,-2856141489536363008,"Chiều 26-5, Bộ Tài chính đã có liên tiếp hai công văn chỉ đạo tổng cục trưởng Tổng cục Thuế và tổng cục trưởng Tổng cục Hải quan về công tác cán bộ liên quan đến nghi vấn trong việc hối lộ của Công ty Tenma Việt Nam....

[https://lsvn.vn/muc-xu-phat-doi-voi-mot-so-toi-lien-quan-den-toi-dua-nhan-va-moi-gioi-hoi-lo-theo-quy-dinh-cua-phap-luat-hien-hanh.html](https://lsvn.vn/muc-xu-phat-doi-voi-mot-so-toi-lien-quan-den-toi-dua-nhan-va-moi-gioi-hoi-lo-theo-quy-dinh-cua-phap-luat-hien-hanh.html)",1590497280.0,9,0,1,0
673,-5211958513124700160,https://motthegioi.vn/tin-tuc-su-kien-c-179/phi-cong-nguoi-anh-hoi-phuc-ky-dieu-da-cam-but-viet-chu-ra-ngoai-phoi-nang-139425.html,1591921753.0,8,0,,0
674,896764849329199104,Quảng Ninh công nhận liên danh Vingroup và Vinhomes đủ năng lực làm siêu dự án Hạ Long Xanh 10 tỷ USD,1591264800.0,13,1,2,0
675,1543548005049796096,"# **XIN ĐƯỢC BÀY TỎ LÒNG BIẾT ƠN VÀ NGƯỠNG MỘ NHỪNG HÌNH ẢNH VÀ VIỆC LÀM TỐT ĐẸP THIẾT THỰC Ý NGHĨA CỦA NHỮNG CÁN BỘ CHIẾN SĨ CÔNG AN NHÂN DÂN.**
# **Chiến sĩ Công an kịp thời hiến máu cứu thiếu phụ**
# Sáng 20/5/2020, nhận được tin một bệnh nhân có hoàn cảnh đặc biệt khó khăn sau khi phẫu thuật bị thiếu máu nguy cấp, Thượng sĩ Lường Văn Học cán bộ Công an Thị trấn Tân Uyên (Lai Châu) đã tình nguyện hiến máu cứu bệnh nhân.
# Từ thông tin của Trung tâm y tế Huyện Tân Uyên về việc chị Lường Thị Hoan (trú tại bản Phiêng Khon, xã Mường Khoa) bị gãy xương đùi, đang được điều trị tại Trung tâm y tế, tuy nhiên bệnh nhân có tiền sử thiếu máu nên sau khi phẫu thuật số lượng tiểu cầu giảm xuống thấp, nguy hiểm đến tính mạng, đang cần gấp nhóm máu B.
# Ngay lập tức, Ban Chấp hành Đoàn thanh niên Công an huyện Tân Uyên đã thông báo rộng rãi đến các đoàn viên là cán bộ, chiến sĩ có nhóm máu B cùng tham gia hiến máu cứu người. Thượng sĩ Lường Văn Học đã tình nguyện hiến máu cứu người. Dưới sự giúp đỡ của các Bác sĩ Trung tâm y tế huyện Tân Uyên, đồng chí Lường Văn Học đã hiến 250 ml máu, kịp thời cứu bệnh nhân. Hiện, chị Hoan đã qua cơn nguy kịch.
# Nghĩa cử kịp thời hiến máu cứu người của CBCS Công an huyện Tân Uyên, đặc biệt là cá nhân Thượng sĩ Lò Văn Học đã được các y, bác sĩ Trung tâm y tế huyện Tân Uyên và gia đình bệnh nhân cảm kích.

Tiến Mạnh.

",1590061162.0,3,0,,0
676,2746584969781590016,"TIN VUI THÔNG BÁO ĐẾN MỌI NGƯỜI MONG MỌI NGƯỜI CHIA SẺ ĐỂ  BÁO TIN MỪNG VIỆT NAM: ĐÃ HOÀN THIỆN PHÁC ĐỒ ĐIỀU TRỊ COVID-19... ✔️ Ngày 25/3, Ban Chỉ đạo phòng chống dịch viêm đường hô hấp cấp do chủng mới của virus Corona (SARS-CoV-2) gây ra đã họp trực tuyến triển khai các biện pháp phòng chống dịch. Phó Thủ tướng Vũ Đức Đam, Trưởng Ban Chỉ đạo chủ trì cuộc họp. ✔️ Bộ Y tế cho biết đã hoàn thiện phác đồ điều trị bệnh nhân mắc COVID-19, dự kiến sẽ ban hành trong ngày 26/3 tới, sau đó sẽ tập huấn phổ biến cho các tuyến. ✔️ Tin vui trong ngày, 26 bệnh nhân nhiễm Covid-19 đã cho kết quả âm tính lần 1, 7 bệnh nhân xét nghiệm âm tính lần 2. Xin chúc mừng ngành Y tế Việt Nam,  Cùng chia sẻ tin vui này các bạn nhé🌹🌹🌹🌹🌹🌹🌹🌹🌹🌹🌹🌹 Xem thêm — đang cảm thấy tuyệt vời.",1585200545.0,8600,1800,5700,0
677,-4024059823917466112,"💞🇻🇳 Người Việt sắp được mua ôtô rẻ hơn nhờ giảm 50% lệ phí trước bạ?
🔖 Bộ Kế hoạch và Đầu tư đã thực hiện chỉ đạo của Thủ tướng, xây dựng Dự thảo Nghị quyết của Chính phủ về các nhiệm vụ, giải pháp tháo gỡ khó khăn cho sản xuất kinh doanh, thúc đẩy giải ngân vốn đầu tư công trong bối cảnh đại dịch COVID-19.
🔖 Trong Dự thảo có nêu rõ hai nhiệm vụ và giải pháp là:
🔖 “Giảm 50% lệ phí trước bạ khi đăng ký ôtô sản xuất hoặc lắp ráp trong nước tới hết năm 2020 nhằm kích thích tiêu dùng trong nước” và
🔖 Xây dựng “các chính sách ưu đãi về thuế tiêu thụ đặc biệt đối với ngành ôtô nội“.
",1587723869.0,15,24,1,0
678,881920195344323584,"Luật sư Dương Vĩnh Tuyến (Đoàn luật sư tỉnh Bình Phước, người bào chữa cho bị cáo Lương Hữu Phước) cho rằng có nhiều điểm trong vụ án mà các cơ quan tố tụng vẫn chưa làm rõ",1590934850.0,174,71,38,0
679,6917438243176645632,"Mọi người hãy chia sẻ để cùng nhau phòng chống covid 19.  CHỈ ĐẠO CỦA THỦ TƯỚNG CHÍNH PHỦ.  Từ ngày 28-3, mọi người cần thực hiện nghiêm các nội dung sau:... ⛔️ Ít nhất trong 2 tuần tới, người đứng đầu chính quyền các cấp tạm dừng tất cả các hoạt động hội họp, các sự kiện tập trung trên 20 người. Dừng triệt để các nghi lễ tôn giáo, sẽ xử lý nghiêm chính quyền địa phương nếu để xảy ra việc tập trung trên 20 người.  ⛔️ Đóng cửa các dịch vụ không cần thiết như massage, vũ trường, các cơ sở du lịch, tham quan, các tụ điểm vui chơi, giải trí, các rạp chiếu phim, quán bia hơi, nhà hàng ăn uống…  ⛔️ Đối với Hà Nội và Thành phố Hồ Chí Minh, kể cả Hài Phòng, Cần Thơ, Đà Nẵng, cần thực hiện đóng cửa toàn bộ các cơ sở dịch vụ trừ dịch vụ cung cấp thực phẩm, dược phẩm, các cơ sở khám chữa bệnh. ⛔️ Tạm dừng hoặc tổ chức lại rất ít chuyến giao thông công cộng. Người dân được yêu cầu ở lại nhà trừ trường hợp thực sự cần thiết mới ra ngoài. ⛔️ Đối với người dân từ các thành phố, khu vực đang có dịch, các địa phương có trách nhiệm quản lý như đi từ vùng dịch. ⛔️ Cấm tụ tập nhiều hơn 10 người ở bên ngoài các công sở và trường học, bệnh viện. ⛔️ Tạm thời đóng cửa các cơ sở làm đẹp, phẫu thuật thẩm mỹ, vật lý trị liệu trên toàn quốc.  ⛔️ Thực hiện nghiêm việc cách ly tập trung, không được đến thăm, mang đồ ăn uống tới nơi cách ly và giám sát việc cách ly chuyên biệt. ⛔️ Các ngành chức năng xử lý nghiêm, kể cả hình sự, đối với những người vi phạm, không khai báo y tế và không thực hiện cách ly theo đúng quy định. ⛔️ Nghiêm cấm đầu cơ tích trữ những nhu yếu phẩm cũng như vật tư y tế, xử lý nghiêm nạn đầu cơ nếu có và buôn lậu các vật tư y tế. Xử lý nghiêm các trường hợp đưa tin sai sự thật. ⛔️ Thời gian thực hiện các biện pháp này là từ 0h ngày 28-3 trong một tuần hoặc vài tuần và sẽ xem xét cụ thể sau. P/s: hãy dành vài phút chia sẻ những thông tin này đến mọi người. Hãy chung tay cùng chính phủ phòng chống dịch covid 19. Xem thêm",1585260981.0,726,205,3400,0
680,-661891818954532864,"Trong diễn biến dịch bệnh nguy hiểm, bên cạnh các hành động phòng chống dịch bệnh cực kỳ sát sao, thì Bộ Y Tế và Bộ ThôngTin Truyền Thông đã bắt tay với những ngôi sao có tên tuổi cho ra một sản phẩm đặc biệt. Và đây là sản phẩm của họ :)))))) bản hit vang bóng một thời đã được làm mới. Nghe 1 lần là nghiện, nghe 2 lần là quên luôn bản gốc 😅  Mời mọi người cùng thưởng thức. ------------- #chiasenhac",,109000,2700,35000,0
681,7380089220946804736,"(NLĐO) - Công an TP HCM đã bắt giữ đối tượng Nguyễn Tường Thụy về tội “Làm, tàng trữ, phát tán hoặc tuyên truyền thông tin, tài liệu vật phẩm nhằm chống Nhà nước Cộng hòa xã hội chủ nghĩa Việt Nam”.
Chiều 24-5, Công an TP HCM cho biết đã ra Quyết định khởi tố bị can, Lệnh bắt bị can để tạm giam, Lệnh khám xét đối với Nguyễn Tường Thụy (SN 1950 tại Nam Định; chỗ ở: P507 Nhà A2, chung cư 54 Hạ Đình, phường Thanh Xuân Trung, quận Thanh Xuân, TP Hà Nội) về tội ""Làm, tàng trữ, phát tán hoặc tuyên truyền thông tin, tài liệu vật phẩm nhằm chống Nhà nước Cộng hoà xã hội chủ nghĩa Việt Nam"", quy định tại Điều 117 Bộ luật Hình sự.

Ông Nguyễn Tường Thụy bị bắt liên quan đến vụ án ""Làm, tàng trữ, phát tán hoặc tuyên truyền thông tin, tài liệu vật phẩm nhằm chống Nhà nước Cộng hoà xã hội chủ nghĩa Việt Nam"" do Phạm Chí Dũng cầm đầu.

Các Quyết định, Lệnh trên đã được VKSND TP HCM phê chuẩn. Ngày 23-5, Cơ quan An ninh điều tra - Công an TP HCM đã thực hiện Lệnh bắt bị can để tạm giam và khám xét nơi ở đối với Nguyễn Tường Thụy.

Quá trình bắt, khám xét đã được tiến hành theo đúng quy định pháp luật và đã thu giữ nhiều tài liệu, vật chứng có liên quan đến hành vi phạm tội phục vụ công tác điều tra vụ án.

",1590324777.0,3,0,,0
682,2491284509819159040,"Thực hiện quyết định của Chủ tịch UBND tỉnh Bến Tre về phòng, chống dịch Covid - 19, đúng 13h ngày hôm nay (23/3/2020), toàn bộ khu vực ấp Thừa Lợi (cồn Nghêu), xã Thừa Đức, huyện Bình Đại (bao gồm 480 hộ gia đình với 1.588 người) đã chính thức được cách ly cho đến 13h ngày 20/4/2020.  Vì sự an toàn chung của mọi người, rất mong bà con nhân dân ấp Thừa Lợi thông cảm và chấp hành tốt lệnh cách ly.",1584976557.0,1400,289,2700,0
683,-518934768342074176,Người phụ nữ này xử lý khá chính xác khi dùng tay kéo giày ra sau và lấy chổi gạt tay bé khỏi dây điện.,1591617069.0,88,1,8,0
684,-1871599148686573056,"Ý tưởng hay

[https://vietnamnet.vn/vn/thoi-su/quoc-hoi/mot-so-can-bo-muon-co-bo-nhi-de-quan-tai-san-tham-nhung-409928.html?fbclid=IwAR1OnRfbWAb7FyesvSciPbExes15aVMm_C9-mmwNyof27EI5oOhud7e1Om0](https://vietnamnet.vn/vn/thoi-su/quoc-hoi/mot-so-can-bo-muon-co-bo-nhi-de-quan-tai-san-tham-nhung-409928.html?fbclid=IwAR1OnRfbWAb7FyesvSciPbExes15aVMm_C9-mmwNyof27EI5oOhud7e1Om0)",1593056727.0,20,8,10,0
685,5274084274198870016,"Chỉ đến khi nhân viên bị bắt, dư luận mới bắt đầu đặt dấu hỏi ‘ông chủ’ của Công ty TNHH Thiết bị Y tế Phương Đông là ai mà được chỉ định thầu, cung cấp máy xét nghiệm Realtime PCR tại nhiều tỉnh, thành.",1587976869.0,10,4,,0
686,8449413412190499840,"Thành phố Đà Nẵng sẽ chi 14 tỷ đồng để nâng cao trình độ ngoại ngữ cho cán bộ, chiến sĩ trong quá trình thực hiện nhiệm vụ, trước tình hình gia tăng tội phạm nước ngoài hoạt động trên địa bàn.",1589510565.0,4,8,1,0
687,7050444021058475008,"Khi chúng ta ở nhà, HỌ lao vào nơi nguy hiểm...  Khi chúng ta chăn ấm nệm êm, HỌ nghỉ ngơi tạm bợ trong xe, trên sàn nhà hay ngoài trời đêm lạnh... Khi chúng ta quây quần với người thân, HỌ phải gạt nước mắt xa gia đình làm nhiệm vụ... CẢM ƠN! NHỮNG NGƯỜI HÙNG THẦM LẶNG trong cuộc chiến phòng chống COVID-19 ♥️... Cùng VTV24 VỖ TAY cho những NGƯỜI HÙNG THẦM LẶNG. Hãy cùng bạn bè, người thân quay video và gửi đến các ANH HÙNG lòng biết ơn vì những cống hiến của họ. Đừng quên hastag #CamOnNhungNguoiHung #clapforheroes #ChungToiYeuBan để chiến dịch tinh thần này được lan tỏa nhé! Ngoài việc đăng trực tiếp video vỗ tay của mình trên trang cá nhân, các bạn có thể gửi video về cho chúng tôi tại email mediavtv24@gmail.com. Chúng tôi sẽ tổng hợp để đăng tải trên trang Fanpage chính của VTV24. Xem thêm",,16000,961,3400,0
688,4683042372121656320,[T](https://www.baogiaothong.vn/tong-cuc-du-lich-mong-3-hang-hang-khong-thong-cam-vu-400-ve-bay-mien-phi-d467642.html)hông cảm cho anh nhá! 😉,1591255123.0,14,1,,0
689,5912790008238791680,https://thoisu.nong24h.net/phat-hien-thi-the-tre-so-sinh-troi-dat-tren-song-post1726298?utm_source=gtintuc&utm_medium=bigshare64426-1726298-56f49228,1591605803.0,38,10,,0
690,-2645342902499845120,"Gojek phát đi thông báo về việc Facebook và PayPal đã gia nhập cùng Google, Tencent và nhiều công ty khác để trở thành những nhà đầu tư mới nhất của tập đoàn này.",1591174614.0,4,0,,0
691,-8316532421526346752,"Nếu việc mua vào thành công, ông Trịnh Văn Quyết sẽ nâng sở hữu tại Tập đoàn FLC lên hơn 165,4 triệu cổ phiếu, tương ứng tỷ lệ sở hữu là 23,3%. Trước đó, tỷ lệ sở hữu của ông Quyết tại FLC là 21,19%; tương ứng với hơn 150,4 triệu cổ phiếu.",1592882400.0,5,1,,0
692,-1639604456233988096,"Theo phản ánh của người dân, Công ty điện lực Yên Bái mới đền bù phần cột điện nằm trên đất rừng trồng còn diện tích đất thổ cư nằm dưới đường dây điện vẫn chưa được đền bù thỏa đáng và giải quyết dứt điểm.

",1589606321.0,11,0,1,0
693,-977404271713543040,"Bài viết này mới và rất nhiều điều thú vị!

Mời các bác logic trình độ cao vào bình luận!

Nguồn từ báo Thanh Niên nên chắc cũng là nguồn tin chính thống rồi nhỉ!!!

link: [https://thanhnien.vn/thoi-su/bi-an-tu-vong-trong-nha-tam-giu-pham-nhan-goi-xin-loi-me-vi-lo-danh-chet-nguoi-1221601.html](https://thanhnien.vn/thoi-su/bi-an-tu-vong-trong-nha-tam-giu-pham-nhan-goi-xin-loi-me-vi-lo-danh-chet-nguoi-1221601.html)",1589280069.0,1,1,,0
694,1643044495361754880,"## **Con đường này đã độc đáo nhất Việt Nam chưa mọi người?**

Con đường ấy hình thành nhờ máu, mồ hôi, công sức của cả bản dùng tay trần quai búa phá núi suốt 5 năm để kết nối với thế giới bên ngoài. Giờ đây nó đã trở thành lối dẫn đến ""thiên đường"" của những người ưa du lịch mạo hiểm bởi cảnh sắc độc nhất, vô nhị mở ra bất ngờ đẹp mê hoặc ở hai bên cũng như cây nghiến vài trăm năm tuổi mà nó chạy xuyên qua, vượt cả trí tưởng tượng thông thường nhất. Ý thức môi trường của đồng bào tốt thật, họ không nỡ chặt một cái cây quý!

LINK:

[https://nongnghiep.vn/chuyen-la-cao-bang-duong-den-thien-duong-xuyen-qua-goc-cay-nghien-co-d266929.html](https://nongnghiep.vn/chuyen-la-cao-bang-duong-den-thien-duong-xuyen-qua-goc-cay-nghien-co-d266929.html)",1593054695.0,34,0,,0
695,-6520066327342361600,"HỎA TỐC: Hiện tại, Bệnh viện Bạch Mai đã có 5 người dương tính với Covid-19, trong đó có 2 nhân viên y tế và 3 người bệnh điều trị tại bệnh viện. Hải Phòng có tổng cộng 380 bệnh nhân đã đến khám chữa bệnh tại BV Bạch Mai trong tháng 3/2020 (ngoài ra còn cả người nhà đến trông, thăm nom) và 44 nhân viên y tế ở Hải Phòng đang học tập tại Bạch Mai. Những người thuộc danh sách này nếu có dấu hiệu ho, sốt, khó thở cần liên hệ ngay để được cách ly, điều trị và lấy mẫu xét nghiệm.... P/s: Danh sách chi tiết 380 người ở dưới phần Bình Luận. Xem thêm",1585148660.0,2100,1500,3000,0
696,4609678555016237056,"Trung tâm y tế huyện Tân Châu thực hiện cách ly 03 người về từ Daegu, Hàn Quốc | THỜI SỰ | TayNinhTV #cách_ly_ngừa_dịch #thời_sự_Tây_Ninh... - Trước tình hình dịch bệnh Covid-19 đang diễn biến hết sức phức tạp và gia tăng nhanh số ca mắc ở Hàn Quốc, tâm dịch ở khu Daegu và khu Bắc Gyeongsang. Bộ Y tế vừa có Công văn số 868 hướng dẫn cách ly đối với người về từ Hàn Quốc. - Thực hiện công văn trên, Trung tâm y tế huyện Tân Châu đã tiếp nhận và thực hiện cách ly, theo dõi sức khỏe đối với 3 trường hợp về huyện Tân Châu từ tỉnh Daegu, Hàn Quốc. - Theo thông tin từ trung tâm y tế huyện Tân Châu, tối ngày 24.02 tại xã Tân Hưng, huyện Tân Châu có 3 người có quốc tịch Hàn Quốc gồm 2 nữ và 01 nam từ tỉnh Daegu, Hàn Quốc nhập cảnh vào Việt Nam ngày 24.02 và về tạm trú tại địa phương. - Sau khi tiếp nhận thông tin từ ban chỉ đạo phòng chống dịch bệnh xã Tân Hưng, trong sáng ngày 25.02.2020 Trung tâm y tế huyện Tân Châu đã cử xe vận chuyển và đội phản ứng nhanh đến tận nhà những trường hợp trên để lấy thông tin và đã thực hiện biện pháp cách ly 14 ngày tại khu vực cách ly của TTYT huyện Tân Châu đối với 4 người trong gia đình, gồm 03 người có quốc tịch Hàn Quốc và 01 người tiếp xúc gần với 03 người trên. Bên cạnh đó, Trung tâm y tế huyện còn tư vấn và thực hiện cách ly tại nhà đối với 03 người thân khác trong gia đình đã tiếp xúc với 4 người trên và 01 tài xế đón 03 người Hàn Quốc từ sân bay Tân Sơn Nhất về Tây Ninh. - 04 trường hợp được cách ly tại khu vực cách ly Trung tâm y tế huyện đang được nhân viên y tế kiểm tra sức khỏe hàng ngày và báo cáo về Trung tâm kiểm soát bệnh tật Tây Ninh. Bên cạnh đó, TYTT cũng tư vấn về các biện pháp phòng ngừa, giữ gìn sức khỏe cho 04 trường hợp trên. Đến ngày 26.02, sức khỏe và tinh thần của 04 trường hợp trên vẫn ổn định, không có các triệu chứng sốt, ho, khó thở nhưng TYTT vẫn tiếp tục cách ly và theo dõi trong 14 ngày tới./. --------------- 🔔Đăng Ký Kênh Đài Truyền Hình Tây Ninh https://daitruyenhinhtayninh.page.lin... Xem thêm :  - Website : http://tayninhtv.vn - Youtube : http://bit.ly/2DxLx9S - Twitter : https://twitter.com/TayNinhTV - Fanpage : https://www.facebook.com/TayNinhTVonl... - Facebook: https://www.facebook.com/TayNinhtv.vn #DaiTruyenHinhTayNinh #TayNinhTV #TayNinh Xem thêm",,1700,418,2600,0
697,-9124917804542192640,"Hà Tĩnh nằm trong nhóm 'nguy cơ cao' gồm 12 tỉnh thành!
Chiều 15-4, Thứ trưởng Bộ Y tế Nguyễn Thanh Long cho biết Ban chỉ đạo Quốc gia phòng chống dịch COVID-19 chia các tỉnh - thành thành 3 nhóm: nguy cơ cao, có nguy cơ và có nguy cơ thấp để có giải pháp phòng chống dịch phù hợp.

Ban chỉ đạo phân loại nhóm các địa phương theo các tiêu chí như có đầu mối giao thông, mật độ di chuyển, đi lại lớn; có biên giới, nhiều người qua lại biên giới; những điểm trước đây có tiếp xúc rất nhiều với người nước ngoài; mật độ dân cư; mật độ các nhà máy, khu công nghiệp tập trung...

Trong đó, nhóm ""nguy cơ cao"" gồm 12 tỉnh thành gồm: TP.HCM, Hà Nội, Lào Cai, Quảng Ninh, Bắc Ninh, Ninh Bình, Đà Nẵng, Quảng Nam, Bình Thuận, Khánh Hòa, Tây Ninh và Hà Tĩnh.

Ban chỉ đạo kiến nghị những tỉnh này tiếp tục thực nghiêm các nội dung của chỉ thị 16 của Thủ tướng về các biện pháp cấp bách phòng, chống dịch COVID-19 ít nhất đến hết ngày 22-4.

Nhóm ""có nguy cơ"" gồm 15 tỉnh, thành: Bình Dương, Cần Thơ, Đồng Nai, Hà Nam, Kiên Giang, Nam Định, Hải Phòng, Sóc Trăng, Thái Nguyên, Thừa Thiên - Huế, Đồng Tháp, Bình Phước, Nghệ An, Lạng Sơn, An Giang. Các tỉnh, thành còn lại thuộc nhóm nguy cơ thấp.

Đối với hai nhóm này, Ban chỉ đạo kiến nghị Thủ tướng chỉ đạo cho một số hoạt động sản xuất kinh doanh được hoạt động có điều kiện trên cơ sở bảo đảm an toàn vệ sinh dịch tễ… Đồng thời, thực hiện các giải pháp hạn chế người dân ra khỏi nhà, nếu ra phải đeo khẩu trang, thường xuyên rửa tay.

Mặt khác, cấm tập trung đông người, kể cả các hoạt động tôn giáo, vui chơi giải trí.

Ban chỉ đạo cũng thống nhất sẽ đưa ra những yêu cầu bắt buộc đối với tất cả các tỉnh trong cả nước phải thực hiện nghiêm chỉnh như: đeo khẩu trang, không tập trung đông người, giữ khoảng cách, bảo đảm vệ sinh dịch tễ... Một số loại hình dịch vụ kinh doanh, vui chơi giải trí chưa được phép hoạt động.
Nguồn: Tuoitre.vn
#hatinhit
#thachhaonline
#chamsocsausinhphuongmy
#beatthachha
#baithuocchuabenh
#caytrongvatnuoihatinh",1586951248.0,6,0,,0
698,7717037201428829184,"Nếu đúng vậy thì căng quá!

[https://dantri.com.vn/kinh-doanh/chu-tich-bac-ninh-noi-gi-ve-nghi-van-can-bo-tinh-nhan-hoi-lo-25-trieu-yen-20200525114113858.htm](https://dantri.com.vn/kinh-doanh/chu-tich-bac-ninh-noi-gi-ve-nghi-van-can-bo-tinh-nhan-hoi-lo-25-trieu-yen-20200525114113858.htm)",1590382927.0,36,1,5,0
699,-7845741394264275968,"📌THÔNG TIN CA NHIỄM COVID-19  Một phụ nữ 51 tuổi, quốc tịch Việt Nam, được xác định là bệnh nhân thứ 34 mắc bệnh COVID-19 tại Việt Nam.  Ngày 22/2/2020 bệnh nhân bay từ Việt Nam sang New York (Mỹ), quá cảnh tại sân bay Incheon (Hàn Quốc). ... Đến ngày 29/2/2020, bệnh nhân bay từ Washington (Mỹ) về Việt Nam, quá cảnh tại sân bay Quatar và sáng ngày 02/3/2020 nhập cảnh vào Việt Nam tại cửa khẩu Cảng Hàng không Quốc tế Tân Sơn Nhất.  Sáng 9/3/2020, bệnh nhân nhập viện tại Bệnh viện Đa khoa tỉnh Bình Thuận và được điều trị cách ly tại đây. Kết quả xét nghiệm dương tính với SARS-CoV-2 Xem thêm",1583834756.0,35000,3100,4300,0
700,5573994792869122048,"Để phòng, chống dịch bệnh Covid-19 trong trường học, Bộ Y tế vừa đưa ra những việc cần làm của nhà trường khi phát hiện học sinh có biểu hiện của bệnh Covid-19.",1587572275.0,,0,,0
701,2184427389792466944,"Sau mấy tháng nghỉ tránh dịch COVID-19, học sinh cả nước hớn hở trở lại trường. Tuy nhiên, 3 chị em Giàng Thị Hiền thì tràn ngập đau buồn, muốn bỏ học luôn vì bố mẹ đột ngột chết thảm, bà nội già yếu, không còn ai nuôi dưỡng.",1589940110.0,9,2,4,0
702,7705034727967971328,"CÁC CON KHÔNG NHẬN LÀ MẸ GIẬN ĐÓ

Cụ Lê Thị Xuân (98 tuổi, TX Hoàng Mai, Nghệ An) đã đến tận nơi ủng hộ các chiến sỹ đang làm nhiệm vụ ở khu cách ly: 1 kg gạo và 50 trứng gà.

Cụ bảo:""Mẹ không làm ra tiền, có chừng ni thôi, bây mà không nhận là mẹ giận đó"", khiến ai nấy đều xúc động trước tấm lòng thảo thơm của cụ

theo: Vinh New",1586328281.0,87,9,1,0
703,1543548005049796096,"# **RỀN RỨ BAO NHIÊU NĂM, ĐẾN NAY CHẮC LÀ CÁC BÁC LIÊN QUAN CŨNG ĐÃ KIỆT SỨC. VỤ NÀY MÀ VỠ RA THÌ TO LẮM NÊN ĐỂ CƠ QUAN AN NINH ĐIỀU TRA BỘ CÔNG AN TRỰC TIẾP LÀM THÌ THUẬN LỢI HƠN. VÌ CÁC ANH ẤY ĐỘI NGŨ MẠNH VÀ TINH NHUỆ HƠN AN NINH TỈNH. THÔI ĐÀNH MONG LÀ CÁC ANH AN NINH HÀ TĨNH THUẬN BUỒM XUÔI GIÓ XUÔI CHÈO MÁT MÁI KHI LÀM VỤ NÀY! **
# **... Tổng toàn bộ số tài sản trên được định giá hơn 108 tỷ đồng. Tức là chỉ bằng 0,072% so với tổng số nợ 1.500 tỷ đồng mà Cty CP gang thép Hà Tĩnh nợ 3 ngân hàng. Số tài sản sau khi định giá đã được Chi cục thi hành án thị xã Kỳ Anh chuyển cho Công ty đấu giá Hợp Danh Hồng Lĩnh (TP. Hà Tĩnh) tiến hành bán đấu giá, bắt đầu từ ngày 2/4 đến 23/4/2019. Mặc dù những tài sản này được đưa ra bán đấu giá với bước giá tối thiểu là 300 triệu đồng nhưng những thiết bị, máy móc này sau khi phơi sương gần chục năm đã không còn có giá trị....**

[https://enternews.vn/khoi-to-vu-an-hinh-su-xay-ra-tai-du-an-nha-may-gang-thep-van-loi-171788.html](https://enternews.vn/khoi-to-vu-an-hinh-su-xay-ra-tai-du-an-nha-may-gang-thep-van-loi-171788.html)

[https://tuoitre.vn/khoi-to-vu-dau-tu-nha-may-thep-gay-that-thoat-hang-ngan-ti-dong-20200424113254069.htm](https://tuoitre.vn/khoi-to-vu-dau-tu-nha-may-thep-gay-that-thoat-hang-ngan-ti-dong-20200424113254069.htm)",1587707703.0,148,22,17,0
704,-6432990969867230208,"HƯNG YÊN CHƯA PHÁT HIỆN VIRUS CORONA, CÁCH LY ĐĂC BIỆT 4 NGƯỜI ĐẾN TỪ HỒ BẮC Theo Sở Y tế Hưng Yên, đến nay, tỉnh Hưng Yên chưa ghi nhận trường hợp nào dương tính với virus Corona. Tuy nhiên, 4 người nhập cảnh vào Hưng Yên từ tỉnh Hồ Bắc, Trung Quốc  chưa qua 14 ngày đang được cách ly, giám sát tại Trung tâm Y tế huyện Yên Mỹ và thị xã Mỹ Hào. 4 người này gồm 3 nữ, 1 nam là những lao động đang làm việc tại các doanh nghiệp Trung Quốc ở Hưng Yên về Trung Quốc ăn tết và trở lại... Hưng Yên từ ngày 29-31/1/2020. Cả 4 người đang được cách ly, giám sát và theo dõi sức khỏe chặt chẽ. Sở Y tế cũng có công văn yêu cầu đối với những người nhập cảnh từ tỉnh Hồ Bắc, Trung Quốc phải coi như người mắc bệnh và tiến hành cách ly tại 1 trong 15 cơ sở y tế được giao nhiệm vụ. Các trường hợp khác nhập cảnh từ Trung Quốc được cách ly tại nhà hoặc cơ sở lưu trú dưới sự giám sát của cơ quan chức năng và y tế địa phương. Hưng Yên có 94 doanh nghiệp sử dụng 467 lao động Trung Quốc. Trong đó 432 lao động trở về nước ăn tết, 35 người ở lại không về nước. Đến 14h30 ngày 4/2/2020 có 242 người trở lại Hưng Yên, 190 người chưa trở lại.  Sở LĐ, TB&XH cũng yêu cầu các doanh nghiệp tạm dừng tiếp nhận lao động Trung Quốc về quê ăn tết quay trở lại Việt Nam Tỉnh Hưng Yên tạm dừng cấp giấy phép lao động mới cho lao động nước ngoài đến từ vùng có dịch viêm phổi cấp. Ảnh: Minh họa (Zing.vn) Danh sách số điện thoại đường dây nóng phòng chống dịch viêm phổi cấp ở Hưng Yên: https://www.facebook.com/…/a.11932968340…/2734109823291249/… Xem thêm",1580815323.0,2800,854,2300,0
705,7050444021058475008,"Đứng trước dịch bệnh, hay là cái chết, chúng ta hoàn toàn bình đẳng.  Trong giây phút đối diện với hoạn nạn, bạn sẽ có thể còn lại điều gì? Sự giàu có, danh lợi? Nhưng rất có thể, trong giây phút đó, bạn sẽ ước rằng mình đã có thể làm khác đi, trao đi nhiều hơn. Bạn sẽ ước mình có một cơ hội để làm lại. Dịch bệnh Covid-19 đang trao cho chúng ta một cơ hội như vậy. Cơ hội để thể hiện vai trò của cá nhân với cộng đồng.",,24000,916,5100,0
706,8849867085098147840,Các bài viết trên truyền thông Mỹ đã tìm cách giải mã lý do Việt Nam cho đến nay ghi nhận tương đối ít ca mắc Covid-19 và chưa có bất kỳ trường hợp tử vong nào.,1587170786.0,4,1,,0
707,6570265313371844608,"THÔNG BÁO CÁC CA BỆNH - Ca thứ 69 (BN69): Nam, 30 tuổi, quốc tịch Đức, tạm trú tại Quận Hai Bà Trưng, Hà Nội. Bệnh nhân là du khách, nhập cảnh Nội Bài ngày 13/03/2020 trên chuyến bay SU290. Từ 13/3 – 15/3, bệnh nhân có đi đến một số điểm tại Hà Nội. Ngày 15/3 bệnh nhân có sốt, đi đến một số cơ sở Y tế, sau đó được chuyển vào Bệnh viện Bệnh Nhiệt đới Trung ương (BVBNĐTƯ) cơ sở Đông Anh. Ngày 16/3/2020, Viện Vệ sinh dịch tễ Trung ương (VVSDTTƯ)đã tiến hành lấy mẫu để xét nghiệm... khẳng định, kết quả lần 1 sơ bộ dương tính SARS-CoV-2. Bệnh nhân đang được cách ly tại BVBNĐTƯ cơ sở Đông Anh, tình trạng sức khoẻ ổn định. - Ca thứ 70 (BN70): Nam, 19 tuổi, địa chỉ ở Thanh Xuân, Hà Nội. Bệnh nhân là du học sinh tại Anh, nhập cảnh về Nội Bài ngày 16/03/2020 trên chuyến bay TK164. Trung tâm kiểm soát bệnh tật Hà Nội đã tổ chức xét nghiệm sàng lọc và bệnh nhân cho kết quả dương tính SARS-CoV-2. Bệnh nhân và những người tiếp xúc gần đã được đưa đến BVBNĐTƯ cơ sở Đông Anh và mẫu bệnh phẩm được gửi sang VVSDTTƯ và cho kết quả dương tính với SARS-CoV-2. Bệnh nhân đang được cách ly tại BVBNĐTƯ cơ sở Đông Anh, tình trạng sức khoẻ ổn định. - Ca thứ 71 (BN71): Nữ, 19 tuổi, địa chỉ ở Hai Bà Trưng, Hà Nội. Bệnh nhân là du học sinh tại Anh, nhập cảnh về Nội Bài ngày 16/3/2020 trên chuyến bay TK164. Trung tâm kiểm soát bệnh tật Hà Nội đã tổ chức xét nghiệm sàng lọc và bệnh nhân cho kết quả dương tính SARS-CoV-2. Bệnh nhân và những người tiếp xúc gần đã được đưa đến BVBNĐTƯ cơ sở Đông Anh và mẫu bệnh phẩm được gửi sang VVSDTTƯ cho kết quả dương tính SARS-CoV-2. Bệnh nhân đang được cách ly tại BVBNĐTƯ cơ sở Đông Anh, tình trạng sức khoẻ ổn định. - Ca thứ 72 (BN72): Nữ, 25 tuổi, quốc tịch Pháp. Bệnh nhân là hành khách trên chuyến bay từ Pháp về Nội Bài ngày 9/3/2020, trên chuyến bay có ca mắc bệnh COVID-19, bệnh nhân là bạn gái của ca dương tính số 60. Sau đó, bệnh nhân có đi du lịch tại một số điểm tại Hà Nội và Ninh Bình. Ngày 15/3, bệnh nhân quay trở lại Hà Nội và được đưa đi cách ly tại BVBNĐTƯ cơ sở Đông Anh. Kết quả xét nghiệm của bệnh nhân tại bệnh viện là dương tính SARS-CoV-2. VVSDTTƯ cử cán bộ sang điều tra thông tin dịch tễ và lấy mẫu bệnh phẩm và cho kết quả dương tính. Bệnh nhân đang được cách ly tại BVBNĐTƯ cơ sở Đông Anh, tình trạng sức khoẻ ổn định. - Ca thứ 73 (BN73): Nam, 11 tuổi, địa chỉ ở Huyện Thanh Miện, Hải Dương. Bệnh nhân về Việt Nam chuyến bay VN0054 ngày 09/03/2020. Ngày 13/03/2020, bệnh nhân được trung tâm kiểm soát bệnh tật tỉnh Hải Dương đưa vào cách ly tại Trung tâm Y tế huyện Thanh Miện và lấy mẫu bệnh phẩm gửi VVSDTTƯ. Ngày 17/3/2020, trung tâm kiểm soát bệnh tật tỉnh Hải Dương gửi lại mẫu bệnh phẩm làm xét nghiệm, hôm nay cho kết quả dương tính SARS-CoV-2. Hiện tại, bệnh nhân đang được cách ly tại Trung tâm Y tế huyện Thanh Miện, tình trạng sức khoẻ ổn định. - Ca thứ 74 (BN74): Nam, 23 tuổi, địa chỉ ở Lâm Thao, Phú Thọ. Bệnh nhân về Việt Nam chuyến bay VN0018 ngày 16/3/2020. Sau khi xuống máy bay, bệnh nhân được đưa vào khu cách ly tập trung của tỉnh Bắc Ninh và tiến hành sàng lọc lấy mẫu bệnh phẩm gửi VVSDTTƯ cho kết quả dương tính SARS-CoV-2. Hiện tại, bệnh nhân đang được cách ly tại Bệnh viện Đa khoa tỉnh Bắc Ninh, tình trạng sức khoẻ ổn định. - Ca thứ 75 (BN75): Nữ, 40 tuổi, địa chỉ ở Quận 2, TPHCM. Ngày 4/3/2020, BN từ Việt Nam sang London - Anh thăm người thân và tại đây bệnh nhân không tiếp xúc với người mắc bệnh COVID-19. Ngày 15/3, bệnh nhân về tới Việt Nam trên chuyến bay của hãng hàng không Vietnam Airlines số hiệu VN50, số ghế 10E. Khi nhập cảnh, bệnh nhân chưa có triệu chứng bệnh, chuyển cách ly tập trung tại Bệnh viện Dã chiến Củ Chi và được lấy mẫu xét nghiệm. Bệnh viện Bệnh Nhiệt đới TPHCM xét nghiệm dương tính vào tối ngày 17/3/2020. Mẫu bệnh phẩm được xét nghiệm tại Viện Pasteur TPHCM và kết quả dương tính với SARS-CoV-2 chiều ngày 18/3. Hiện bệnh nhân tiếp tục được theo dõi, điều trị, cách ly tại Bệnh viện Dã chiến Củ Chi với tình trạng sức khoẻ ổn. Xem thêm",1584540499.0,12000,1800,3400,0
708,6431434235876790272,"Nhìn lại hành trình của ca bệnh COVID-19 thứ 17 tại Việt Nam, rõ ràng nếu cô N. ý thức về tình hình sức khoẻ của mình, chủ động khai báo hành trình sớm hơn thì cơ quan chức năng sẽ có biện pháp chủ động ứng phó, Hà Nội sẽ không rơi vào tình huống bất ngờ như hiện tại.  Cũng trở về từ Ý như N. nhưng Châu Bùi có thái độ vô cùng hợp tác với cơ quan chức năng. Dù khá lo lắng nhưng nữ fashionista đã đến khu vực cách ly tập trung với tinh thần rất tích cực và liên tục cập nhật thôn...g tin, hình ảnh như một cách trấn an người theo dõi. --- Cập nhật tin tức nóng liên quan về dịch Covid-19. Tải app Lotus ngay để follow ""Lá chắn virus Corona"": https://onelink.to/natilachan #LaChanVirusCorona #Lotus #VCCorp #ICT_anti_nCoV Xem thêm",,21000,1100,3600,0
709,1543548005049796096,"# **NÊN MỞ CHIẾN DỊCH TÔN VINH VÀ MẠNH TAY KHEN THƯỞNG NÓNG ĐẬM CHO LÃNH ĐẠO HÀ NỘI VÌ ĐÃ CÓ SÁNG KIẾN TIẾT KIỆM LÀM LỢI CHO NHÀ NƯỚC HÀNG TRĂM TRIỆU ĐỒNG MỖI THÁNG. SỐ TIỀN NÀY CÓ THỂ GÓP PHẦN NHỎ BÉ ĐỂ TRẢ CHO TRUNG QUỐC TIỀN LÃI TUYẾN ĐƯỜNG SẮT HÀ NỘI CÁT LINH KHI CHƯA THỂ VẬN HÀNH.**
# **Hà Nội tiết kiệm 300 triệu đồng mỗi tháng từ khoán xe công**
# Ngày 25-6, UBND TP Hà Nội đã báo cáo kết quả thí điểm thực hiện khoán xe công tại tám cơ quan, đơn vị sau ba năm thực hiện. Thành phố cho biết, các đơn vị thí điểm đã tiết kiệm được gần 300 triệu đồng mỗi tháng.
# Trước đó, từ ngày 1-3-2017, tám đơn vị của Hà Nội thực hiện thí điểm khoán xe công gồm bốn sở: Tài chính, Kế hoạch - Đầu tư, Giao thông - Vận tải, Lao động, Thương binh và Xã hội; hai quận Long Biên, Hà Đông và hai huyện Gia Lâm, Thanh Trì.
# Các đơn vị này chọn hình thức khoán cố định hằng tháng đối với từng chức danh, mức khoán cao nhất là 9,3 triệu đồng/người/tháng, và thấp nhất là 6,5 triệu đồng/người/tháng. Riêng Sở Giao thông - Vận tải Hà Nội khoán theo khoảng cách đi công tác thực tế của từng chức danh và đơn giá thanh toán 13.000 đồng/km.
# Trước năm 2016, chi phí bình quân sử dụng xe phục vụ công tác chung tại các cơ quan trên gần 700 triệu đồng/tháng gồm chi phí hao mòn xe, lương lái xe, xăng xe, bảo hiểm, đăng kiểm, bảo dưỡng sửa chữa và chi phí khác liên quan… Sau khi thí điểm, chi phí khoán bình quân một tháng của các đơn vị này gần 400 triệu đồng/tháng, tiết kiệm được khoảng 300 triệu đồng/tháng.
# Khi khoán xe công, toàn bộ ô-tô dôi dư được thu hồi để sắp xếp, xử lý theo đúng quy định. Thành phố đã điều chuyển 32 xe dôi dư còn thời gian sử dụng (dưới 15 năm) cho các cơ quan trên địa bàn để sử dụng theo tiêu chuẩn; tiết kiệm số tiền mua sắm trang bị xe khoảng 23 tỷ đồng (32 xe với định mức 720 triệu đồng/xe). Giảm 22 lái xe tại các cơ quan, trong đó tám người chuyển công tác sang đơn vị tiếp nhận xe, hai người chuyển công tác sang cơ quan khác, năm người chấm dứt hợp đồng lao động và bảy người nghỉ chế độ bảo hiểm xã hội.

QUỐC TOẢN

[https://nhandan.com.vn/xahoi/tin-tuc/item/44986702-ha-noi-tiet-kiem-300-trieu-dong-moi-thang-tu-khoan-xe-cong.html](https://nhandan.com.vn/xahoi/tin-tuc/item/44986702-ha-noi-tiet-kiem-300-trieu-dong-moi-thang-tu-khoan-xe-cong.html)",1593394378.0,10,5,2,0
710,-3450479779241530880,"Vĩnh Phúc chiến thắng, Sơn Lôi, Bình Xuyên chiến thắng 😍 Chúc mừng nhé Nguyễn Thị Nam! Một trong những bệnh nhân mắc Covid-19 đầu tiên được ra viện của trung tâm điều trị Covid - 19 Bình Xuyên tỉnh Vĩnh Phúc! Bình Xuyên đang chiến thắng nCoV rồi nhé! Các y bác sĩ giỏi quá. Nút chia sẻ của mọi người đâu rồi nhỉ, mạnh tay vì cộng đồng đi ạ ☺️",1582029650.0,1000,241,10000,0
711,444210260057187776,"Vụ án Hồ Duy Hải sẽ khó chìm xuồng, sẽ được  đưa lên uỷ ban Thường vụ Quốc hội.
  Việc khởi tố vụ án “ làm sai lệch hồ sơ vun án Bưu điện Cầu Voi” cũng cần được tiến hành, các cá nhân và tập thể liên quan đến sai phạm trong vụ án này chắc chắn sẽ khó thoát tội.
 Nhìn mấy sỹ quan điều tra vụ ông Chấn Bắc Giang bị ra toà, bị xử tù thì các điều tra vụ Bưu điện Cầu voi chuẩn bị đi thôi !

  https://vietnamdaily.net.vn/tin-247/ong-truong-trong-nghia-se-dua-vu-an-ho-duy-hai-len-uy-ban-thuong-vu-quoc-hoi-91418.html",1589289549.0,55,8,2,0
712,6570265313371844608,"THỦ TƯỚNG NHẮN NGƯỜI DÂN Để phòng chống COVID-19, đề nghị người dân tuân thủ hướng dẫn của cơ quan y tế. Người trên 60 tuổi hãy ở nhà, hạn chế tiếp xúc với người khác. Đeo khẩu trang khi ra ngoài và thường xuyên rửa tay bằng xà phòng hoặc dung dịch sát khuẩn. Tăng cường dinh dưỡng, tập luyện, nâng cao sức khỏe. Mỗi người dân là một chiến sỹ trên mặt trận phòng chống dịch bệnh.",1584874454.0,32000,1400,2900,0
713,7773415945764517888,"Mặc dù Cơ quan Cảnh sát điều tra Công an quận Thốt Nốt, TP.Cần Thơ đã ra quyết định khởi tố bị can, cấm đi khỏi nơi cư trú nhưng Nguyễn Minh Nhựt đã bỏ trốn và tiếp tục quan hệ tình dục với bị hại.",1590643499.0,2,0,1,0
714,5111751179114855424,"Hàng loạt sàn môi giới bất động sản đóng cửa,phá sản vì dịch Covid-19,nhà đất ế ẩm,đóng băng.Sự chững lại của thị trường bất động sản hiện tại đã khiến giới đầu tư liên tưởng tới bức tranh ảm đạm giai đoạn 2011-2013.Ảnh hưởng từ đại dịch Covid-19 đã trở thành tác nhân đẩy thị trường bất động sản nhanh chóng rơi vào điểm trũng nhanh hơn so với dự đoán trước đó.#khủng_hoảng_BĐS #BĐS_chạm_đáy , #bong_bóng_BĐS, #Covid19",1584768159.0,30,1,6400,0
715,-4406531071452944896,"Ngoài nội dung khai sai hồ sơ để được bổ nhiệm chức vụ Tổng giám đốc Công ty CP Xi măng Bỉm Sơn (Thanh Hóa), ông Nguyễn Hoàng Vân còn bị tố không có bằng tốt nghiệp cấp 3, nhưng vẫn vào Đại học Luật tại chức mở tại Thanh Hoá…",1588929383.0,1,0,,0
716,5082185645035725824,https://vtc.vn/tin-nhanh-24h/thu-hoi-cac-quyet-dinh-bo-nhiem-than-toc-mot-truong-phong-o-thanh-hoa-ar549475.html,1591923673.0,9,5,1,0
717,3703317357558439936,"Ủy ban Kinh tế của Quốc hội cho rằng việc phối hợp điều hành xuất khẩu gạo thiếu đồng bộ, thiếu nhất quán gây ảnh hưởng lớn đối với hoạt động của doanh nghiệp và bức xúc cho xã hội",1589968753.0,1,0,,0
718,-3487078356290515968,"2 hãng hàng không của Mỹ là Delta Airlines và United Airlines đã yêu cầu được nối lại các chuyến bay tới Trung Quốc trong tháng 6 này nhưng không được Bắc Kinh chấp thuận, trong khi Mỹ vẫn cho phép các máy bay của Trung Quốc tiếp tục thực hiện chuyến bay tới Mỹ trong thời điểm dịch Covid-19 bùng phát mạnh.

Mỹ quyết định đình chỉ hết chuyến bay TQ luôn.

",1591238851.0,21,4,1,0
719,-3533482413411831808,"Huyện Hớn Quản, tỉnh Bình Phước đã bỏ phiếu, quyết định miễn nhiệm chức Phó Chủ tịch HĐND huyện Hớn Quản cùng tư cách đại biểu HĐND huyện với ông Lưu Văn Thanh.

Ông Lưu Văn Thanh - nguyên Phó Chủ tịch HĐND huyện Hớn Quản là người đã phản ứng, văng tục khi bị đo thân nhiệt tại chốt kiểm dịch tại thị xã Bình Long vào sáng 3/4.

",1588595561.0,1,0,,0
720,-1251749546626596096,"Theo ông Đông, Bộ GTVT đã rút kinh nghiệm phần liên quan đến chủ quan của mình về chậm thu phí không dừng

",1591142921.0,20,18,1,0
721,-5442366720221574144,"Những năm gần đây, TP Hồ Chí Minh đang phải căng mình chống ngập, triển khai hàng loạt công trình chống ngập như làm bờ bao, cống ngăn triều, nâng cấp cống thoát nước, nâng đường… nhưng tình trạng ngập vẫn gia tăng sau mỗi cơn mưa. Thực tế, chỗ nào ngập vẫn hoàn ngập. Chống ngập rồi lại tái ngập, xuất hiện thêm nhiều điểm ngập mới. Lạ thật đấy!
",1592489188.0,3,0,,0
722,5620351003100972032,"Sự thật ám ảnh và chân thực nhất ngày hôm nay, là hình ảnh nhân viên y tế Iran điều trị cho một bệnh nhân dương tính đang nguy kịch với virus Corona tại bệnh viện Tehran.  🛑Reuters cho biết thứ trưởng Y tế Alireza Raisi Iran vừa thông báo số ca nhiễm COVID-19 ở nước này đã tăng thêm 835 ca, lên 2.336 ca. Trong khi số ca tử vong tăng lên 77 với thêm 11 ca tử vong trong vòng một ngày. Một con số kinh hoàng và ám ảnh.  Quay lại bức ảnh, một con người, dây dợ, máy móc, và hàng ch...ục bác sĩ phải điều trị và phục vụ luân phiên. Như hồi chuông cảnh báo chính Việt Nam chúng ta phải chuẩn bị thật kĩ lưỡng, vì nếu có bất kì điều gì không may mắn nhất xảy ra, trở tay không kịp là … xong!  Nhắc lại lời của Chủ tịch UBND TP HCM Nguyễn Thành Phong: “ Mỗi ca lây nhiễm cần khoảng 20 ngày điều trị, mỗi ngày cần 12 bác sĩ và điều dưỡng cho một người bệnh. Vậy với 1.000 ca bệnh thì không tìm đâu ra 12.000 bác sĩ, y tá để điều trị. Vậy 1000 ca bệnh là giới hạn đỏ cho TP.HCM, vượt qua là vỡ trận ngay"", ông Phong nói thẳng vào vấn đề. Đồng tình, Bí thư Thành ủy Nguyễn Thiện Nhân cho biết, bệnh nhân nCoV cần đội ngũ bác sĩ điều trị hùng hậu. Như trường hợp hai cha con Trung Quốc vừa qua, Bệnh viện Chợ Rẫy phải dành cả khoa nhiễm để chữa trị. Mỗi ngày 3 ca, mỗi ca một bác sĩ và 5 điều dưỡng, y tá. ""Thành tích chữa thành công cho một, hai người không thể áp dụng nếu có 1.000 người được đâu"", ông Nhân nói. Do đó, thành phố phải ngăn chặn việc lây lan, không để gia tăng số người nhiễm bệnh. Thật sự không thể không hốt hoảng khi nhìn những con số tăng chóng mặt tại tất cả các quốc gia từng giờ một! Tuy nhiên, bất chấp dịch bệnh trộn lẫn với độ ô nhiễm số 1 hành tinh, thì dân các tỉnh thành tại Việt Nam bắt đầu chủ quan, vẫn chơi, vẫn nhảy, hát hò, chụp ảnh, tập thể dục thể thao, cà phê bar sàn các kiểu, tụ tập ăn uống nhậu nhẹt vô tư.  Các bạn có quyền sống theo cách các bạn muốn, các bạn có quyền hồn nhiên theo ý các bạn. Nhưng dịch bệnh lần này, không hề đơn giản như cách các bạn nghĩ.  Đọc tin tức nhiều, hiểu thế giới đang thế nào, và nguy cơ tiềm ẩn ra sao với Việt Nam ta. Khi chỉ vô tình thôi, Hàn Quốc Iran giờ vỡ trận, bùng phát dịch nhanh đến mức không tưởng nữa rồi...  Hãy bảo vệ bản thân và gia đình khi còn có thể!  Đừng mãi khờ dại.  Đừng mãi liều với bệnh dịch! Một lần nữa thôi, mong người Việt, xin đừng chủ quan nữa! Xem thêm",1583243074.0,18000,2600,30000,0
723,-8175383778281320448,"[TIN NHANH] Hàn Quốc, qua một đêm lại có thêm 142 ca nhiễm mới. Nâng tổng số người nhiễm bệnh tại Hàn Quốc lên 346 người. Cơ quan y tế Hàn Quốc, vừa xác nhận thêm 142 ca nhiễm Covid-19, tính đến 9 giờ sáng ngày hôm nay 22/2.... Nếu nghi ngờ có triệu chứng liên lạc qua số 1339 với trung tâm phòng dịch.  Trong tổng số 346 bệnh nhân, hiện đã có 2 người t.ử v.ong, và 17 người được điều trị khỏi bệnh dỡ bỏ cách ly, số còn lại đang được điều trị cách ly tại các cơ sở y tế do Nhà nước chỉ định. Các bạn hạn chế đến các nơi công cộng, đeo khẩu trang và rửa tay thật sạch bằng xà bông hoặc dung dịch sát khuẩn. Dưới đây là địa chỉ website thống kê, cập nhật thường xuyên về đường di chuyển của các bệnh nhân và những bệnh nhân đã chữa khỏi được xuất viện: 1. 신종 코로나바이러스 실시간 상황판 - https://wuhanvirus.kr/  Xem chi tiết báo Hàn tại đây:  https://n.news.naver.com/article/214/0001016430 Xem thêm",1582334695.0,2400,745,2100,0
724,-520945930741982080,"HÀ NỘI ƠI! HÃY BÌNH TĨNH.. ĐỪNG THÁO CHẠY! 🇻🇳 🇻🇳  Cả Hà Nội đang trải qua một cơn giông bão chưa từng có, thế nhưng hãy tỉnh táo và đừng gây nhiễu loạn thông tin, cũng như đổ đi tích trữ lương thực như ngày tận thế. 1. Ca nhiễm số 17 không đi khai trương Uniqlo - đó là ảnh của một người khác tên Hạnh. ... BN được nhập viện cách ly tối ngày 05/03/2020, Uniqlo Phạm Ngọc Thạch khai trương ngày 06/03/2020. Do đó Bệnh nhân không tham gia buổi khai trương này. Người đang được nhầm lẫn với Bệnh nhân N.T.N là bạn Trần Hồng Hạnh, bạn ấy đã đính chính thông tin trên trang cá nhân của bạn ấy. Hơn nữa Event VIP Uniqlo được diễn ra vào tối ngày 5/3/2020, trong khi bệnh nhân đã nhập viện vào 18h cùng ngày. Ngoài ra, bên phía Uniqlo cũng đã khẳng định thông tin danh sách khách mời đặc biệt của buổi lễ không có tên bạn N.T.N. 2. Bệnh nhân đi khám Tai Mũi Họng tại phòng khám của nữ bác sĩ S.P tại căn hộ tầng 18 Time City (tiếp xúc ngày 05/03/2020) chứ không phải là “ngủ cùng người yêu tại tầng 18 Time City” như tin đồn. 3. Ca nhiễm số 17 cũng không đi 1900, chính 1900 cũng xác nhận bức ảnh đó không chụp tại 1900.  4. Mọi người ở các khu vực bị phong toả (Trúc Bạch, Châu Long, Times city...) tuyệt đối không rời khỏi nơi cư trú để về quê, rời khỏi HN, bởi điều đó sẽ làm cho dịch bùng phát trên diện rộng - chẳng may bạn mang mầm bệnh, thì vô hình chung bạn biến thành chính cô gái đang bị cả HN réo tên.  5. Không share nguồn tin thất thiệt theo kiểu bạn làm ở đây nói thế, tin mật nghe được trên mạng, lướt ở FB. Thứ đáng sợ hơn cả bệnh dịch chính là sợ hoảng sợ mà những thông tin ấy gây ra.  6. Theo dõi những thông tin chính thống từ Bộ Y Tế, Đài TH Việt Nam, các Fanpage chính thức như VTV Thời Sự, Cổng thông tin chính phủ, VTV24 - có tích xanh.  7. Nếu có tiếp xúc hoặc nghi từng tiếp xúc với ca nhiễm số 17 (đặc biệt là đi trên chuyến nay VN0054) lập tức báo cho cơ quan chắc năng tiến hành cách ly, đừng biến mình thành “giặc dịch”.  Chống dịch như chống giặc, đừng biến bệnh nhiên số 17 thành cấp số nhân! Đừng để gái mười bảy bẻ gãy Thủ đô yêu dấu!  Ảnh: Kien NT Source: Khoa Virus - Kí Sinh Trùng - Bệnh viện Bệnh Nhiệt Đới TW Xem thêm",1583537834.0,1100,51,2100,0
725,-1639604456233988096,"Lãnh đạo UBND phường Vĩnh Tuy (quận Hai Bà Trưng, Hà Nội) đã kiểm điểm một số cán bộ khi để xảy ra sai phạm tại dự án Green Pearl 378 Minh Khai do Công ty CP phát triển nhà Phong Phú - Daewoo - Thủ Đức làm chủ đầu tư.

",1590021454.0,10,0,,0
726,-7845741394264275968,"THÔNG TIN VỀ CA NHIỄM COVID- 19  BN 39, nam, 29 tuổi, đã được xác định dương tính với SARS-CoV-2  Hướng dẫn viên du lịch công ty Amazing Ninh Bình - Địa chỉ: Cầu Giấy, Dịch Vọng, Cầu Giấy, Hà Nội... - Triệu chứng: Sốt nhẹ (37,6oC), không ho, không khó thở BN 39 đã hướng dẫn cho đoàn du khách Anh đi trên chuyến bay VN0054, đã được phát hiện dương tính tại Quảng Ninh. Ngày 8.3, biết du khách mình dẫn bị dương tính, anh đã tự đi xe máy đến Bệnh viện Xanh-pôn khám và đã được vào Bệnh viện Nhiệt Đới Trung ương 2 – cơ Đông Anh và cho kết quả dương tính với Covid 19. Bệnh nhân nhập viện Bệnh nhiệt đới Trung ương cơ sở 2, khoảng 21 giờ ngày 08/3/2020 và đã được bệnh viện lấy mẫu làm xét nghiệm COVID-19. Hiện bệnh nhân sức khỏe ổn định, đang được cách ly, theo dõi tại bệnh viện Bệnh nhiệt đới Trung ương. Xem thêm",1583928475.0,44000,4200,4200,0
727,1640000666715729920,"Hoá ra mức 2,3 bill ₫ vẫn là “trên trời” à?

“Ông Đỗ Văn Hùng, Giám đốc Sở Y tế tỉnh Quảng Trị, cho biết tỉnh đã trang bị một hệ thống máy xét nghiệm Realtime PCR với giá 1,5 tỉ đồng và máy tách chiết mẫu tự động 32 lỗ với giá 650 triệu đồng để phòng chống dịch Covid-19...”",1587871443.0,59,15,10,0
728,297491051505678016,"Theo Sky News, Tiến sĩ Gauden Galea, đại diện của WHO tại Trung Quốc, đã chấp nhận một cuộc phỏng vấn với truyền thông Anh Sky News hôm thứ Năm (30/4), nói rằng Trung Quốc đã nhiều lần từ chối yêu cầu của WHO tham gia vào cuộc điều tra nguồn gốc của virus Corona mới. Ông cũng bày tỏ nghi ngờ về tính chính xác của số liệu “trong suốt thời gian từ ngày 2/1 đến ngày 16/1, vẫn chỉ có 41 người được chẩn đoán bị bệnh” mà Trung Quốc cung cấp.",1588326347.0,22,0,1,0
729,8477036334164942848,"Công ty TNHH Health Star bán 2 sản phẩm G-star và L-star Original chứa chất Phenolphthalein, Sibutramine.

Cục ATTP cho biết, để giữ an toàn sức khỏe cho người dân, Cục đã cảnh báo người tiêu dùng không sử dụng sản phẩm trong thời gian các cơ quan chức năng đang xác minh, xử lý vụ việc.

Đồng thời, lên án mạnh mẽ hành vi sản xuất, kinh doanh thực phẩm là hàng giả, thực phẩm không bảo đảm an toàn. Hiện, Cục ATTP đang phối hợp với các cơ quan chức năng liên quan xử lý các tổ chức, cá nhân vi phạm.

Cụ thể, đối với sản phẩm thực phẩm bảo vệ sức khỏe L-Star, Cục ATTP đã chuyển hồ sơ đến Cơ quan CSĐT Công an tỉnh Nghệ An để điều tra, xác minh theo quy định của pháp luật hình sự.",1589516551.0,4,0,,0
730,7655621608138561536,"Để che giấu việc nhận 260 triệu đồng từ Đỗ Đức Hiếu, cựu trưởng Công an TP Thanh Hóa Nguyễn Chí Phương đã gọi 4 thuộc cấp tới yêu cầu lập khống 3 biên bản ghi nhận Hiếu đưa tiền cho mình vào các ngày khác nhau và có sự chứng kiến của 4 người trên",1588989052.0,35,9,7,0
731,3953151727056781824,"Thân ái gửi tới các em học sinh Trường THPT ĐÀ BẮC bài viết cảm động, chân thực, sâu sắc của Cô giáo CHU NGỌC THANH (gv trường THCS Hùng Vương - thị trấn Ia Kha, huyện IaGrai, tỉnh Gia Lai)    ***Cùng đọc để thấu hiểu và cùng chung tay hành động bảo vệ sức khoẻ cá nhân, sk cộng đồng và thêm yêu Tổ Quốc mình các em nhé! Các em học sinh thân mến!     Các em thấy đất nước mình có tuyệt diệu hay không? Trước hết, cô muốn các em khắc sâu trong tim mình bóng hình... đất nước. Và giờ thì cô sẽ nói rõ lí do vì sao cô lại muốn các em làm điều đó.    Vài ngày nữa, các em sẽ đi học trở lại sau hai tuần nghỉ học để phòng chống sự lan truyền của đại dịch Corona. Cô trò ta sẽ sắp gặp lại nhau sau một thời gian dài được nghỉ, và rồi, cô lại tiếp tục công việc của mình với những bài giảng mê say. Để chuẩn bị cho những bài giảng ấy, cô muốn bắt đầu bằng câu chuyện về đất nước mình trong những ngày vừa qua, những ngày mà báo đài và các cơ quan truyền thông nói rất nhiều về dịch bệnh.     Dịch bệnh thật khủng khiếp phải không các em? Nhưng hôm nay, cô không muốn nói về sự khủng khiếp ấy, cô cũng không muốn nói nhiều về cách phòng chống dich, bởi vì điều đó đã được Bộ y tế nhắc nhở hàng ngày. Cô chỉ muốn nói với các em về hình ảnh của đất nước ta trong cuộc chiến chống lại dịch bệnh với sự vào cuộc của cả hệ thống chính trị, với sự hi sinh cao cả của đội ngũ y bác sỹ, với sự thận trọng đầy trách nhiệm của tất cả mọi người… Bởi cô cho rằng, những bài học này, sách giáo khoa và chương trình học tập sẽ không cập nhật ngay được.     Các em thấy không? Theo cái lí lẽ bình thường thì khi điều gì khủng khiếp đang xảy ra , người ta sẽ phải lo cho mình trước nhất. Nhưng đất nước mình đã không làm như vậy! Ngoại trừ một số rất ít người thừa nước đục thả câu, tích trữ và nâng giá khẩu trang để trục lợi, thì còn lại là tất cả những người có trách nhiệm đang làm những việc rất nhân văn mà không có bất cứ công dân của một quốc gia nào làm được. Dưới sự chỉ đạo của Đảng, chính phủ đã ra tuyên bố: “chống dịch như chống giặc”, kèm theo một lời hiệu lệnh: “Trong cuộc chiến này sẽ không có ai phải ở lại phía sau”, để từ đó, chúng ta đã viết tiếp được bao điều kỳ diệu về dân tộc của mình. Trong lúc nhiều Quốc gia còn do dự việc cho người dân của nước họ từ vùng dịch trở về thì chính phủ ta lại tuyên bố một câu đơn giản “sẵn sàng đón bà con về nước”.     Chúng ta đã đón 950 công dân nước ta trở về rồi chăm sóc tập trung trong các doanh trại để thực hiện cách ly và theo dõi với chế độ ăn uống, ngủ nghỉ rất chu đáo. Rất nhiều những chiến sỹ phải vào rừng ở với thái độ rất vui vẻ và tự nguyện để nhường doanh trại của mình cho đồng bào mới về từ vùng dịch...     Và khi vùng tâm bệnh Vũ Hán chao đảo, ngả nghiêng với những con số người chết vì dịch bệnh gia tăng, đã có cả hàng trăm người đăng ký để được đến vùng tâm bệnh đón đồng bào mình trở về cũng như làm nhiệm vụ tiếp tế cho nước bạn. Rồi 15 người trong số hàng trăm người đăng ký đó đã may mắn trúng tuyển, họ đã tới Vũ Hán, chuyến bay làm nhiệm vụ quốc gia và quốc tế cũng đã hạ cánh an toàn đưa 35 người Việt trong vùng tâm bệnh trở về nước trong sự quan tâm , xúc động chan chứa nghĩa tình. Một bạn công nhân của một công ty thiết bị y tế nói với đầy lòng tự hào: “Cám ơn các bạn, họ đã được về, còn chúng tôi đang tăng ca để sản xuất khẩu trang bảo vệ mọi người” .      Còn đội ngũ những y bác sỹ thì làm việc đêm ngày, quyết phải khống chế bằng được đại dịch ấy. Họ vừa phải lo chữa trị cho bệnh nhân, vừa giam mình trong phòng nghiên cứu để “bắt” được con vi rút Corona. Dù phải “mặc quần áo phòng hộ trong suốt ca làm việc, mồ hôi ướt sũng, kính mờ đi, mặt hằn vết khẩu trang, nước không được uống và thậm chí không dám đi vệ sinh trong suốt ca làm việc” nhưng họ không một lời than thở. Sự hi sinh thầm lặng này đâu nói được bằng lời phải không các em?     Thật tuyệt vời khi sự hi sinh đó của họ được đáp trả lại thật xứng đáng bởi họ đã thành công khi Việt Nam là nước đầu tiên trên thế giới phân lập được virut, điều chế được típ thử chỉ trong vòng 7 tiếng. Mới đây nhất, Chính phủ đã triển khai khẩn cấp nhiệm vụ khoanh vùng, cách ly khu vực có dịch tại xã Sơn Lôi, huyện Bình Xuyên, tỉnh Vĩnh Phúc, lập 8 chốt ở những điểm thuận lợi trên những con đường đi vào và đi ra xã Sơn Lôi.     Ngành y tế cũng mua sắm rất nhiều trang thiết bị, lập bệnh viện dã chiến, chủ động đối phó với đại dịch. Những người bình thường thì đi phát khẩu trang miễn phí. Ngay cả các em bé cũng góp tiền mừng tuổi của mình để ủng hộ mua khẩu trang. Ở các nhà trường, thầy cô luôn trực chiến, chờ có lệnh là “vào cuộc” theo chỉ đạo của cấp trên. Trong thời gian trực chiến đó, thầy cô đã quét dọn sân trường, lau chùi vệ sinh phòng học, rắc vôi khắp trường, phối hợp với y tế để phun thuốc phòng dịch đến từng lớp học với mong muốn sẽ tạo ra một môi trường sạch sẽ nhất không có vi khuẩn để đón các em quay trở lại đi học.     Tất cả đã nỗ lực hết mình, nỗ lực hơn cả 200% sức lực của mình, nên mặc dù biên giới nước mình rất sát Trung Quốc, mặc dù có nhiều công dân nước mình từ Vũ Hán trở về, nhưng đến nay, cả nước ta mới chỉ có 15 ca bị nhiễm virut Crona, trong số đó có 6 người đã được ra viện. Có thể sắp tới sẽ có thêm một số ca nhiễm nữa, vì lúc đầu có một số người trở về từ Trung Quốc nhưng không hợp tác với các cơ quan chức năng nên chúng ta không thể nào kiểm soát hết được, nhưng cô tin rằng ngành y tế nước ta sẽ khống chế được dịch bệnh, bởi vì các bác sỹ của chúng ta rất tài giỏi và tận tâm, chính sách của Đảng và Nhà nước ta lại rất nhân văn nữa.    Cả thế giới nghiêng mình trước một Việt Nam bé nhỏ nhưng giàu lòng nhân đạo, nhân ái, nhân từ; cả thế giới ái mộ một Việt Nam tài giỏi đi đầu trong công tác phân lập để “bắt” được con virut khủng khiếp đó. Cô cũng cảm thấy mình thật may mắn khi được làm công dân của nước Việt Nam, và cô thật sự tự hào về đất nước mình, các em ạ! Cô cũng muốn cảm ơn Đảng, chính phủ và đội ngũ y bác sỹ thật nhiều nữa. Họ đã làm tất cả để chúng ta có thể được bình yên, bởi sự bình yên trong tâm hồn mới là vô giá.     Nếu cô biết vẽ, cô sẽ vẽ về hình ảnh của đất nước mình trong những ngày này thật đẹp với một sự mường tượng thật giản dị: trên một bầu trời u ám đầy những cuồng phong, có một dấu chấm màu xanh với lấp lánh những tia sáng đỏ tươi từ trái tim mang dáng hình chữ S. Cô rất hạnh phúc khi được trực tiếp cảm nhận vẻ đẹp của đất nước mình trong những ngày qua, đặc biệt là khi có một học sinh trong đội tuyển HSG của cô đã viết một comment dưới phần cô chia sẻ bài những cảm nhận của thế giới về Việt Nam trong dịch bệnh Corona như thế này: “Được là một công dân của Việt Nam ta cũng là một đặc ân cô nhỉ! Em được cô dạy cũng là một đặc ân nữa. Nếu không yêu đất nước thì em yêu quốc gia nào đây? Dù không giàu bằng những nước khác nhưng nước ta giàu cái ""tình"" giữa người với người,con người ta cũng rất dễ mến,cũng có rất nhiều cảnh đẹp. Em không cần phải đi tìm một đất nước để yêu ở đâu xa cả!” .     Trời ơi, cô mừng đến trào nước mắt luôn khi học trò của cô nghĩ được về đất nước mình với sự trân trọng, biết ơn và tự hào đến thế!    Phải rồi các em ạ, chúng ta “không cần phải đi tìm một đất nước để yêu ở đâu xa cả”, vì trong tim chúng ta, và thật sự là trên cả thế giới này nữa, đã luôn có một Việt Nam rất đỗi tuyệt vời! Dịch bệnh chắc sẽ chưa thể kết thúc sớm, nên cô hi vọng các em sẽ không quên lời nói của Tiếp viên trưởng chuyến bay của Hãng hàng không Quốc gia Việt Nam - Vietnam airline đến Vũ Hán khi ông đã nói thế này: ""Không sợ con vi khuẩn đó, chỉ sợ không đón được đồng bào về!"". Báo chí thế giới nói rằng, chúng ta có một chuyến bay ""ngạo nghễ"" trên bầu trời Trung Quốc. Một chuyến bay làm nhiệm vụ Quốc tế và Quốc gia - mang hàng hóa viện trợ cho anh bạn láng giềng với quy mô kinh tế 12 nghìn tỷ đô, đón những đồng bào đang ở Vũ Hán về nước, bảo vệ họ trước nguy cơ bệnh dịch. Cả thế giới biết rằng: ""Việt Nam cao thượng, Việt Nam đoàn kết, Việt Nam trọng tình nghĩa!"" các em ạ. Các em đã thấy đất nước mình đẹp như thế nào chưa? Để cho ai đó còn u mê lầm đường lạc lối, còn quay lưng lại với đất nước mình, với chế độ mình sẽ hiểu được: ""Bạn có thể từ bỏ Tổ quốc nhưng Tổ quốc thì không bao giờ từ bỏ những người con của mình!"".     Cô hi vọng rằng các em sẽ khắc sâu trong tim mình bóng hình đất nước hôm nay, sẽ cảm ơn thật nhiều nước Việt Nam hôm nay đã cho ta được sống trong niềm hạnh phúc được sẻ chia, được che chở. Cô tin rằng, tình yêu đất nước sẽ giúp các em được hạnh phúc và sẽ trở thành một thứ vốn liếng quý giá để sau này giúp các em trở thành người giàu có về tất cả. Còn bây giờ, cho phép cô được khép lại dòng tâm sự hôm nay bằng chùm thơ cô viết về đất nước, các em nhé!                   ĐẤT NƯỚC Ở TRONG TIM (Yêu tặng đất nước tôi trong đại dịch Corona) Đất nước mình bé nhỏ vậy thôi em Nhưng làm được những điều phi thường lắm Bởi hai tiếng nhân văn được cất vào sâu thẳm Bởi vẫn giữ vẹn nguyên hai tiếng đồng bào. Em thấy không ? Trong nỗi nhọc nhằn, vất vả, gian lao Khi dịch bệnh hiểm nguy đang ngày càng lan rộng Cả đất nước mình cùng đồng hành ra trận Trên dưới một lòng chống dịch thoát nguy. Với người láng giềng đang lúc lâm nguy Đất nước mình không ngại ngần tiếp tế Dù mình còn nghèo nhưng mình không thể Nhắm mắt làm ngơ khi ai đó cơ hàn. Với đồng bào mình ở vùng dịch nguy nan Chính phủ đón về cách ly trong doanh trại Bộ đội vào rừng chịu nắng dầm sương dãi Để họ nghỉ ngơi nơi đầy đủ chiếu giường. Với chuyến du thuyền đang khóc giữa đại dương Mình mở cửa đón họ vào bến cảng Chẳng phải bởi vì mình không lo dịch nạn Mà chỉ là vì mình không thể thờ ơ. Thủ tướng phát lệnh rồi, em đã nghe rõ chưa “Trong cuộc chiến này sẽ không có một ai bị để lại” Chẳng có điều gì làm cho mình sợ hãi Khi trong mỗi người nhân ái được gọi tên. Từ mái trường này em sẽ lớn lên Sẽ khắc trong tim bóng hình đất nước Cô sẽ nối những nhịp cầu mơ ước Để em vẽ hình Tổ quốc ở trong tim. Nhớ nghe em, ta chẳng phải đi tìm Một đất nước ở đâu xa để yêu hết cả Đảng đã cho ta trái tim hồng rạng tỏa Vang vọng trong lòng hai tiếng gọi Việt Nam! 13/2/2020                 (Cô giáo Chu Ngọc Thanh) Xem thêm",1581731644.0,6700,2700,8500,0
732,7050444021058475008,"- Hôm nay, Việt Nam tiếp tục phát hiện tới 12 ca mắc COVID-19. Thủ tướng Chính phủ Nguyễn Xuân Phúc đã quyết định nhiều vấn đề quan trọng để ngăn chặn dịch.  - Cũng từ 0h hôm nay, chính thức dừng đưa công dân Việt Nam từ các nước về sân bay Nội Bài - Bệnh",,19000,1400,2600,0
733,-4705183518513794048,"TP HCM, Hà Nội và 10 địa phương tiếp tục cách ly xã hội đến 22-4
Thủ tướng chấp thuận đề xuất của Ban chỉ đạo phòng chống Covid-19 quốc gia, cách ly xã hội đến ngày 22/4 đối với TP HCM, Hà Nội và 10 tỉnh thành có nguy cơ lây lan cao.",1586950242.0,,0,,0
734,-6868207203025274880,"Dư luận đặt câu hỏi vì sao không điều động bổ nhiệm ông Hoàng làm giám đốc Sở Nội vụ tỉnh Nghệ An từ ngày 1-5?. Trong tháng 5 và tháng 6-2020, ông Hoàng sẽ làm việc gì để chờ đến 1-7 mới được lên làm Phó Giám đốc Sở Nội vụ Nghệ An?.

[https://plo.vn/thoi-su/chu-tich-huyen-lam-chuyen-vien-2-thang-roi-moi-len-pho-gd-so-909440.html](https://plo.vn/thoi-su/chu-tich-huyen-lam-chuyen-vien-2-thang-roi-moi-len-pho-gd-so-909440.html)",1588162931.0,4,1,,0
735,3380755255845678080,"< GÓC TUYÊN DƯƠNG >

Sáng nay ngày 18/3, trong dịp nghỉ tết dài bất tận do Covid-19, 2 em học sinh ở phường Lạc Đạo không rõ đi chăn bò hay đi chơi net đã vô tình nhặt được ví tiền của anh Phan Văn Thông, bên trong có ~30 triệu. Thật đáng tuyên dương vì 2 em đã nhặt được của rơi tìm trả lại người bị mất.

Hai tấm gương đáng tuyên dương và nhân rộng 🥰
Bố mẹ 2 em chắc sẽ tự hào về con mình lắm cho mà xem 🥰

Lại có người bảo tuổi trẻ ai mà không mắc sai lầm  😅",1584521393.0,105,22,6,0
736,1637094071716932096,"Phải cho công ty vay hàng trăm triệu thì mới được về hưu thì chịu rồi 😢

https://laodong.vn/cong-doan/vu-phai-cho-cong-ty-vay-hang-tram-trieu-de-ve-huu-dun-day-ne-trach-nhiem-804221.ldo",1589095079.0,7,0,1,0
737,896764849329199104,"Theo thứ trưởng Bộ Công Thương, cần phải có cách tiếp cận mới trong việc đàm phán các thoả thuận của dự án như hợp đồng mua bán điện, có như vậy mới tránh tình trạng như các dự án BOT mất cả chục năm cho công tác chuẩn bị.",1590561972.0,3,0,,0
738,-5342659397765167104,"Một cơ sở y tế tại Quận Snohomish, Washington đầu tuần này thông báo rằng bệnh nhân nhiễm virus corona mới đầu tiên tại Mỹ đã được điều trị thành công bằng thuốc Remdesivir. Bệnh nhân này hiện đã được xuất viện, đang hồi phục và tự cách ly tại nhà. Quý vị cũng có thể xem trực tiếp trên: Channel 57.14 KJLA (Southern California) Roku App: Vietmedia Channel... Website: www.vietmedia.tv YouTube: https://bit.ly/2S3xFtp #Vietmedia #VMTV Xem thêm",,5200,280,7900,0
739,-3945074536763892224,"🆘 VIỆT NAM CÔNG BỐ THÊM 5 BỆNH NHÂN MẮC COVID-19 LIÊN QUAN ĐẾN NỮ DOANH NHÂN SỐ 34 Chiều 12/3, Bộ Y tế đã xác nhận có thêm 5 bệnh nhân dương tính với SARS-CoV-2. Cụ thể: ✖️ BN40: Bệnh nhân nữ, 2 tuổi, quê quán thành phố Phan Thiết, tỉnh Bình Thuận, là cháu ruột có tiếp xúc gần với BN34. ... ✖️ BN41: Bệnh nhân nam, 59 tuổi, quê quán thành phố Phan Thiết, tỉnh Bình Thuận, là chồng có tiếp xúc gần với BN34.  ✖️ BN42: Bệnh nhân nam, 28 tuổi, quê quán thành phố Phan Thiết, tỉnh Bình Thuận, là con trai ruột có tiếp xúc gần với BN34.  ✖️ BN43: Bệnh nhân nữ, 47 tuổi, quê quán thành phố Phan Thiết, Bình Thuận, là bà sui gia có tiếp xúc gần với con dâu của BN34 là BN38.   ✖️ BN44: Bệnh nhân nam, 13 tuổi, quê quán huyện Hàm Thuận Bắc, tỉnh Bình Thuận, có tiếp xúc gần với nữ nhân viên của BN34 là BN37.  Như vậy, 5 người tiếp xúc với BN34 đã nhiễm Covid-19, nâng số ca lây từ nguồn này lên 8 và số bệnh nhân ở Việt Nam lên 44 người. Xem thêm",1584010700.0,36000,1600,2100,0
740,896764849329199104,"Theo luật sư Trương Thanh Đức, việc sửa đổi, hạn chế khu vực phân lô bán nền sẽ ảnh hưởng tới rất nhiều đối tượng. Do đó, không phải cứ thích là ban hành luật cấm mà phải xét tới sự phù hợp với tình hình phát triển của địa phương và kinh tế xã hội.",1591082229.0,,0,,0
741,-6619105823571376128,"Hà Nội, Hải Phòng, TP.HCM đã có, Thanh Hóa sắp có trường liên cấp Vinschool. Các tỉnh khác thì khi nào có đây?
",1590203515.0,6,0,6,0
742,-2338446493805937152,"Ngày 2/6, nhiệt độ tại Hà Nội dao động từ 36-38 độ C, có thời điểm lên đến 42 độ C (nhiệt độ ngoài trời). Thời tiết gay gắt, khiến nhiều con đường như bốc hơi, người đi đường khốn khổ vì mắt cay xè.

[https://danviet.vn/duong-pho-ha-noi-nhu-boc-hoi-nguoi-di-duong-khon-kho-trong-nang-nong-42-do-c-2020060216193903.htm](https://danviet.vn/duong-pho-ha-noi-nhu-boc-hoi-nguoi-di-duong-khon-kho-trong-nang-nong-42-do-c-2020060216193903.htm)",1591091964.0,18,0,,0
743,5274084274198870016,"Ông Hoàng Tiến Đức, cựu giám đốc Sở GD&ĐT tỉnh Sơn La được triệu tập tới tòa với tư cách người làm chứng. Tuy nhiên, giống với nhiều lần mở tòa trước đó, ông Đức bất ngờ đổ bệnh và phải xin vắng mặt để đi điều trị.

",1590037852.0,5,1,,0
744,7566979896213350400,"Vì sao cao tốc Bắc - Nam vắng bóng những nhà đầu tư tài chính lớn?

Liệu có phải ám ảnh BOT đã thành nợ xấu tại các ngân hàng?

Nguồn tài chính cho cao tốc Bắc - Nam thế nào? Có nên chuyển 8 dự án PPP cao tốc về đầu tư công hay không?

Các nhà đầu tư “khoái” nhất đoạn tuyến cao tốc nào?

https://m.vietnamfinance.vn/vi-sao-cao-toc-bac-nam-vang-bong-nha-dau-tu-tai-chinh-lon-20180504224238595.htm",1589590976.0,15,1,,0
745,1543548005049796096,"# **Một điểm sáng trong ngành Nông nghiệp cần được biểu dương, động viên kích lệ: Nông dân miền núi Minh hóa, quảng bình  được mùa Lạc, giá cả lại ổn định ở mức cao.**
# Xin được chúc mừng bà con Nông dân ở Miền núi Minh hóa nói riêng và Ngành Nông nghiệp, ngành khuyến nông cả nước nói chung. Cầu mong Trời đất Mưa gió sẽ thuận hòa, nhà nước, chính quyền và ngành khuyến nông sẽ tiếp tục hỗ trợ đồng hành cùng bà con để các vụ mùa sau sẽ thu được những thắng lợi to lớn hơn đề bà con đỡ khổ cực.
# **Vụ đông xuân năm nay, huyện miền núi Minh Hóa (Quảng Bình) trồng gần 800 ha lạc, năng suất bình quân đạt 23 tạ/ha, tăng 0,5 tạ/ha so vụ đông xuân năm trước.**
# Lạc vừa được mùa, được giá cho nên nông dân rất phấn khởi. Trồng lạc nhiều nhất của huyện Minh Hóa là xã Trung Hóa với hơn 200 ha, năng suất đạt 25 tạ/ha. Giá bán tăng hơn năm trước, bà con thu hoạch đến đâu, có người mua hết đến đó. Nhiều hộ trồng lạc thu lãi từ 50 đến 100 triệu đồng/vụ. Ðể nâng cao hiệu quả của loại cây trồng này, huyện Minh Hóa khuyến khích, tạo điều kiện cho doanh nghiệp hợp tác với người dân trong việc trồng, thu mua và chế biến lạc theo chuỗi; đồng thời có chính sách hỗ trợ những giống chất lượng cao, hướng dẫn về kỹ thuật nhằm đưa năng suất lạc lên cao hơn nữa.

TIN VÀ ẢNH: HOÀNG PHÚC

[https://nhandan.com.vn/chinhtri/dan-toc-mien-nui/item/44962802-cay-lac-o-minh-hoa-duoc-mua-duoc-gia.html](https://nhandan.com.vn/chinhtri/dan-toc-mien-nui/item/44962802-cay-lac-o-minh-hoa-duoc-mua-duoc-gia.html)",1593395877.0,3,0,,0
746,-6924069813718051840,"Tài xế dừng xe bắn chim trên cao tốc Hạ Long - Hải Phòng bị triệu tập.

Đội tuần tra kiểm soát giao thông đường bộ cao tốc số 2 (Đội 2) cho biết đã lập biên bản xử lý trường hợp dừng xe trên làn dừng khẩn cấp để bắn chim trên đoạn cao tốc Hạ Long - Hải Phòng.

Lực lượng chức năng đã làm rõ được hành vi vi phạm của Vũ Huy D (trú tại TP Cẩm Phả, Quảng Ninh) trong vụ việc.

Theo quy định tại điểm b, khoản 6, Điều 5 Nghị định 100/NĐ-CP của Chính phủ, lái xe D bị phạt tiền 6 - 8 triệu đồng, ngoài ra bị tước giấy phép lái xe 2 - 4 tháng.

Đối với việc sử dụng súng bắn chim, Công an TP Cẩm Phả sẽ xử lý D theo đúng quy định.",1584326598.0,28,12,1,0
747,-362276473909720384,"TẠP CHÍ FORBES: “TẠI SAO CHÚNG TA NÊN NGHĨ NHIỀU HƠN ĐẾN VIỆT NAM ?”
—————————————
Theo phóng viên TTXVN tại Tel Aviv, Tạp chí Forbes phiên bản Israel vừa đăng bài viết có tựa đề “Tại sao chúng ta nên nghĩ nhiều hơn đến Việt Nam”, trong đó đánh giá cao thành tựu chính trị, kinh tế, ngoại giao và thành công của Việt Nam trong cuộc chiến chống đại dịch viêm đường hô hấp cấp COVID-19.

Bài viết đánh giá Việt Nam nằm trong số những quốc gia có mức tăng trưởng kinh tế cao nhất thế giới khi tăng trưởng Tổng sản phẩm quốc nội (GDP) năm 2019 là 7,02%. Việt Nam cũng là quốc gia xuất khẩu thặng dư liên tục trong 4 năm trong bối cảnh số quốc gia thâm hụt thương mại gia tăng.

Giải thích cho điều này, Forbes cho rằng Việt Nam đạt được thành tích như vậy vì đã không ngừng cải thiện môi trường kinh doanh và cấu trúc lại nền kinh tế. Theo Chỉ số cạnh tranh toàn cầu năm 2019, Việt Nam đã tăng 10 bậc xếp hạng so với năm trước đó, lên vị trí 67, trở thành một trong những nước có bước tăng lớn nhất trong năm. Ngân hàng Thế giới (WB) cũng đánh giá Việt Nam có tiến bộ rõ ràng trong cải thiện môi trường kinh doanh trong thập kỷ qua.

Báo cáo Kinh Doanh năm 2020 của WB xếp hạng Việt Nam ở vị trí thứ 70 trong 190 nền kinh tế. Thứ hạng này tương đối tốt khi 10 năm trước đó, Việt Nam đứng ở vị trí 90. So với các nền kinh tế có thu nhập đầu người tương đương, Việt Nam có thành tích vượt trội hơn. WB cũng nhận định Việt Nam sẽ tiếp tục tiến bộ trong năm 2020 và những năm tiếp theo. Đánh giá này dựa trên hai lý do chính là Việt Nam đã cải thiện việc tiếp cận thông tin tín dụng thông qua việc cung cấp dữ liệu cho người dùng từ các ngân hàng thương mại và nâng cấp hệ thống thu thuế giúp các doanh nghiệp nộp thuế dễ dàng hơn. Quá trình thu thuế hiện có thể được hoàn thành chỉ trong 1 ngày so với 2 đến 3 ngày làm việc như những năm trước đó. Môi trường kinh doanh được cải thiện đã giúp Việt Nam thu hút nhiều đầu tư nước ngoài hơn. Năm 2019, vốn đầu tư trực tiếp nước ngoài (FDI) cam kết đầu tư vào Việt Nam đã vượt mốc 38 tỷ USD, mức cao nhất trong 10 năm qua và tăng 7,2%/năm.

Forbes cũng cho biết Việt Nam đã ký 12 hiệp định thương mại tự do với các đối tác, bao gồm các hiệp định “thế hệ mới” có các cam kết cao hơn và rộng hơn. Nổi bật trong số các thỏa thuận này là Thỏa thuận thương mại tự do giữa Liên minh châu Âu (EU) và Việt Nam, ký vào tháng 6/2019. Đây là thỏa thuận đầu tiên của khối này với một quốc gia đang phát triển tại châu Á, mở đường cho việc giảm thuế đến 99% đối với hàng hóa giữa Việt Nam và EU. Bên cạnh đó, Forbes cũng đề cập đến việc Việt Nam là thành viên của Hiệp định Đối tác Toàn diện và Tiến bộ xuyên Thái Bình Dương (CPTPP).

Bên cạnh đó, bài viết cũng đánh giá cao Việt Nam trong cách thức đối phó với đại dịch COVID-19 đang bùng phát trên toàn cầu. Forbes đã dẫn lại bình luận của tờ Financial Times nói rằng “Việt Nam đã chứng minh mô hình kiểm soát bệnh dịch tại một đất nước với nguồn lực hạn chế nhưng có lãnh đạo đầy quyết tâm”. Dù có chung biên giới dài 1.100 km với Trung Quốc, song đến ngày 26/4, Việt Nam chỉ ghi nhận 270 ca nhiễm và chưa có ca tử vong nào do COVID-19.

Bài báo cũng dẫn lại lời Thủ tướng Nguyễn Xuân Phúc nói rằng “chống dịch như chống giặc”. Việt Nam đã chủ động ứng phó với dịch bệnh bùng phát trước khi nước này ghi nhận ca nhiễm đầu tiên. Theo Forbes, thành công trong việc kiểm soát đại dịch COVID-19 ở trong nước cho phép Việt Nam có nhiều không gian hơn để thực hiện vai trò của mình trong các diễn đàn ngoại giao khu vực và quốc tế.

Forbes cho biết với việc giành được 192/193 phiếu bầu, Việt Nam đã được bầu chọn là thành viên không thường trực Hội đồng Bảo an Liên hợp quốc nhiệm kỳ 2020-2021. Đây là lần thứ hai Việt Nam giữ vị trí này, chứng minh mong muốn của Việt Nam đóng góp cho an ninh và hòa bình của thế giới, đồng thời chứng tỏ Việt Nam là thành viên có trách nhiệm của Liên hợp quốc. Việt Nam cũng giữ chức Chủ tịch Hiệp hội các quốc gia Đông Nam Á (ASEAN). Đây là lần đầu tiên, Việt Nam đang cùng lúc giữ hai trách nhiệm một thời điểm.

Theo Forbes, đây là cơ hội cho Việt Nam tận dụng để phát triển mối quan hệ song phương với các quốc gia khác, tạo ra động lực mới để thúc đẩy vai trò và vị thế của đất nước. Trước đó, Việt Nam đã tổ chức Hội nghị thượng đỉnh lần 2 giữa Mỹ và Triều Tiên vào đầu năm 2019, được cộng đồng quốc tế đánh giá cao.

Từ ngày 23/4, Việt Nam nằm trong số các quốc gia đầu tiên trên thế giới mở cửa trở lại sau hơn 3 tuần khi đại dịch COVID-19 bùng phát. Việt Nam đã duy trì được ổn định kinh tế - xã hội trong suốt nhiều thập kỷ qua. Môi trường kinh doanh thuận lợi và các hiệp định thương mại tự do được kỳ vọng giúp gia tăng nguồn vốn đầu tư nước ngoài vào Việt Nam trong thời gian tới. Do đó, Forbes kêu gọi các nhà đầu tư nước ngoài nên nghĩ đến đầu tư vào Việt Nam trong bối cảnh nhiều nước khác đang chìm trong đại dịch COVID-19 và nguy cơ suy thoái kinh tế tại phương Tây.",1588299716.0,1,0,,0
748,1543548005049796096,"# **MỘT ĐIỂM SÁNG CỦA NỀN Y SINH HỌC VIỆT NAM RẤT ĐÁNG TỰ HÀO, ĐÁNG ĐỘNG VIÊN KHÍCH LỆ VÀ KHEN THƯỞNG XỨNG ĐÁNG.**
# **Vaccine Covid-19 “made in Vietnam” vượt tiến độ dự kiến**
#  Với quy trình nghiên cứu thần tốc, dự án vaccine “made in Vietnam” phòng virus SARS-CoV-2 được các nhà khoa học của Công ty Vabiotech triển khai với sự tài trợ của Quỹ Đổi mới sáng tạo VinIF (thuộc Tập đoàn Vingroup), đang có triển vọng “về đích” sớm. Dự án càng có ý nghĩa khi thế giới đang đối mặt với nguy cơ của làn sóng Covid-19 thứ hai.
# **Vượt tiến độ hai tháng**
# Một ngày giữa tháng 6, Thạc sĩ Mạc Văn Trọng - Công ty TNHH Vaccine và sinh phẩm số 1 (Vabiotech), Bộ Y tế nhận được tin từ TS Đỗ Tuấn Đạt (Chủ tịch Vabiotech), cho hay, dự án nghiên cứu, sản xuất vaccine phòng Covid-19 của ông và các đồng sự “đã có kết quả. Vaccine dự tuyển có tính sinh miễn dịch khá cao”.
# Với Thạc sĩ Trọng và nhóm nghiên cứu của Công ty Vabiotech, kết quả này có ý nghĩa “sống còn”. Dự án nghiên cứu, sản xuất vaccine phòng Covid-19 mà họ đang theo đuổi đang đi đúng hướng và đã cho kết quả bước đầu. *“Bốn tháng quên ăn quên ngủ của chúng tôi đã được đền đáp”*, nhà nghiên cứu của Vabiotech chia sẻ.
# Trước đó, ngày 15 và 29-5, hai lô mẫu huyết thanh của 50 con chuột đã tiêm dự tuyển vaccine Covid-19 lần lượt được gửi sang Viện Vệ sinh Dịch tễ Trung ương (VSDTTW) để đánh giá. Bằng việc tiêm so sánh với chính chủng virus hoang dại đã được bất hoạt cho chuột, Viện VSDTTW xác định các mẫu huyết thanh này đã cho đáp ứng kháng thể, trong đó có những mẫu đáp ứng khá cao.
# *“Đây là cơ sở để phát triển thành vaccine hoàn chỉnh”*, PGS, TS Nguyễn Lê Khánh Hằng, Phó trưởng Khoa Virus, Viện VSDTTW, nhận định.
# Với kết quả này, Vabiotech đã vượt tiến độ hai tháng của giai đoạn 1 dự án, cũng là giai đoạn quan trọng nhất trong quá trình nghiên cứu sản xuất vaccine Covid-19. Ở giai đoạn tiếp theo, vaccine dự tuyển sẽ được phát triển thành vaccine hoàn chỉnh, ổn định và đủ tiêu chuẩn để sử dụng cho người. Nhóm nghiên cứu cũng sẽ xây dựng quy trình sản xuất thương mại để có thể đáp ứng quy mô sản xuất lên tới hàng triệu, thậm chí là hàng chục triệu liều.
# Không sốt ruột trước thông tin nhiều nước đã bắt đầu thử nghiệm vaccine Covid-19 trên người nhưng các nhà khoa học của Việt Nam cũng đang thực sự chạy đua với thời gian, nhất là trong bối cảnh thế giới đang đối mặt với nguy cơ của làn sóng Covid-19 thứ hai. Theo các nhà nghiên cứu, Việt Nam không đặt mục tiêu dẫn đầu nhưng sẽ đón đầu nhờ kế thừa được các kinh nghiệm của thế giới ứng phó với loại virus rất mới SARS-CoV-2.
# *“Để cho ra đời vaccine hoàn chỉnh cần 9-12 tháng nữa, nhưng chúng tôi đang nỗ lực để rút ngắn thời gian này”*, Thạc sĩ Trọng cho biết. *“Dù vậy, so với mức trung bình 10 năm của một vaccine bình thường, thời gian 18-24 tháng để phát triển được một vaccine đã là một thành tựu rất đáng kể”.*
# Cũng theo đại diện Vabiotech, dự án lần này không chỉ dừng lại ở việc cho ra đời loại vaccine mà cả thế giới đang trông đợi, mục tiêu lớn hơn là giúp tăng tính chủ động về vaccine cho Việt Nam, nhất là các vaccine đại dịch. Nếu trong tương lai xuất hiện thêm virus chủng corona mới gây đại dịch ở người, với công nghệ sẵn có trong tay, chỉ cần “lắp ráp” phần gen của chủng virus mới vào là rất nhanh sẽ cho ra đời loại vaccine mới.
# *“Khi một nước nào đó có vaccine thương mại họ sẽ ưu tiên bảo vệ người dân của họ trước. Như đợt đại dịch cúm A/H1N, mua một liều vaccine đã khó chưa nói gì đến mua cả triệu liều. Vì thế, tính chủ động vaccine của một quốc gia là rất quan trọng”*, Thạc sĩ Mạc Văn Trọng lý giải.
# **Hai nghiên cứu về SARS-CoV-2 do VinIF tài trợ khẩn cấp đều có kết quả tốt**
# Sau chục năm tham gia và đứng chính nhiều công trình lớn nghiên cứu và sản xuất vaccine, với Thạc sĩ Mạc Văn Trọng, dự án lần này là đặc biệt nhất. Lý do không chỉ bởi bối cảnh “virus thế kỷ” đang nhấn chìm thế giới trong đại dịch mà còn bởi những sóng gió chưa từng có mà nhóm nghiên cứu đã trải qua.
# Dự án khởi đầu rất thuận lợi do được tài trợ kinh phí diện “khẩn cấp” của Quỹ VinIF, nhằm ứng phó với một đại dịch toàn cầu. Nhiều công đoạn nghiên cứu của dự án đã được thực hiện tại Phòng thí nghiệm của Đại học Bristol (Anh) ngay từ đầu tháng 2 nhằm đẩy nhanh tiến độ.
# Tuy nhiên, dự án đã suýt đổ bể khi châu Âu bị phong tỏa, toàn bộ các hoạt động nghiên cứu phải tạm dừng. Do đã lường trước nguy cơ này nên nhóm nghiên cứu đã làm việc gần như 24/7, mỗi ngày chỉ ngủ vài tiếng, để kịp hoàn thành kế hoạch đặt ra. May mắn là các thành viên vừa rời đi thì nước Anh phong tỏa và về đến Việt Nam ngay sát thời điểm đóng cửa đường hàng không hồi cuối tháng 3.
# *Chúng tôi đã chịu áp lực rất lớn. Lo ngại nhất khi đó là không chuyển được mẫu về Việt Nam, bởi nếu thế thì kết quả nghiên cứu gần 2 tháng trời sẽ đổ sông đổ biển”*, Thạc sĩ Trọng nói về quãng thời gian khó khăn nhất.
# Để bù tiến độ cho 14 ngày gián đoạn vì cách ly tập trung sau khi về nước, nhóm nghiên cứu tiếp tục làm việc với cường độ 1 ngày bằng 2 ngày. Phòng thí nghiệm của Vabiotech khi đó đã trở thành “phòng cách ly để nghiên cứu” của những nhà khoa học trở về từ Anh. Nhờ thế mà chỉ một tháng sau, dự tuyển vaccine đã được hoàn thành để tiêm thử nghiệm trên chuột.
# Công nghệ mà Vabiotech sử dụng trong sản xuất vaccine phòng chống dịch bệnh mà đến nay đã khiến gần 9 triệu người trên toàn thế giới nhiễm, gần 500.000 người tử vong, là công nghệ vector virus thay vì các công nghệ vaccine bất hoạt hay sống giảm độc lực như truyền thống. Đây là công nghệ mới, đa năng, cho hiệu suất sản xuất cao, không phụ thuộc vào việc nuôi cấy toàn thể tác nhân gây bệnh, phù hợp đối với các vaccine đại dịch.
# *“Nhờ nguồn kinh phí tài trợ, Công ty đã nâng cấp được hệ thống nuôi cấy tế bào Bioreactor vốn đã được trang bị gần 10 năm trước. Model thế hệ mới này thích ứng hơn với công nghệ vector virus mà chúng tôi đang dùng”*, TS Đỗ Tuấn Đạt, Chủ tịch Vabiotech, tiết lộ.
# Cũng theo tác giả của nhiều nghiên cứu phát triển vaccine “made in Vietnam”, dự án của Vabiotech có thể tăng tốc còn do được “hưởng lợi” từ những kết quả của đề tài nghiên cứu đặc điểm dịch tễ học của virus SARS-CoV-2 mà Viện VSDTTW đang triển khai. Đây cũng là một dự án cấp bách do Quỹ VinIF tài trợ ngay khi Covid-19 mới bùng phát. Nhờ các thông tin “giải mã” này mà dù nhiều nước đã “việt vị” trong dự đoán về dịch bệnh nguy hiểm bậc nhất đầu thế kỷ XXI, Việt Nam vẫn có thể làm chủ tình hình.
# *“Việt Nam đã xuất sắc khi trở thành một điểm sáng của thế giới về phòng chống và kiểm soát dịch bệnh. Chúng tôi kỳ vọng vào những thắng lợi tiếp theo, trong đó có vaccine Covid-19 “made in Vietnam”*, TS Đỗ Tuấn Đạt đặt mục tiêu.

AN HÀ

[https://nhandan.com.vn/khoahoc-congnghe/khoa-hoc/item/44992802-vaccine-covid-19-%E2%80%9Cmade-in-vietnam%E2%80%9D-vuot-tien-do-du-kien.html](https://nhandan.com.vn/khoahoc-congnghe/khoa-hoc/item/44992802-vaccine-covid-19-%E2%80%9Cmade-in-vietnam%E2%80%9D-vuot-tien-do-du-kien.html)",1593148646.0,10,1,,0
749,7621363591895921664,"Chiều 10-4, một xe ben nổ lốp lật ngang đường bốc cháy dữ dội trên quốc lộ 1 đoạn qua địa quận 12, TP.HCM, gây ùn tắc nghiêm trọng. Vụ tai nạn trên khiến chiếc xe hư hỏng nặng.
#tintucmoingay",1586608103.0,11,2,1,0
750,1543548005049796096,"# **XÚC ĐỘNG TRƯỚC VIỆC LÀM NHÂN ÁI CÓ Ý NGHĨA NHÂN VĂN CAO CẢ CỦA CÁC ANH CHỊ TRONG LỰC LƯỢNG CÔNG AN NHÂN DÂN. XIN TRÂN TRỌNG CẢM ƠN CÁC ANH CÁC CHỊ, MONG RẰNG CỘNG ĐỒNG SẼ LAN TỎA NHỮNG CÂU CHUYỆN ĐẸP VỀ NHỮNG NGƯỜI CHIẾN SĨ CÔNG AN NHÂN DÂN.**
# **Trao nhà tình nghĩa cho gia đình có hoàn cảnh đặc biệt khó khăn.**
# Ngày 26/4/2020, Công an huyện Bát Xát, tỉnh Lào Cai đã tiến hành bàn giao ngôi nhà tình nghĩa cho một hộ gia đình đặc biệt khó khăn tại thị trấn Bát Xát, huyện Bát Xát.
# Gia đình ông Bùi Văn Bình và bà Nguyễn Thị Cấn tại khu 6, thị trấn Bát Xát, huyện Bát Xát, tỉnh Lào Cai là một trong những hộ nghèo đặc biệt khó khăn. Hai ông bà già yếu, không có thu nhập ổn định, ngoài ra ông Bình còn bị mắc nhiều căn bệnh tuổi già mất hoàn toàn sức lao động.
# Tháng 3/2020, bằng nguồn kinh phí do cán bộ, chiến sỹ Công an huyện đóng góp và xã hội hóa, Công an huyện Bát Xát đã tiến hành tháo dỡ căn nhà cũ hơn 30 năm của ông bà đang bị xuống cấp nghiêm trọng, gây nguy hiểm đến tính mạng nếu như vẫn tiếp tục sử dụng.
# Căn nhà khang trang với diện tích hơn 80m2 được thiết kế 1 phòng khách, 2 phòng ngủ, 1 bếp và bố trí đầy đủ công trình phụ liền kề. Ngoài ra, Công an huyện Bát Xát còn mua đầy đủ giường, tủ, bàn ghế, ti vi, bếp gas và các đồ đạc phục vụ sinh hoạt hàng ngày cho ông bà.
# Với mong muốn 2 ông bà có cuộc sống đầy đủ, ấm no hơn, cán bộ chiến sỹ Công an huyện đã hỗ trợ cho gia đình 50 con gà giống để ông bà làm vốn chăn nuôi, trang trải cuộc sống.
# Sau hơn 1 tháng thi công, ngày 26/4, công trình đã được hoàn thành và bàn giao cho gia đình ông Bình với tổng giá trị hơn 250 triệu đồng. Ngôi nhà khánh thành được đưa vào sử dụng đã mang đến niềm vui, hạnh phúc cho hai ông bà yên tâm sinh sống.
# Đây là hoạt động ý nghĩa, thể hiện tinh thần lá lành đùm lá rách của lực lượng Công an huyện Bát Xát, Lào Cai, giúp cho nhân dân có được cuộc sống ấm no hơn.
# Quỳnh Trang - Thanh Tuấn

[http://cand.com.vn/Cong-an/Trao-nha-tinh-nghia-cho-gia-dinh-co-hoan-canh-dac-biet-kho-khan-592549/](http://cand.com.vn/Cong-an/Trao-nha-tinh-nghia-cho-gia-dinh-co-hoan-canh-dac-biet-kho-khan-592549/)",1587960639.0,2,1,,0
751,-2687365942972691968,"TIN BUỒN ĐẦU TUẦN - MỘT VỤ THẢM SÁT VỪA XẢY RA TẠI CANADA.

Theo nhà chức trách, trong số những nạn nhân có cả một nữ cảnh sát. Kẻ sát nhân có thể đã đối đầu với cảnh sát. Tuy nhiên y đã bị giết chết trong quá trình đấu súng.

Tại tỉnh Nova Scotia trên bờ biển phía đông của Canada, một người đàn ông đã giết chết ít nhất 16 người trong một cơn điên loạn. Một nữ cảnh sát cũng trở thành một trong số những nạn nhân, cảnh sát cho biết tại một cuộc họp báo. Việc điều tra đang bắt đầu. Tội phạm bị cáo buộc là một người đàn ông 51 tuổi, đã đối mặt với cảnh sát tại một trạm xăng phía Tây Bắc Halifax vào chiều chủ nhật, hôm qua, 19.04. Tuy nhiên y đã bị giết chết trong cuộc đấu súng. Hiện chưa rõ liệu có phải thủ phạm đã tự sát hay bị cảnh sát bắn chết. Trước đó đã có một cuộc săn đuổi diễn ra hàng giờ.

Các nạn nhân đã được tìm thấy ở nhiều địa điểm khác nhau tại tỉnh thuộc khu vực Đại Tây Dương, miền đông Canada.

Vào đêm hôm qua, Chủ nhật 19.04, các nhà điều tra đã tìm thấy nhiều người bị giết chết trong một khu chung cư. Cảnh sát trưởng Leather nói về một ""cảnh tượng hỗn loạn"" ở nơi xảy ra vụ thảm sát. Tại những nơi khác, có nhiều đống lửa được đốt lên ngoài vườn các khu nhà.

Ban đầu các nhà điều tra không cung cấp chi tiết về động cơ của kẻ gây án. Theo cảnh sát trưởng Leather, có nhiều dấu hiệu cho thấy nghi phạm đã lên kế hoạch trước cho cuộc thảm sát, trong đó nạn nhân bao gồm cả những người mà y không hề quen biết. Nghi phạm đã ăn mặc như một sĩ quan cảnh sát và lái một chiếc xe tuần tra.

Ngay trong đêm chủ nhật, cảnh sát hoàng gia Canada đã nhận được báo cáo về một kẻ tấn công vũ trang. Các cư dân đã được kêu gọi hãy ở trong nhà và đóng cửa. Sau đó, người ta bắt đầu nghe thấy tiếng súng nổ...

Sự kiện đã diễn ra tại thị trấn nhỏ Portapique thuộc tỉnh Nova Scotia. Cho đến bây giờ người ta cũng vẫn chưa biết lý do của vụ thảm sát. Thủ tướng Canada Justin Trudeau đã gọi đây là một ""tình huống khủng khiếp.""

Tình trạng sở hữu súng cá nhân là phổ biến ở Canada. Với 34,7 khẩu súng cho mỗi 100 người, Canada giữ vị trí thứ 5 trên thế giới. Mỹ đứng số 1 trong bảng xếp hạng với 120,5 khẩu súng/100 người. Tuy nhiên chuyện thảm sát ở Canada là rất hiếm. Gần đây nhất, đã xảy ra một vụ thảm sát tương tự làm nhiều người thiệt mạng vào năm 1989, khi một kẻ tội phạm bắn chết 14 phụ nữ tại trường ĐH Bách khoa Montreal.

***Tin đã được đưa bởi /dpa/Reuters/ap/fie/kler vor 58 Min.",1587370760.0,24,3,2,0
752,7050444021058475008,"Các chuyên gia y tế thuộc Bệnh viện Nhân dân của Đại học Vũ Hán và Viện virus học Vũ Hán thuộc Viện Hàn lâm Khoa học Trung Quốc đã phối hợp nghiên cứu tìm thấy acid nucleic của virus nCoV trong chất bài tiết và trực tràng của bệnh nhân. Đáng chú ý, những người này có dấu hiệu ban đầu lại chỉ là tiêu chảy chứ không phải sốt như các trường hợp phổ biến. Điều này cho thấy virus Corona mới gây bệnh viêm đường hô hấp cấp nguy hiểm hiện nay có thể truyền nhiễm qua hệ tiêu hóa. Các chuyên gia thuộc Khoa hô hấp, Viện Nhi thuộc Đại học Chiết Giang hôm nay cho biết, vẫn có nguy cơ truyền nhiễm từ mẹ sang con ở những thai phụ nhiễm virus Corona mới.",1580648456.0,14000,1300,2200,0
753,7285313006891536384,"New York Times đã dành trọn trang nhất và 3 trang trong số báo ra ngày 24-5 cho 1.000 bệnh nhân đã qua đời vì COVID-19 ở Mỹ. ""100 năm nữa, khi nhìn lại, thế hệ sau sẽ hiểu những gì chúng ta đang trải qua"", một biên tập viên chia sẻ trên trang báo.

Tờ báo có sức ảnh hưởng lớn ở Mỹ nhấn mạnh trong dòng tựa ""Số người tử vong ở Mỹ đã gần 100.000 người, một mất mát không thể kể xiết"".

Bên dưới, danh sách dài như vô tận tên của những nạn nhân đã qua đời vì COVID-19 xuất hiện, đi cùng với đó là câu chuyện cuộc đời từng người. Vỏn vẹn vài ba từ cũng đủ chất nặng nỗi buồn lên tâm trí người đọc. Họ đã sống rất đẹp, rất ý nghĩa, trong niềm trân trọng, yêu thương của gia đình, của cộng đồng, của thế giới, của xã hội và tờ New York Times.

""1.000 người ở đây chỉ đại diện cho 1%. Họ không chỉ là những cái tên trong một danh sách. Họ là chúng ta"", NYT nhấn mạnh trong đoạn giới thiệu ngắn ở đầu bài. Cách tờ báo này đưa chi tiết về những người đã mất khiến nhiều người suy nghĩ.

Có những người nổi tiếng đã xuất hiện trong cáo phó đặc biệt của NYT. Chẳng hạn như ""Joe Diffie, 62 tuổi, Nashville, ngôi sao ca nhạc giành giải Grammy"" hay ""Lila A. Fenwick, 87 tuổi, thành phố New York, phụ nữ da đen đầu tiên tốt nghiệp Trường luật Harvard"".

Nhưng đó không phải là đặc quyền dành cho một nhóm nhỏ. Hàng trăm người bình thường khác cũng được giới thiệu theo cách trịnh trọng như thế trên NYT. Đó là ""Myles Coker, 69 tuổi, thành phố New York, người được giải thoát khỏi cuộc đời trong tù"", là ""Ruth Skapinok, 85 tuổi, Roseville, người để đồ ăn trên tay cho đám chim sau vườn ăn"" hay ""Jordan Driver Haynes, 27 tuổi, Cedar Rapids, chàng trai trẻ tốt bụng với nụ cười làm người khác say mê"".

Theo trang www.worldometers.info, số ca tử vong vì COVID-19 tại Mỹ hiện đã ở con số 98.750 người trong tổng số 1.670.663 trường hợp nhiễm bệnh. Tuy nhiên, Đài CNN dẫn lời các chuyên gia lo ngại con số thực tế có thể còn cao hơn do rất có thể nhiều bệnh nhân COVID-19 đã tử vong tại nhà và không được ghi nhận.

Hôm nay(24/5) ở khắp nơi trên thế giới, người ta chia sẻ câu trang bìa của New York Times để nhắc nhở nhau rằng, rồi một ngày chúng ta sẽ quên đi con số cập nhật mỗi ngày nhưng sẽ không bao giờ quên được sự ra đi của một người nào đó xung quanh mình.

Khi nhớ lại rằng họ - những người qua đời vì COVID, đã viết cuốn sách mà ta từng say mê đọc, sáng tác bài hát bạn vẫn ngâm nga, dạy bạn cách trở thành người tử tế hay lan tỏa những điều tốt đẹp trong cộng đồng, chúng ta sẽ biết cuộc đời mình đã thay đổi mãi mãi về sau...

Xin cầu nguyện cho tất cả!

Hoàng Nguyên Vũ Tổng hợp",1590364476.0,8,0,,0
754,-7558971011787475968,"Giúp mình chia sẻ bài này với cả nhà
Chúng tôi làm vì bạn - Bạn vì chúng tôi hãy ở nhà. Chỉ ra đường khi cần thiết",1585304871.0,,0,,0
755,-3533482413411831808,"Mưa 30 phút ở TP.HCM, đường sá ngập trong “biển nước”, cây cối ngã đổ

Chiều 25/4, 1 cơn mưa lớn kéo dài khoảng 30 phút trút xuống địa bàn TP.HCM khiến 1 số đường bị ngập, việc đi lại của người dân gặp khó khăn.

Theo ghi nhận, khoảng 15h30 cùng ngày, mưa lớn kèm gió trút xuống quận 12, quận Gò Vấp… làm nhiều tuyến đường bị nặng, 1 số nơi ngập nhẹ.

Tại đường Nguyễn Văn Quá, quận 12 bị ngập nửa bánh xe, nhiều xe bị chết máy. Nhiều nhà dân ven đường bị nước tràn vào nhà, bốc mùi hôi khó chịu.

Tại đường Lê Văn Thọ, quận Gò Vấp, mưa lớn kèm gió giật mạnh làm 1 cây xanh bật gốc, đổ xuống đường, vụ việc không gây thiệt hại về người nhưng khiến người lưu thông trên đường hú vía.

Theo Đài khí tượng thủy văn khu vực Nam Bộ, qua theo dõi trên ảnh mây vệ tinh và ảnh Radar Nhà Bè cho thấy mây đối lưu đang phát triển và gây mưa rào, kèm dông trên khu vực Bình Phước, Đồng Nai, TP.HCM, Bình Dương, Long An… có nơi mưa vừa đến mưa to.

Trong những ngày tới, mây đối lưu tiếp tục phát triển gây mưa rào và dông cho các khu vực trên, có nhiều nơi mưa vừa đến mưa to, trong cơn dông cần đề phòng lốc, sét và gió giật mạnh.",1587811953.0,10,0,1,0
756,-8810780645292804096,"Dưới đây là hình ảnh của các y bác sĩ chuẩn bị cho cho ca làm việc đầu tiên của mình trong phòng điều trị virus corona sau khi sẵn sàng bước vào khu vực cách ly tại Vũ Hán. Các nữ y tá cắt tóc cho nhau để mũ bảo hộ vừa khít với đầu, giảm thiểu nguy cơ tóc mang virus theo và phát tán khắp bệnh viện. Sau khi mặc đồ bảo hộ, họ nhờ đồng nghiệp viết tên mình lên bộ đồ màu trắng toát để phân biệt ai với ai. Do cường độ làm việc quá cao nên các nhân viên y tế ngủ gục ở bất cứ đâu. C...ó những giọt nước mắt đã rơi, có cả những mệt nhoài mà không phải ai cũng hiểu được... Cre: 24h #coronavirus Xem thêm",1580641881.0,8100,674,3800,0
757,5287140817167269888,"Khát nước

https://tuoitre.vn/moi-nguoi-o-ho-ngheo-phai-trich-50-000-dong-ho-tro-covid-19-de-thon-uong-nuoc-20200611175323076.htm",1591930645.0,5,2,,0
758,1543548005049796096,"# **Theo em thì Ban Tuyên giáo Trung ương nên chỉ đạo tất cả Báo chí Cách mạng của bên ta nên xóa bài, sửa tít tút, đổi ruột nội dung và thay toàn bộ hình ảnh.**
# Hàng cây sưa này ở ngay đối diện, cách trụ sở Công an Quận Cầu giấy và Tổng cục ...... chỉ vài chục mét . Hà Nội là Trung tâm Chính trị, Hành chính của cả nước, nơi hội tụ tinh hoa của tất cả các cơ quan đầu não trung ương từ Đảng, Đoàn Thanh niên, Đội thiếu niên, Hội Phụ nữ, Mặt trận Tổ quốc, Lập pháp, Tư Pháp, Hành Pháp và đặc biệt là Công an Quận đội ...... .
# Hà Nội vốn được chúng ta ca tụng với nhau là Thủ đô Thanh bình, An Ninh , An toàn Văn hóa đáng sống bậc nhất Hành tinh.
# Vậy, liên quan đến đề phòng trộm cướp lặt vặt cò con, liệu Báo Nhân dân Báo chí cách mạng có nên giật tít, đăng bài.
# **Trang bị “áo giáp”, lắp camera bảo vệ hàng sưa đỏ quý hiếm**
# **Hàng cây sưa đỏ quý hiếm trên đường Nguyễn Văn Huyên (Cầu Giấy, Hà Nội) được bao bọc bởi hàng rào sắt từ gốc đến giữa thân. Ngoài ra, Ban Quản lý dự án còn lắp camera và cử người bảo vệ vào ban đêm, tránh sưa bị cưa trộm.**

[https://nhandan.com.vn/photo_news/social_photo/item/44877002-trang-bi-%E2%80%9Cao-giap%E2%80%9D-lap-camera-bao-ve-hang-sua-do-quy-hiem.html](https://nhandan.com.vn/photo_news/social_photo/item/44877002-trang-bi-%E2%80%9Cao-giap%E2%80%9D-lap-camera-bao-ve-hang-sua-do-quy-hiem.html)",1592529265.0,4,2,,0
759,-8316532421526346752,"Tính đến 6 giờ sáng 22/4/2020, Bộ Y tế không ghi nhận ca dương tính Covid-19. Hiện còn 52 người đang điều trị trên cả nước.",1587517789.0,7,1,,0
760,-518934768342074176,"Hiện bé sơ sinh bị bỏ rơi ở hố gas trong nắng nóng và kiến, dòi bu khắp dây rốn đã tỉnh, cháu có thể tự thở nhưng chưa ăn được, phải nuôi dưỡng qua đường tĩnh mạch.",1591701283.0,71,18,1,0
761,-3454077027764580864,"Thủ tướng yêu cầu nghiên cứu hỗ trợ các trường hợp sinh đủ hai con muốn mua nhà ở xã hội; ưu tiên vào các trường công lập, hỗ trợ chi phí giáo dục trẻ em; đồng thời thí điểm tăng trách nhiệm đóng góp xã hội đối với những trường hợp cá nhân không muốn kết hôn hoặc kết hôn quá muộn.
",1588682372.0,,0,,0
762,980202823095481600,"Còn nhiều Sao Bắc Đẩu tại Việt Nam?

Theo Ngân hàng Thế giới, nhân viên của Sao Bắc Đẩu đã tác động đến quy trình đấu thầu bằng việc giả mạo hồ sơ dự thầu và không cung cấp thông tin chính xác về việc tham dự của công ty này trong giai đoạn tiền kỳ hai dự án. Do vậy, đây được xem là những hành động thông đồng và gian lận.

Lệnh cấm vận đối với Sao Bắc Đẩu sẽ được thực hiện chéo bởi các ngân hàng phát triển đa phương khác theo Thỏa thuận Thi hành các Quyết định Tranh chấp được ký kết vào ngày 9/4/2010.

",1593240923.0,,0,,0
763,2528878906062548992,"COVID-19 update cuối ngày 11/3 Việt Nam có ca nhiễm thứ 39, Thủ tướng yêu cầu sẵn sàng phương án cách ly diện rộng, Virus đã biến chủng, đã tìm được du khách người Anh tiếp xúc gần với số 17 rồi vào TPHCM... Tình hình đang khá căng thẳng vì số 39 và số 35 đã có quá trình làm việc, sinh hoạt, tiếp xúc với nhiều người, lịch trình di chuyển phức tạp. ... ◼️ SỐ 39 Nam 29 tuổi, Cầu Giấy, Hà Nội, đi nhiều nơi, gặp nhiều người trong 5 ngày. Là hướng dẫn viên du lịch có tiếp xúc với đoàn khách UK từ chuyến VN0054. Nhập viện và lấy mẫu xét nghiệm ngày 08/3 tại bệnh viện nhiệt đới trung ương cơ sở 2. ▪️ Lịch trình bệnh nhân khai báo:  - 5/3 ở nhà không đi đâu. - 6/3 thăm bạn, mua đồ ở Dịch Vọng, tiếp xúc 3 nhân viên, nhân viên có đeo khẩu trang. Đi lấy cao răng, tiếp xúc với 1 bác sĩ. Đi ăn sáng ở Dương Khuê, tiếp xúc với 2 người. - 7/3, đưa 1 đoàn khách đi Ninh Bình, tiếp xúc 1 lễ tân khách sạn. - 8/3 biết đoàn khách trên VN0054 dương tính, tự đi xe máy đến Bệnh viện Xanh Pôn khám, được đưa vào BV Nhiệt đới trung ương cơ sở 2. Phát hiện 20 người tiếp xúc F1, 79 người F2. ◼️ SỐ 36 - 37 - 38 Tiếp xúc gần với bệnh dân số 34 (nữ doanh nhân Bình Thuận), tất cả 3 bệnh nhân đều đang được cách ly và điều trị tại bệnh viện Đa khoa tỉnh Bình Thuận. ▪️ Số 36: Nữ 36 tuổi, giúp việc cho số 34. Đang sốt. ▪️ Số 37: Nữ 37 tuổi, nhân viên của số 34. Đang sốt. ▪️ Số 38: Nữ 28 tuổi, con dâu của số 34. Sốt, ho. ◼️ SỐ 35 Nữ 29 tuổi, nhân viên Điện Máy Xanh, Hải Châu, Đà Nẵng. Đã tiếp xúc với 2 bệnh nhân người Anh số 22-23, trong khoảng 10 phút, vào ngày 4/3, khoảng 18h45. Có hình ảnh cho thấy bệnh nhân có đeo khẩu trang nhưng trong quá trình trao đổi với 2 vị khách người Anh lại kéo khẩu trang xuống để nói chuyện. Số 35 cho biết trước đó đã đi khám và khai báo có tiếp xúc trực tiếp với số 22-23 nhưng bệnh viện chỉ yêu cầu cách ly tại nhà. ▪️ Lịch trình bệnh nhân khai báo: - Khoảng 18h45 ngày 4/3, tiếp xúc ~10-20 phút với số 22-23 đến ĐMX mua sim. Làm việc đến 22h, về nhà chồng ở phường Bình Thuận, Hải Châu. - 5/3 làm việc ở ĐMX từ 7-12h30. 13h họp tại Trung tâm Thế giới di động ở đường Điện Biên Phủ phường Hoà Khê với khoảng 40 người, về nhà mẹ ruột 15-20 phút, về nhà chồng. - Sáng 6/3 xuất hiện triệu chứng ho, nghỉ tại nhà chồng đến 15h, sau đó đi làm ĐMX đến 22h, về lại nhà chồng. - 7/3 đi làm ĐMX 7-15h, về nhà mẹ ruột 15-20p, về nhà chồng. - 18h30 7/3, đi siêu thị Danavi Mart cùng em chồng. Đến khuya mệt mỏi, sốt nhẹ. - 8/3 sốt cao, không đi làm, nghỉ ở nhà chồng. 14h đi khám Bệnh viện Đà Nẵng, chuẩn đoán viêm phế quảng, cấp thuốc, cho về. - Sáng 9/3, đọc báo thấy số 22-23 dương tính. 16h đi xe máy đến Bệnh viện Phổi và được khuyến cáo theo dõi tại nhà. - 17h 9/3 đi Vinmart đường Hoàng Diệu, 18h về nhà. thì Trung Tâm Y tế quận Hải Châu đến khám và khuyến cáo đi cách ly.  - 21h 9/3 tự đến Bệnh viện phổi, được cách ly, điều trị. Sau đó được chuyển đến khu cách ly Bện viện Đà Nẵng.  Cơ quan y tế Đà Nẵng bị nghi ngờ rằng đã chủ quan không cách ly ngay bệnh nhân số 35 khi bạn này đến khai báo có tiếp xúc và khi đó đã xuất hiện các triệu chứng bệnh. _____ VIRUS ĐÃ BIẾN CHỦNG _____ Khuyến cáo đi máy bay, taxi hay phương tiện công cộng nói chung đều phải mang khẩu trang. Italy đã ghi nhận có 4 biến chủng của Sars-CoV-2, khác với chủng của virus được xác định tại Vũ Hán. Việt Nam đang ghi nhận số 17 và số 20 có biểu hiện viêm phổi rõ nét (bao gồm viêm phổi kẽ) và biểu hiện nặng hơn so với bệnh nhân đến từ Anh (có triệu chứng mờ nhạt). Cũng có thông tin số 32 bị tổn thương phổi, chưa rõ mức độ tổn thương có nghiêm trọng không.  Mình chưa có thông tin cụ thể về 4 chủng này, sẽ update thêm khi có… TIN TỨC  ▪️ Thủ tướng yêu cầu sẵn sàng lên phương án cách ly trên diện rộng, đảm bảo vật tư y tế nếu dịch lây lan. Thủ tướng cũng yêu cầu xử lý nghiêm những trường hợp không chấp hành cách ly. ▪️ Hà Nội sẽ bố trí hơn 4.000 giường điều trị nếu dịch diễn biến phức tạp. ▪️ TP.HCM đang tìm kiếm khẩn cấp du khách người Anh trên chuyến bay VN0054, từng tiếp xúc gần với số 17. Tên Groman Manthew James Knight, 32 tuổi, quốc tịch Anh. Cập nhật: đã tìm được, chưa kịp cách ly, ông này đã về nước hồi rạng sáng nay 11/3/2020 ▪️ TP.HCM lập thêm 2 điểm cách ly tập trung ở Củ Chi và Nhà Bè. ▪️ Bình thuận muốn công an tìm người tiếp xúc với số 34 (nữ doanh nhân) vì người này cung cấp rất ít thông tin nên công tác xác định người tiếp xúc rất khó khăn. ▪️ Để phòng dịch CoVid-19, chánh án TAND Tối cao yêu cầu tòa án các cấp tạm dừng nhận đơn khởi kiện, tạm dừng mở phiên tòa đến hết tháng 3. ▪️ Bệnh viện tư ở HN không được điều trị người nhiễm CoVid-19. Chỉ thực hiện nhiệm vụ phát hiện, cách ly kịp thời, chuyển người bệnh đến đúng địa điểm tập trung, cách ly. ▪️ 4 ca nhiễm ở Hà Nội đã tiếp xúc F1 với 191 người, 569 người F2.  ▪️ Hoãn tổ chức thi Hoa hậu VN bị hoãn vì dịch. ▪️ Đồng Nai cho toàn bộ trẻ mầm non, học sinh tiểu học, THCS nghỉ đến hết 4/4.  ▪️ Cửa hàng The Coffee House chi nhánh Nguyễn Văn Linh, Hải Châu, Đà Nẵng tạm đóng cửa vì đã tiếp 2 khách người Anh nhiễm bệnh. _____ TIN QUỐC TẾ _____ ▪️ Thủ tướng Đức Merkel cảnh báo 40 triệu người dân Đức có nguy cơ nhiễm CoVid-19, cố gắng tập trung không làm quá tải hệ thống y tế. ▪️ Malaysia rà soát 5.000 tín đồ đạo hội dự lễ có người nhiễm bệnh. ▪️ Trung Quốc cử nhóm chuyên gia y tế đến Italy giúp chống dịch bệnh và mang theo hàng cứu trợ nhân đạo. ▪️ CDC Mỹ khuyến nghị người trên 60 tuổi tích trữ thực phẩm, thuốc men.  _____ KẾT _____ Tất cả thông tin mình tổng hợp từ các nguồn tin chính thống nên anh em cứ mạnh dạng share, không cần phải lo về tính xác thực nhé.  Nếu thấy bài viết hữu ích, có giá trị cho bản thân, cộng đồng và muốn ủng hộ mình thì thể donate cho mình qua Momo hoặc ZaloPay hén. Bao nhiêu cũng là tấm lòng hết, mình rất trân trọng sự đóng gióp của anh em. Momo, ZaloPay: 0913.000.333 Xem thêm",1583935717.0,1800,1200,5000,0
764,-8175383778281320448,"VIỆT NAM HỠI ~ VIỆT NAM ƠI ~ CÙNG ĐOÀN KẾT ĐANG BAY CORONA ""VIỆT NAM ƠI! ĐÁNH BAY COVID"" ... -  Ca sĩ, nhạc sĩ Minh Beta vừa chính thức ra mắt bản thu âm MP3 phiên bản “Việt Nam ơi! Đánh bay COVID” với phần lời hoàn toàn mới. -  Cùng với người Việt ở khắp mọi nơi đang đoàn kết đồng lòng, muôn triệu trái tim cùng thắp lên ngọn lửa tình nghĩa đồng bào thì khó khăn nào cũng sẽ vượt qua. -  Tinh thần ấy đã và đang được lan tỏa mạnh mẽ bằng nhiều cách thức. Âm nhạc cũng là một trong những cách hiệu quả, dễ đi vào lòng người và có tính hiệu triệu cao.  Video: NTV Xem thêm",,10000,227,3200,0
765,-6502184720892779520,"Xe đầu kéo chở thuyền 'khủng' dài gần 30m gây tắc nghẽn đèo Bảo Lộc

Xe đầu kéo chở chiếc thuyền dài gần 30 m đã gây tắc nghẽn đèo Bảo Lộc, bị cảnh sát giao thông tạm giữ, chiều 4/5.

Bước đầu tài xế khai được thuê chở chiếc thuyền cũ được chở từ TP HCM lên hồ thủy điện Đại Ninh (Lâm Đồng). Khi đến đèo Bảo Lộc, do thuyền quá dài nên mỗi lần ôm cua, xe lại chắn ngang đường, gây tắc nghẽn kéo dài cả hai chiều.

Một xe cẩu được nhờ hỗ trợ di chuyển thuyền mỗi khi xe bị vướng. Sau khi đi được khoảng 7 km đèo trong 3 giờ, xe đầu kéo biển số Bà Rịa - Vũng Tàu bị Cảnh sát giao thông Lâm Đồng đưa vào khu vực cứu hộ giữa đèo để giải tỏa ách tắc trên quốc lộ 20.

""Tài xế đã xuất trình được giấy phép lưu thông trên tuyến đường, tuy nhiên xe đi vào giờ cấm gây cản trở giao thông nên tạm giữ để xác minh thêm chủ nhân chiếc thuyền, xử lý"", đại diện Trạm Cảnh sát giao thông đèo Bảo Lộc cho biết.

Cre Hoài Thanh/ Vnexpress",1588601973.0,,0,,0
766,4312392395126636032,"Karex Bhd, công ty có trụ sở tại bang Selangor, nhà sản xuất bao cao su lớn nhất thế giới, đã phải tạm thời đóng cửa vì COVID-19, dẫn đến sự thiếu hụt khoảng 100 triệu chiếc bao cao su.",1585357132.0,11,4,2,0
767,1543548005049796096,"# Theo yêu cầu của Chủ tịch nước và yêu cầu của đoàn giám sát, liên ngành VKSND tối cao, TAND tối cao và Bộ Công an đã tiến hành xem xét vụ án này và đến nay có kết luận cho rằng việc kết án tử hình đối với Hồ Duy Hải về các tội danh trên là 'có căn cứ pháp luật, quá trình điều tra còn có một số vi phạm, thiếu sót nhưng không làm thay đổi bản chất vụ án'.
# Qua giám sát cho thấy việc giải quyết vụ án này có nhiều thiếu sót, vi phạm như quá trình khám nghiệm hiện trường không chú ý xem xét để thu giữ những đồ vật liên quan đến dấu vết trên cơ thể nạn nhân như cái thớt, chiếc ghế inox, con dao nên sau này khi bị can khai ra là hung khí vụ án thì cái thớt, con dao đã bị thất lạc không tìm lại được; chiếc ghế thu giữ sau này được cho là vật chứng không đúng với chiếc ghế phản ánh trong biên bản khám nghiệm và bản ảnh hiện trường.
# Kiểm tra việc sử dụng thời gian của Hải vào ngày xảy ra vụ án thiếu chính xác, chưa chặt chẽ; một số biên bản ghi lời khai, hỏi cung bị tẩy xóa, sửa chữa nhưng không có chữ ký xác nhận của người khai; động cơ, mục đích giết người nêu trong các kết luận của các cơ quan tố tụng chưa phù hợp với diễn biến vụ án"".
# Qua đó, báo cáo số 870 của đoàn giám sát tối cao của Quốc hội năm 2015 nhận định: ""Đây là những thiếu sót, vi phạm dẫn đến nghi ngờ về tính khách quan của kết luận điều tra, truy tố, xét xử"".
# **Đoàn giám sát này đã có báo cáo số 870 ngày 20-5-2015 **về kết quả giám sát về ""Tình hình oan, sai trong việc áp dụng pháp luật về hình sự, tố tụng hình sự và bồi thường thiệt hại cho người bị oan trong hoạt động tố tụng hình sự theo quy định của pháp luật"".

[https://tuoitre.vn/doan-giam-sat-cua-quoc-hoi-tung-danh-gia-vu-an-ho-duy-hai-co-nhung-thieu-sot-vi-pham-20200616115334575.htm?fbclid=IwAR07xzyOcl4uanNpDfEtfeNi766sB1wzI8QIOIVhqU0-UpPrRwJ5lNuCaDs](https://tuoitre.vn/doan-giam-sat-cua-quoc-hoi-tung-danh-gia-vu-an-ho-duy-hai-co-nhung-thieu-sot-vi-pham-20200616115334575.htm?fbclid=IwAR07xzyOcl4uanNpDfEtfeNi766sB1wzI8QIOIVhqU0-UpPrRwJ5lNuCaDs)",1592356052.0,20,4,1,0
768,-5029720148739410944,"Truyền thông Đức đưa tin Thủ tướng Đức, bà Angela Merkel đã quyết định thực hiện cách ly tại nhà sau khi gặp một bác sĩ có kết quả dương tính với virus corona chủng mới (SARS-CoV-2).",1584923344.0,19,0,,0
769,297491051505678016,"“Giữa đại dịch virus corona, Thủ tướng Nhật Abe đã đề xuất xây dựng chính sách kinh tế ‘rời khỏi Trung Quốc’ nhằm giảm bớt sự phụ thuộc vào Trung Quốc”, ông Nikki Haley, cựu đại sứ Mỹ tại Liên Hợp Quốc nói và thêm rằng, phía Mỹ “nên coi điều này là một ưu tiên”.
 Japan đã khởi động rồi, Việt nam bác Cả và các đồng chí lãnh đạo cao cấp còn lấn cấn điều gì nữa ?",1589347145.0,126,7,17,0
770,3788621513892423168,"Phát hiện ca dương tính Covid-19 đầu tiên tại tỉnh BDK.VN - 20 giờ 30 phút ngày 22-3-2020, Ban Chỉ đạo phòng chống dịch bệnh Covid-19 tỉnh (BCĐ) tổ chức cuộc họp khẩn cấp về diễn biến phát hiện trường hợp dương tính với Covid-19 trên địa bàn tỉnh. Chủ tịch UBND tỉnh Cao Văn Trọng, Phó chủ tịch Thường trực UBND tỉnh Nguyễn Văn Đức chủ trì cuộc họp. Trường hợp có kết quả dương tính với tác nhân vi-rút SARS-CoV-2 gây bệnh Covid-19 là bệnh nhân nữ, 17 tuổi có địa chỉ thường trú t...ại Tổ 15, ấp Thừa Lợi, xã Thừa Đức, Bình Đại. Ngày 17-3-2020, bệnh nhân từ Sarawak, Malaysia nhập cảnh về Việt Nam bằng đường hàng không, hạ cánh xuống sân bay Tân Sân Nhất (TP. Hồ Chí Minh). Số hiệu chuyến bay BI381, hàng ghế 27K. Sau khi xuống sân bay, 3 giờ 30 phút cùng ngày, bệnh nhân di chuyển bằng xe khách Công Tạo mang biển số 51B -142.48 về thẳng nhà.  Từ khi về địa phương, bệnh nhân có tiếp xúc với 2 người là mẹ ruột (cùng địa chỉ) và bạn trai ngụ Ấp 4, xã Thạnh Phước, huyện Bình Đại. Đến thời điểm hiện tại, bệnh nhân không có biểu hiện nào của bệnh, sức khỏe bình thường và được cách ly tại Trung tâm Y tế huyện Bình Đại. 2 trường hợp tiếp xúc sức khỏe ổn định. Trước đó, ngày 18-3-2020, bệnh nhân đã được ngành y tế huyện Bình Đại thực hiện cách ly y tế tại nhà theo quy định. Ngày 20-3-2020, theo thông báo mới của hệ thống y tế quốc gia, tất cả người nước ngoài nhập cảnh tại Việt Nam đều tiến hành xét nghiệm mẫu bệnh phẩm với Covid-19. Ngành y tế đã tiến hành lấy mẫu bệnh phẩm vào ngày 21-3-2020. Ngày 22-3-2020, Viện Pasteur TP. Hồ Chí Minh có thông báo mẫu bệnh phẩm dương tính. Sau khi ghi nhận ca dương tính, ngành y tế tiếp tục điều tra dịch tễ, giám sát những trường hợp có tiếp xúc gần với bệnh nhân. Kêu gọi tất cả các hành khách có liên quan đến chuyến bay, chuyến xe nêu trên nhanh chóng khai báo với ngành y tế và chính quyền địa phương để có sự hướng dẫn, theo dõi y tế và cách ly khi cần thiết nhằm kiểm soát dịch bệnh lây lan trong cộng đồng.  Tin, ảnh: P. Hân Nguồn : http://baodongkhoi.vn/phat-hien-ca-duong-tinh-covid-19-dau-… Xem thêm",1584928816.0,3800,3700,7400,0
771,7566979896213350400,"Trịnh Văn Quyết dự kiến bay Mỹ năm 2021, lên sang quý IV/2020

https://m.vietnamfinance.vn/chu-tich-trinh-van-quyet-bamboo-airways-du-kien-len-san-vao-quy-iv2020-tai-khoi-dong-duong-bay-my-cuoi-nam-2021-20180504224238716.htm",1589860203.0,8,0,,0
772,1543548005049796096,"# **Cảnh sát PCCC bất chấp nguy hiểm nhường mặt nạ chống độc cho nạn nhân vụ cháy tòa nhà dầu khí. Xứng đáng với danh hiệu và truyền thống vẻ vang của Lực lượng Công an Nhân dân "" Vì nước quên thân, vì dân phục vụ""**
# 17-01-2020 . Lao vào hiện trường cứu người trong vụ cháy tòa nhà dầu khí ở trung tâm TP Thanh Hóa, 2 chiến sĩ Cảnh sát PCCC Công an tỉnh Thanh Hóa đã có hành động kịp thời khi nhường mặt nạ chống độc cho những người gặp nạn, dù sau đó mình cũng gặp hiểm nguy.
# Sáng nay 17-1, tòa nhà dầu khí ở đại lộ Lê Lợi, phường Điện Biên (TP Thanh Hóa, tỉnh Thanh Hóa), nơi xảy ra vụ cháy đêm 16-1 khiến [2 người chết](https://nld.com.vn/-nguoi-chet.html) và 12 người nhập viện cấp cứu, đã được cơ quan chức năng phong tỏa hiện trường để điều tra, làm rõ nguyên nhân.
# Là người may mắn thoát nạn trong vụ [**cháy tòa nhà dầu khí**](https://nld.com.vn/chay-toa-nha-dau-khi.html), anh Trịnh Minh Trung (SN 1984, nhân viên Công ty kiến trúc Thanh Hóa) cho biết công ty anh thuê và làm việc tại tầng 9 của tòa nhà dầu khí, thời điểm đang làm việc, anh ngửi thấy mùi khét và có khói bốc lên nhưng không rõ cháy ở đâu.
# Một lúc sau, anh Trung mở cửa bước ra thì thấy khói đen bốc lên mù mịt. Lúc này, anh Trung và 1 người giám đốc tên Cường đã chạy ra cầu thang máy để xuống nhưng cùng lúc đó điện ngắt. ""Chúng tôi men theo cầu thang bộ, khi đi xuống thấy nhiều người la hét thất thanh và khói đen dày đặc nên chúng tôi đã quay lại đi lên tầng thượng rồi bật điện thoại kêu cứu""- anh Trung thuật lại.
# Nam nhân viên này còn cho biết do hít phải khí độc nên khi đi ngược lên, có lúc anh như muốn gục xuống, thế nhưng anh vẫn gắng gượng để trèo lên được tầng thượng. Anh Trung nói trong đời chưa bao giờ gặp phải cảnh tượng [cận kề cái chết](https://nld.com.vn/can-ke-cai-chet.html) như hôm qua. Sau khi lên tầng thượng kêu cứu khoảng 60 phút, anh và những người gặp nạn đã được lính chữa cháy tới hỗ trợ đưa xuống đất an toàn.
# Nằm điều trị tại Khoa Hô hấp, Bệnh viện Đa khoa tỉnh Thanh Hóa, [3 chiến sĩ Cảnh sát PCCC](https://nld.com.vn/-chien-si-canh-sat-pccc.html) Công an tỉnh Thanh Hóa vẫn còn khá mệt mỏi sau buổi tối vật lộn với ""giặc lửa"" để đưa các nạn nhân gặp nạn ra khỏi tòa nhà dầu khí.
# Thuật lại sự việc xảy ra tối qua 16-1, trung úy Vũ Việt Dũng (SN 1992), cán bộ Phòng Cảnh sát PCCC và cứu hộ cứu nạn, Công an tỉnh Thanh Hóa, cho biết vào khoảng 18 giờ 30 phút ngày 16-1, đơn vị anh nhận được thông tin vụ cháy xảy ra tại tòa nhà dầu khí ở TP Thanh Hóa nên đã nhanh chóng cùng các chiến sĩ khác tới hiện trường để dập lửa, cứu người.
# ""Tới nơi, chúng tôi thấy lửa đang cháy rất lớn tại tầng 3 của tòa nhà. Lúc này, các xe chữa cháy tiến hành phun nước dập lửa, còn anh em chúng tôi được giao nhiệm vụ tiếp cận khu vực những người gặp nạn. Khi chúng tôi lên tới tầng 7 thì phát hiện có rất nhiều người bị ngạt khí, lúc này có 2 chiến sĩ đi cùng là trung sĩ Nam và binh nhất Đông đã nhanh chóng [**nhường mặt nạ chống độc](https://nld.com.vn/nhuong-mat-na-chong-doc.html) **cho các nạn nhân để hỗ trợ đưa họ ra ngoài"" - trung úy Dũng nói.
# Cũng theo Cảnh sát PCCC Vũ Việt Dũng, sau khi [**nhường mặt nạ chống độc**](https://nld.com.vn/nhuong-mat-na-chong-doc.html) cho các nạn nhân, 2 cán bộ của anh cũng đã bị ngạt khí nhưng rất may đã được các chiến sĩ khác hỗ trợ đưa ra ngoài kịp thời.
# Nói về hành động nhường mặt nạ chống độc của mình cho các nạn nhân, trung sĩ Dương Văn Nam (1997) cho biết bản thân lúc đó chỉ muốn cứu người nên thấy nhiều người bị ngạt khí trong tòa nhà, anh đã quên cả bản thân mình nhường ngay mặt nạ chống độc cho người khác, rồi lao vào nhà vệ sinh đóng cửa tránh khói. ""Lúc nhường mặt nạ cho các nạn nhân, tôi và anh Tống Văn Đông đã phải chạy vào nhà vệ sinh xả nước, đóng cửa lại để chống khói và chờ các lực lượng khác tới ứng cứu"" - trung sĩ Nam kể lại.
# Trước đó, Báo* Người Lao Động* đã thông tin, vụ hỏa hoạn nghiêm trọng đã xảy ra tại khu vực tầng 3, Tòa nhà dầu khí trên đại lộ Lê Lợi, TP Thanh Hóa vào khoảng 18 giờ ngày 16-1. Ngọn lửa nhanh chóng bùng phát mạnh, thời điểm đó có nhiều người đang mắc kẹt trên các tầng cao của tòa nhà.

# Hiện trường vụ cháy tòa nhà dầu khí khiến 2 người chết và 12 người bị thương
# Nhận được tin báo, lực lượng Cảnh sát PCCC và cứu nạn cứu hộ Công an tỉnh Thanh Hóa đã điều 10 xe chữa cháy, gần 100 cán bộ chiến sĩ tới hiện trường, nhanh chóng tiến hành dập lửa và khẩn trương tiếp cận, giải cứu những người bị mắc kẹt. Đến khoảng 22 giờ cùng ngày, đám cháy đã được dập tắt hoàn toàn.
# Hậu quả, vụ cháy đã làm 2 người chết là chị L.T.P. (SN 1991, ngụ huyện Nông Cống) và chị N.T.T.H. (SN 1994, ngụ phường Đông vệ TP Thanh Hóa); 12 người bị ngạt khí, trong đó có 3 chiến sĩ Cảnh sát PCCC, Công an tỉnh Thanh Hóa.
# Được biết, tòa nhà Dầu khí Thanh Hóa cao 11 tầng, do Tổng công ty Cổ phần xây lắp dầu khí Việt Nam (Tập đoàn Dầu khí Việt Nam) sở hữu. Công ty này giao cho chi nhánh Thanh Hóa quản lý, sử dụng. Ngoài ngành dầu khí, tòa nhà còn có khoảng 30 đơn vị khác thuê địa điểm để làm việc. Thời điểm xảy ra hỏa hoạn, có rất nhiều người của các công ty khác nhau đang làm việc thêm giờ để kịp cho Tết.

[https://thanhnien.vn/thoi-su/chay-toa-nha-dau-khi-thanh-hoa-hai-chien-si-cong-an-nhuong-mat-na-cuu-nguoi-1173243.html](https://thanhnien.vn/thoi-su/chay-toa-nha-dau-khi-thanh-hoa-hai-chien-si-cong-an-nhuong-mat-na-cuu-nguoi-1173243.html)

[https://nld.com.vn/thoi-su/canh-sat-pccc-bat-chap-nguy-hiem-nhuong-mat-na-chong-doc-cho-nan-nhan-vu-chay-toa-nha-dau-khi-20200117134744898.htm](https://nld.com.vn/thoi-su/canh-sat-pccc-bat-chap-nguy-hiem-nhuong-mat-na-chong-doc-cho-nan-nhan-vu-chay-toa-nha-dau-khi-20200117134744898.htm)",1589189540.0,11,0,1,0
773,-809784908954192256,"ĐỒNG THÁP, ĐỒNG THÁP MƯỜI VẪY GỌI

Gương sáng và thực tiễn ngay trước mắt đây chứ đâu xa. Cứ phát động học với tập theo kiểu ngó ngang, ngó dọc, ngó sau hoài thì chỉ hoa mắt, mỏi cổ rồi rồi sụp cống mà thôi !

Một việc làm bằng vạn lời nói. Chúc các anh luôn giữ được sự tín nhiệm, ủng hộ của người dân và tiến xa hơn trên con đường xây dựng một xã hội văn minh, thịnh vượng.

“Vì Đồng Tháp có những người lãnh đạo thực sự như bạn đồng hành cùng người dân, cùng DN”

CÒN NHỮNG TỈNH THÀNH KHÁC VÀ HƠN NỮA LÀ NƯỚC VN THÌ SAO NHỈ ?

[https://dantri.com.vn/dien-dan/khi-bi-thu-xich-lo-va-chu-tich-xai-xe-may-20200521060345831.htm](https://dantri.com.vn/dien-dan/khi-bi-thu-xich-lo-va-chu-tich-xai-xe-may-20200521060345831.htm)",1590131847.0,15,1,3,0
774,-3533482413411831808,"Cặp đôi đang hot hiện nay - Vợ Việt 65 bên chồng ngoại 24 tuổi

Theo chia sẻ của chị Nguyễn Thị Hoa (cô dâu 65 tuổi, ngụ Đồng Nai ) thì chị và chồng vô tình quen biết nhau qua facebook.

Lúc đó, anh chàng Aziz Ur Rehman chính là người chủ động gửi lời mời kết bạn với chị Hoa. Đáng ngạc nhiên hơn, anh là người theo đuổi chị trước vì trúng tiếng sét ái tình khi nhìn hình chị trên facebook và ngỏ lời tỏ tình ngay trong lần đầu trò truyện online.

Tuy nhiên, lúc ấy chị Hoa không đồng ý. Phần vì không biết gì về chàng trai này, phần vì anh Rehman quá trẻ và chị nghi ngờ anh có ý đồ gì đó chứ không thật lòng yêu một người phụ nữ đã luống tuổi.

Tuy nhiên, sau lần gặp gỡ thì cả hai đã nhận ra tình cảm dành cho nhau. Rehman biết rõ bạn gái có 5 con riêng và  hơn mình nhiều tuổi nhưng chàng trai Pakistan sẵn sàng chấp nhận được chăm sóc và ở bên.  Chị Nguyễn Thị Hoa cho biết mình vô cùng hạnh phúc khi tìm được người bạn đời hết mực yêu thương, chiều chuộng mình.

Sau 2 năm hẹn hò, bất chấp rào cản ngôn ngữ, tuổi tác, quốc tịch, cả hai đăng ký kết hôn và về chung một nhà.

Dù là một cặp vợ già chồng trẻ, thế nhưng chị Hoa luôn là người được chồng cưng chiều và nhường nhịn. “Ban đầu nhìn ảnh, tôi thấy sao nó trẻ nó đẹp vậy mà nó thương mình, tôi nghĩ không ra. Ảnh biết tôi không có tiền. Nhiều người bảo ảnh vào Լợі ďụпɡ tiền bạc của tôi. Không có, tôi làm gì có tiền.” Chị Hoa chia sẻ.

Không ai nghĩ một tình yêu thế này sẽ xảy ra. Thế nhưng nó đang hiện hữu trước mặt và nhận được vô vàn sự chúc phúc sau thời gian dài bị nghi ngờ.

Thế nên mọi người đừng bi quan khi mình ế, có thể nửa kia của bạn vẫn còn chưa xuất hiện trên đời đâu 😢",1588488397.0,1,0,1,0
775,-668287906032589696,"Bình Thuận, từ 17 giờ ngày 26/3, TẠM DỪNG KINH DOANH nhà hàng, quán bia, quán ăn, café, giải khát có công suất trên 30 người. Các cơ sở hớt tóc máy lạnh, vui chơi giải trí dành cho thanh thiếu niên; các câu lạc bộ thể thao cũng phải TẠM DỪNG HOẠT ĐỘNG cho đến khi có chỉ đạo mới. Nguồn: https://binhthuan.gov.vn/mDefault.aspx…",1585147646.0,2400,607,2200,0
776,896764849329199104,"Bí thư Vương Đình Huệ cho biết Hà Nội đặt mục tiêu phủ kín các quy hoạch phân khu, đặc biệt quy hoạch hai bên bờ sông Hồng",1588689342.0,5,0,2,0
777,-4024059823917466112,"🔖 Lần đầu tiên ở Việt Nam có doanh nghiệp đổi xe ô tô cũ lấy xe mới.
💠 Chương trình được áp dụng cho tất cả các dòng ô tô đang lưu thông trên thị trường Việt Nam với thời gian chưa quá 7 năm. “Đổi cũ lấy mới” là chính sách lần đầu tiên xuất hiện trên thị trường ô tô Việt Nam, mang đến cho người tiêu dùng cơ hội chuyển đổi từ xe đang sử dụng sang những mẫu xe khác được VinFast thực hiện.
",1588931576.0,4,4,,0
778,-4438831643587737088,Ông Nguyễn Văn Điều - Trưởng ban Nội chính Tỉnh ủy Thái Bình đã bị Tỉnh ủy Thái Bình tạm dừng thực hiện nhiệm vụ do nghi vấn liên quan đến vụ tai nạn giao thông khiến 3 người thương vong trên địa bàn TP.Thái Bình vào tối ngày 8/5.,1589345908.0,103,21,7,0
779,1543548005049796096,"130 năm Ngày sinh Chủ tịch Hồ Chí Minh (19-5-1890 - 19-5-2020) – người con ưu tú của dân tộc Việt Nam, Anh hùng giải phóng dân tộc, Danh nhân văn hóa được thế giới ngưỡng mộ và tôn vinh - là dịp để chúng ta hiểu rõ hơn tầm vóc tư tưởng và sự nghiệp vĩ đại của một con người suốt đời toàn tâm toàn ý cống hiến cho đất nước, cho nhân dân; là dịp để chúng ta khẳng định tâm nguyện thực hiện những điều Người còn dặn lại trong sự nghiệp phát triển đất nước và con người hôm nay và mai sau.

",1590240736.0,3,0,,0
780,3739364081244643840,"Trường tiểu học Nguyễn Huệ, huyện Xuân Lộc đã nhanh chóng trang bị những chiếc chậu rửa tay thật dễ làm lại tiện dụng, chi phí thấp... phục vụ các em rửa tay phòng chống dịch COVID-2019.  Những chiếu chậu rửa tay có thể lắp đặt và di chuyển linh hoạt dễ dàng. Đây có thể là mô hình hay để nhiều trường tham khảo áp dụng.",1582894331.0,1800,166,2700,0
781,7705034727967971328,"Update :

Ca nhiễm Covid-19 tiếp theo là một tiếp viên hàng không của hãng Vietnam Airlines.

Đây là nữ tiếp viên của chuyến bay VN54, từ London, Anh về sân bay Nội Bài, Hà Nội.

Theo lịch trình :

- Ngày 6/3/2020 bệnh nhân đi làm trên chuyến bay số hiệu VN0051 SGN đi London (Heathrow Airport)

- Ngày 7/3/2020 bệnh nhân có đi chơi tại 1 số khu vực trong thành phố London cùng 1 người bạn (hiện tại sức khỏe bình thường), trong thời gian đi chơi tại Anh, bệnh nhân không đeo khẩu trang.

- Ngày 8/3/2020, bệnh nhân bay về Hà Nội trên chuyến bay số hiệu VN0054, đáp sân bay Nội Bài tầm 05h30 ngày 9/3/2020. Sau đó, bệnh nhân về khu vực ở của đoàn tiếp viên tại số 200 Nguyễn Sơn bằng xe của Đoàn tiếp viên cùng 1 số người trong tổ.

- Sáng 9/3/2020, bệnh nhân ở đoàn tiếp viên tiếp xúc với 1 số người, trong đó có ông xã.

- Ngày 10/3/2020, Bệnh nhân tiếp tục đi thuê 1 khách sạn tại Cổ Linh (quận Long Biên) và không về nhà tại Thanh Xuân, do ý thức có thể lây bệnh cho mẹ và con ở nhà. Tại đây gặp 1 lễ tân là nam giới, trẻ tuổi

- Sáng 11/3 bệnh nhân bắt taxi đi khám bệnh tại Trung tâm Y tế hàng không ở Nguyễn Sơn, gặp 01 Bác sỹ khám bệnh (có đeo khẩu trang), sau khi khám bệnh xong, bệnh nhân bắt grab lên bệnh viện Nhiệt đới Trung ương 2 nhập viện.
____

Về người tiếp xúc với bệnh nhân, đã xác định được 22 trường hợp, trong đó quận Long Biên có 5 gồm: 1 lái xe của đoàn tiếp viên và 4 tiếp viên.

Còn về máy bay VN54, chuyến bay này  có 221 người, trong đó có 195 khách và 16 phi hành đoàn và đã đi nhiều nơi.

Trong số khách nối chuyến, đã có 7 người bay vào TP.Hồ Chí Minh, 3 người bay vào Đà Nẵng, 1 người bay đi Huế. Nối chuyến nước ngoài có 6 khách đi Nhật, 1 khách đi Lào. Hiện còn 177 khách có thể còn ở Hà Nội, chưa tính khách xuống sân bay đi đường bộ xuống các địa phương khác.",1584082137.0,28,6,2,0
782,2544831554344403968,"TIN CHÍNH THỨC: HỌC SINH THÀNH PHỐ TIẾP TỤC NGHỈ. #SHARE VÀ #TAG BẠN BÈ NHÉ! --- TP.HCM vừa quyết định cho học sinh từ mầm non đến THCS kéo dài thời gian tạm nghỉ học do dịch Covid-19 đến hết ngày 15.3; riêng bậc THPT, khối 10, 11 nghỉ đến 15.3, khối 12 nghỉ đến 8.3.",1582954990.0,7500,1200,3700,0
783,1543548005049796096,"# **XIN HÃY CHIA SẺ VÀ LAN TỎA NHỮNG HÌNH ẢNH ĐẸP VÀ NHỮNG VIỆC LÀM THIẾT THỰC Ý NGHĨ CỦA NHỮNG NGƯỜI CÁN BỘ CHIẾN SĨ CÔNG AN NHÂN DÂN TRÊN MỌI MIỀN TỔ QUỐC ĐÃ NHƯỜNG CƠM SẺ ÁO CHUNG TAY GÓP SỨC CHIA SẺ GIÚP ĐỠ NHÂN DÂN VƯỢT QUA GIAI ĐOẠN KHÓ KHĂN. XIN ĐƯƠC NÓI LỜI BIẾT ƠN VÀ NGƯỠNG MỘ CÁC ANH CÁC CHỊ. **
# **Ý nghĩa chương trình cây “ATM gạo” đầu tiên tại Quảng Nam**
# Chiều 20/4, cây “ATM gạo” đầu tiên trên địa bàn tỉnh Quảng Nam đặt tại số 2-Phan Đăng Lưu, TP Tam Kỳ đã chính thức đi vào hoạt động và đã cấp phát hơn 600 phần quà, mỗi phần quà gồm 3kg gạo, một số gói mì tôm, chai nước mắm cho người dân nghèo trên địa bàn thành phố và vùng lân cận.
# Dự kiến chương trình cây “ATM gạo” này sẽ kéo dài trong 1 tháng, hoạt động buổi sáng từ 8h-10h30, buổi chiều từ 13h30 đến 16h hằng ngày để cấp phát gạo miễn phí cho người dân nghèo.
# Hoạt động ý nghĩa này do Câu lạc bộ Hội từ thiện người Quảng Nam phối hợp với Đoàn Thanh niên Công an tỉnh Quảng Nam tổ chức nhằm chia sẻ khó khăn với các hộ nghèo trong mùa dịch COVID-19.
# Ngoài việc cử đoàn viên thanh niên hỗ trợ việc lắp đặt, giữ gìn an ninh trật tự và hướng dẫn bà con xếp hàng để nhận gạo, mì tôm, nước nắm, phát khẩu trang miễn phí cho người dân quên mang theo khẩu trang khi đến cây “ATM gạo”, Chi đoàn Phòng Cảnh sát Điều tra tội phạm về tham nhũng, kinh tế, buôn lậu thuộc Đoàn Thanh niên Công an tỉnh Quảng Nam đã hỗ trợ chương trình cây “ATM gạo” 1 tấn gạo, trị giá khoảng 12 triệu đồng.

",1587384297.0,,1,,0
784,-6167405391948957696,TAND Cấp cao tại TP HCM đã kháng nghị Giám đốc thẩm vụ án liên quan đến ông Phước. Hủy các bản án sơ và phúc thẩm của tòa án nhân dân tỉnh Bình Phước để điều tra lại.,1591367541.0,49,3,10,0
785,-5442366720221574144,"Việc đốt rơm rạ vừa gây ô nhiễm môi trường, ảnh hưởng đến sức khỏe, cuộc sống của người dân, gây lãng phí nguồn tài nguyên, mà còn làm thoái hóa đất canh tác. Do vậy, Việc đốt rơm, rạ trực tiếp ngay trên đồng ruộng gây bất lợi cho đồng ruộng lớn hơn nhiều lần so với việc làm phân bón như ta tưởng.
",1591868103.0,7,2,,0
786,1640000666715729920,"Xứ Thanh kỳ ghê...

“Cục trưởng Cục Thi hành án dân sự tỉnh Thanh Hoá Bùi Mạnh Khoa đã có văn bản báo cáo khẩn cấp về việc ông Đặng Phạm Viên - Chi cục trưởng Chi cục Thi hành án dân sự TP Thanh Hoá đã tử vong bất thường...”",1587392431.0,6,1,,0
787,-9092217987598664704,"Quảng Nam gia hạn thời gian thanh tra về vụ mua hệ thống xét nghiệm Real-time PCR tự động giá 7,23 tỷ đồng.
(https://nhadautu.vn/quang-nam-gia-han-thanh-tra-vu-mua-he-thong-xet-nghiem-covid-19-d37611.html)",1589970014.0,4,3,,0
788,3380755255845678080,"Hướng về Hà Nội ❤

Sáng nay 7-3, Ban Chỉ đạo công tác phòng, chống dịch bệnh viêm đường hô hấp cấp do chủng mới của vi rút corona (Covid-19) thành phố Hà Nội đã họp.

Tại cuộc họp, Giám đốc Sở Y tế Nguyễn Khắc Hiền cho biết, Sở Y tế đã lấy 27/33 mẫu xét nghiệm của những người tiếp xúc gần với bệnh nhân và đã có kết quả như sau: 25 trường hợp âm tính và 2 trường hợp nghi ngờ là lái xe D.Đ.P (27 tuổi, tại113 Trúc Bạch – Ba Đình) và bác gái bệnh nhân là L.T.H (64 tuổi, tại địa chỉ 125 Trúc Bạch – Ba Đình)

Hiện, Sở Y tế đang tiến hành lấy mẫu xét nghiệm các trường hợp còn lại và phối hợp với sân bay Nội Bài thu thập thông tin của 217 trường hợp hành khách và phi hành đoàn đi cùng chuyến bay VN 0054 với bệnh nhân.

Sở Y tế tiếp tục đề xuất các biện pháp: Rà soát lại toàn bộ hành khách và phi hành đoàn trên cùng chuyến bay về Việt Nam với bệnh nhân; rà soát những người từng tiếp xúc với bệnh nhân và những người tiếp xúc với người tiếp xúc với bệnh nhân để cách ly; tiếp tục tuyên truyền, công khai thông tin đầy đủ để người dân biết và chủ động đến cơ sở y tế khi có biểu hiện bệnh và tự cách ly khi có nguy cơ, đồng thời không hoang mang về dịch bệnh.

Tại cuộc họp, Bí thư Thành ủy Vương Đình Huệ cho rằng, hiện nay, người dân vào siêu thị rất đông, sẽ có nguy cơ lây nhiễm lớn. “Chúng ta không nên lo lắng, hoảng loạn quá mức, mà cần phải có hành động thực tế, tự bảo vệ bản thân và gia đình để không bị lây nhiễm tại những nơi đông người như siêu thị. Hiện nay, các hệ thống siêu thị như Big C có đủ nguồn hàng, bảo đảm cung cấp đầy đủ nhu yếu phẩm cho người dân nên người dân không cần tích trữ”, Bí thư Thành ủy Vương Đình Huệ nhấn mạnh.",1583553093.0,30,4,6,0
789,1543548005049796096,"# **Bảo đảm công khai, minh bạch trong hỗ trợ người dân vượt khó khăn**
# Thứ Ba, 14/04/2020,  Trao đổi với Bộ trưởng Lao động, Thương binh và Xã hội Đào Ngọc Dung ngày 14-4 về việc Mặt trận các cấp tham gia giám sát việc phân bổ gói hỗ trợ an sinh xã hội 62.000 tỷ đồng của Chính phủ nhằm hỗ trợ người dân gặp khó khăn do đại dịch Covid-19, đồng chí Trần Thanh Mẫn, Bí thư Trung ương Đảng, Chủ tịch UBTƯ MTTQ Việt Nam cho rằng việc phân bổ hỗ trợ cần được công khai, minh bạch, hạn chế tối đa việc trục lợi trong thực hiện chính sách.

",1586931151.0,5,3,,0
790,-6502184720892779520,"Bắt thanh niên sát hại thiếu nữ 16 tuổi trong nhà trọ ở Đồng Nai để trộm tài sản
Tối 14/4, Phòng Cảnh sát hình sự (PC02) Công an tỉnh Đồng Nai cho biết, vừa phối hợp với Công an tỉnh Đắk Lắk bắt giữ Đậu Đức Mười (SN: 1989, quê Nghệ An) để điều tra về hành vi “Giết người”.
Mười được xác định là kẻ sát hại thiếu nữ Phạm Thị Bình M. (16 tuổi, quê Thừa Thiên Huế, tạm trú tại phường Long Bình, TP Biên Hòa) vào rạng sáng 9/4.
Bước đầu, Mười khai nhận đã sát hại M. để trộm tài sản. Sau khi sát hại nạn nhân, Mười trốn lên Đắk Lắk cho đến khi bị bắt giữ.
Trước đó, rạng sáng 9/4, người dân tại dãy nhà trọ thuộc Tổ 17, Khu phố 8A, phường Long Bình nghe tiếng la hét ""trộm, trộm"".
Người dân chạy đến kiểm tra thì phát hiện thiếu nữ tên M. bị nhiều vết thương trên người, kẻ trộm biến mất.
Nạn nhân được đưa vào bệnh viện để cấp cứu nhưng nạn nhân t.ử v.ong do vết thương quá nặng.",1586874077.0,1,0,,0
791,8257425537817437184,"Khác với V.League 2020, Liên đoàn bóng đá Thái (FAT) đã đưa ra 4 phương án để 16 CLB bàn bạc và chọn ra phương án khả thi nhất.",1587083028.0,2,0,,0
792,-5659798132886739968,"Sau khi lấy mẫu nước phân tích, Sở TN-MT Bình Dương xác định Nhà máy Lix Bình Dương thuộc Công ty CP bột giặt Lix để nguyên liệu sản xuất ngoài trời, khi mưa xuống bị nước cuốn trôi gây ô nhiễm suối, kênh thoát nước với hàm lượng COD vượt qui chuẩn 121 lần.",1586910557.0,25,3,8,0
793,-4653046432415538176,"Liên quan đến vụ lợi dụng thời điểm CSGT trên cả nước tổng kiểm tra phương tiện giao thông, một số đối tượng đã chào mời các gói thi ""chống trượt"" bằng lái xe với giá từ 1,2 - 1,5 triệu đồng với cam kết ""bao đậu"" 100%, không cần học, chỉ cần có mặt thi là đỗ, lãnh đạo Tổng cục Đường bộ cho biết sẽ xử lý nghiêm những trường hợp này.

[https://laodong.vn/xa-hoi/goi-thi-chong-truot-bang-lai-xe-tong-cuc-duong-bo-vao-cuoc-808225.ldo](https://laodong.vn/xa-hoi/goi-thi-chong-truot-bang-lai-xe-tong-cuc-duong-bo-vao-cuoc-808225.ldo)",1590571912.0,12,2,,0
794,7132687466266536960,"UBND TP Hà Nội giao Sở Kế hoạch Đầu tư khẩn trương tham mưu giúp UBND TP dự thảo văn bản báo cáo Thủ tướng về việc ủy quyền cho Hà Nội phê duyệt chủ trương đầu tư Dự án Khu trung tâm Hội chợ triển lãm quốc gia tại Đông Anh.

Trước đó, cuối tháng 3/2020, Thủ tướng Chính phủ có Quyết định 702/QĐ-TTg về phê duyệt điều chỉnh cục bộ quy hoạch chung xây dựng Thủ đô Hà Nội đến năm 2030 và tầm nhìn đến năm 2050 (Khu vực trung tâm Hội chợ triển lãm quốc gia tại huyện Đông Anh).

Tại quyết định này, Thủ tướng điều chỉnh quy hoạch xây dựng khu vực trung tâm Hội chợ triển lãm quốc gia với tổng diện tích 387,21 ha.

https://www.baogiaothong.vn/ha-noi-muon-duoc-uy-quyen-duyet-chu-truong-du-an-khung-d468926.html?preview=1&657356002",1592226604.0,3,0,,0
795,2490795936720330752,"Định cư gần 60 năm, trong đó 20 năm bị ""treo"" và không được xây nhà mới,
 người dân kiến nghị sớm điều chỉnh quy hoạch khu đô thị An Phú - An Khánh,
 Q.2 (TP.HCM) để họ có cơ hội xây nhà ở ổn định trên đất của mình.
https://m.thanhnien.vn/thoi-su/tphcm-bi-treo-20-nam-nguoi-dan-muon-tai-dinh-cu-tai-cho-1142408.html",1587536506.0,,0,,0
796,1846872478075934976,"Loạn não quá

Theo báo điện tử Giao thông, phóng viên tìm đến nhà Nguyễn Mi Sol, người được nêu tên trong vụ án Hồ Duy Hải thì mẹ Nguyễn Mi Sol cho biết là Sol có họ Thạch chứ không phải họ Nguyễn. Tức phải là Thạch Mi Sol.

Khi PV đặt câu hỏi về vấn đề họ của anh Sol thì người phụ nữ từ chối trả lời.

Trước nghi vấn về họ của Mi Sol, PV Báo Giao thông một lần nữa liên hệ Công an xã Hựu Thành, nơi đây khẳng định anh Mi Sol họ Nguyễn.

“Chúng tôi đã kiểm tra, Mi Sol họ Nguyễn, dân tộc kinh, trong gia đình cũng không ai họ Thạch cả”, Trung tá Hồ Tấn Vân, Trưởng Công an xã Hựu Thành nói.

https://www.baogiaothong.vn/me-nguyen-mi-sol-con-toi-khong-lien-quan-vu-an-buu-dien-cau-voi-d465937.html",1589971521.0,43,24,3,0
797,-4723502351165939712,https://m.baophapluat.vn/ban-doc/vu-an-tranh-chap-tai-san-sau-ly-hon-o-thanh-ba-kien-nghi-giam-dinh-chu-ky-theo-thu-tuc-dac-biet-524463.html,1592534180.0,3,0,,0
798,7717037201428829184,"Cục Bảo vệ thực vật cho rằng, đề xuất tạm thời ủy quyền cho các tổ chức giám định độc lập tham gia giám sát xuất khẩu vải thiều sang Nhật Bản của Bộ Công Thương không phù hợp với thông lệ quốc tế.

[https://dantri.com.vn/xa-hoi/bo-cong-thuong-de-xuat-giam-dinh-vai-thieu-khong-phu-hop-thong-le-quoc-te-20200603204026362.htm](https://dantri.com.vn/xa-hoi/bo-cong-thuong-de-xuat-giam-dinh-vai-thieu-khong-phu-hop-thong-le-quoc-te-20200603204026362.htm)",1591227477.0,13,2,,0
799,-8318346087637567488,"Không rõ 2 xe đi với tốc độ bao nhiêu để xảy ra va chạm khiến xe con nát bươm thế này!
Nghe nói 2 xe biển xanh của lực lượng Công an Lào Cai!
Chưa thấy thông tin nói về kết quả kiểm tra nồng độ cồn nhỉ, cccm?
[https://dantri.com.vn/xa-hoi/hai-o-to-bien-xanh-va-cham-kinh-hoang-xe-con-bi-vo-nat-20200616091158477.htm](https://dantri.com.vn/xa-hoi/hai-o-to-bien-xanh-va-cham-kinh-hoang-xe-con-bi-vo-nat-20200616091158477.htm)",1592277768.0,9,0,1,0
